Student ID,Course,Grade
1.0,Math,F
1.0,Science,C
1.0,History,A
1.0,English,F
1.0,Physical Education,C
2.0,Math,F
2.0,Science,A
2.0,History,B
2.0,English,C
2.0,Physical Education,A
3.0,Math,F
3.0,Science,A
3.0,History,A
3.0,English,A
3.0,Physical Education,C
4.0,Math,D
4.0,Science,B
4.0,History,F
4.0,English,D
4.0,Physical Education,B
5.0,Math,C
5.0,Science,C
5.0,History,C
5.0,English,A
5.0,Physical Education,C
6.0,Math,A
6.0,Science,C
6.0,History,C
6.0,English,C
6.0,Physical Education,F
7.0,Math,D
7.0,Science,F
7.0,History,A
7.0,English,D
7.0,Physical Education,B
8.0,Math,F
8.0,Science,F
8.0,History,A
8.0,English,C
8.0,Physical Education,B
9.0,Math,A
9.0,Science,C
9.0,History,D
9.0,English,F
9.0,Physical Education,B
10.0,Math,F
10.0,Science,A
10.0,History,B
10.0,English,F
10.0,Physical Education,F
11.0,Math,C
11.0,Science,C
11.0,History,B
11.0,English,B
11.0,Physical Education,D
12.0,Math,F
12.0,Science,B
12.0,History,A
12.0,English,D
12.0,Physical Education,B
13.0,Math,A
13.0,Science,B
13.0,History,C
13.0,English,A
13.0,Physical Education,C
14.0,Math,C
14.0,Science,A
14.0,History,A
14.0,English,A
14.0,Physical Education,F
15.0,Math,B
15.0,Science,C
15.0,History,A
15.0,English,F
15.0,Physical Education,B
16.0,Math,D
16.0,Science,C
16.0,History,A
16.0,English,B
16.0,Physical Education,A
17.0,Math,F
17.0,Science,C
17.0,History,F
17.0,English,A
17.0,Physical Education,C
18.0,Math,C
18.0,Science,D
18.0,History,B
18.0,English,D
18.0,Physical Education,F
19.0,Math,B
19.0,Science,D
19.0,History,D
19.0,English,C
19.0,Physical Education,A
20.0,Math,D
20.0,Science,F
20.0,History,D
20.0,English,A
20.0,Physical Education,F
21.0,Math,A
21.0,Science,A
21.0,History,A
21.0,English,A
21.0,Physical Education,F
22.0,Math,A
22.0,Science,C
22.0,History,F
22.0,English,F
22.0,Physical Education,D
23.0,Math,C
23.0,Science,F
23.0,History,B
23.0,English,C
23.0,Physical Education,D
24.0,Math,A
24.0,Science,F
24.0,History,D
24.0,English,A
24.0,Physical Education,A
25.0,Math,F
25.0,Science,B
25.0,History,A
25.0,English,C
25.0,Physical Education,F
26.0,Math,A
26.0,Science,A
26.0,History,B
26.0,English,A
26.0,Physical Education,A
27.0,Math,A
27.0,Science,A
27.0,History,D
27.0,English,F
27.0,Physical Education,C
28.0,Math,A
28.0,Science,A
28.0,History,D
28.0,English,B
28.0,Physical Education,F
29.0,Math,A
29.0,Science,B
29.0,History,A
29.0,English,C
29.0,Physical Education,C
30.0,Math,A
30.0,Science,D
30.0,History,C
30.0,English,B
30.0,Physical Education,F
31.0,Math,A
31.0,Science,F
31.0,History,B
31.0,English,F
31.0,Physical Education,D
32.0,Math,A
32.0,Science,D
32.0,History,D
32.0,English,F
32.0,Physical Education,C
33.0,Math,D
33.0,Science,A
33.0,History,F
33.0,English,D
33.0,Physical Education,C
34.0,Math,D
34.0,Science,B
34.0,History,C
34.0,English,D
34.0,Physical Education,C
35.0,Math,F
35.0,Science,D
35.0,History,C
35.0,English,D
35.0,Physical Education,F
36.0,Math,D
36.0,Science,F
36.0,History,D
36.0,English,A
36.0,Physical Education,C
37.0,Math,F
37.0,Science,A
37.0,History,A
37.0,English,A
37.0,Physical Education,B
38.0,Math,D
38.0,Science,D
38.0,History,D
38.0,English,C
38.0,,B
39.0,Math,B
39.0,Science,D
39.0,History,A
39.0,English,C
39.0,Physical Education,A
40.0,Math,B
40.0,Science,B
40.0,History,F
40.0,English,B
40.0,Physical Education,D
41.0,Math,D
41.0,Science,B
41.0,History,C
41.0,English,A
41.0,Physical Education,C
42.0,Math,D
42.0,Science,C
42.0,History,B
42.0,English,C
42.0,Physical Education,F
43.0,Math,F
43.0,Science,A
43.0,History,D
43.0,English,A
43.0,Physical Education,C
44.0,Math,D
44.0,Science,A
44.0,History,D
44.0,English,C
44.0,Physical Education,D
45.0,Math,F
45.0,Science,F
45.0,History,F
45.0,English,D
45.0,Physical Education,C
46.0,Math,D
46.0,Science,B
46.0,History,C
46.0,English,C
46.0,Physical Education,F
47.0,Math,B
47.0,Science,D
47.0,History,B
47.0,English,C
47.0,Physical Education,F
48.0,Math,C
48.0,Science,B
48.0,History,B
48.0,English,B
48.0,Physical Education,B
49.0,Math,D
49.0,Science,C
49.0,History,D
49.0,English,B
49.0,Physical Education,A
50.0,Math,F
50.0,Science,C
50.0,History,B
50.0,English,D
50.0,Physical Education,F
51.0,Math,F
51.0,Science,A
51.0,History,A
51.0,English,C
51.0,Physical Education,C
52.0,Math,C
52.0,Science,C
52.0,History,D
52.0,English,F
52.0,Physical Education,A
53.0,Math,D
53.0,Science,D
53.0,History,F
53.0,English,A
53.0,Physical Education,D
54.0,Math,A
54.0,Science,F
54.0,History,F
54.0,English,A
54.0,Physical Education,A
55.0,Math,B
55.0,Science,A
55.0,History,D
55.0,English,A
55.0,Physical Education,B
56.0,Math,D
56.0,Science,A
56.0,History,F
56.0,English,D
56.0,Physical Education,B
57.0,Math,C
57.0,Science,F
57.0,History,A
57.0,English,B
57.0,Physical Education,B
58.0,Math,D
58.0,Science,B
58.0,History,F
58.0,English,F
58.0,Physical Education,C
59.0,Math,A
59.0,Science,A
59.0,History,D
59.0,English,F
59.0,Physical Education,A
60.0,Math,F
60.0,Science,C
60.0,History,B
60.0,English,D
60.0,Physical Education,D
61.0,Math,C
61.0,Science,D
61.0,History,D
61.0,English,C
61.0,Physical Education,B
62.0,Math,A
62.0,Science,F
62.0,History,C
62.0,English,D
62.0,Physical Education,F
63.0,Math,D
63.0,Science,D
63.0,History,C
63.0,English,B
63.0,Physical Education,A
64.0,Math,F
64.0,Science,D
64.0,History,B
64.0,English,D
64.0,Physical Education,F
65.0,Math,F
65.0,Science,C
65.0,History,A
65.0,English,D
65.0,Physical Education,D
66.0,Math,A
66.0,Science,C
66.0,History,F
66.0,English,C
66.0,Physical Education,D
67.0,Math,F
67.0,Science,B
67.0,History,A
67.0,English,B
67.0,Physical Education,D
68.0,Math,C
68.0,Science,A
68.0,History,F
68.0,English,A
68.0,Physical Education,C
69.0,Math,D
69.0,Science,F
69.0,History,C
69.0,English,B
69.0,Physical Education,A
70.0,Math,A
70.0,Science,C
70.0,History,C
70.0,English,B
70.0,Physical Education,A
71.0,Math,B
71.0,Science,D
71.0,History,F
71.0,English,B
71.0,Physical Education,F
72.0,Math,C
72.0,Science,A
72.0,History,B
72.0,English,F
72.0,Physical Education,D
73.0,Math,B
73.0,Science,C
73.0,History,A
73.0,English,C
73.0,Physical Education,F
74.0,Math,C
74.0,Science,F
74.0,History,C
74.0,English,C
74.0,Physical Education,D
75.0,Math,C
75.0,Science,B
75.0,History,D
75.0,English,D
75.0,Physical Education,C
76.0,Math,A
76.0,Science,A
76.0,History,D
76.0,English,A
76.0,Physical Education,F
77.0,Math,D
77.0,Science,D
77.0,History,D
77.0,English,C
77.0,Physical Education,A
78.0,Math,A
78.0,Science,A
78.0,History,D
78.0,English,B
78.0,Physical Education,F
79.0,Math,C
79.0,Science,B
79.0,History,A
79.0,English,A
79.0,Physical Education,F
80.0,Math,A
80.0,Science,C
80.0,History,B
80.0,English,D
80.0,Physical Education,C
81.0,Math,B
81.0,Science,A
81.0,History,B
81.0,English,F
81.0,Physical Education,C
82.0,Math,C
82.0,Science,F
82.0,History,C
82.0,English,C
82.0,Physical Education,F
83.0,Math,F
83.0,Science,D
83.0,History,C
83.0,English,A
83.0,Physical Education,B
84.0,Math,F
84.0,Science,B
84.0,History,A
84.0,English,F
84.0,Physical Education,A
85.0,Math,B
85.0,Science,A
85.0,History,D
85.0,English,F
85.0,Physical Education,A
86.0,Math,A
86.0,Science,B
86.0,History,F
86.0,English,C
86.0,Physical Education,A
87.0,Math,C
87.0,Science,B
87.0,History,F
87.0,English,D
87.0,Physical Education,D
88.0,Math,D
88.0,Science,A
88.0,History,D
88.0,English,C
88.0,Physical Education,B
89.0,Math,B
89.0,Science,F
89.0,History,F
89.0,English,F
89.0,Physical Education,F
90.0,Math,D
90.0,Science,B
90.0,History,D
90.0,English,D
90.0,Physical Education,A
91.0,Math,A
91.0,Science,D
91.0,History,D
91.0,English,A
91.0,Physical Education,C
92.0,Math,C
92.0,Science,A
92.0,History,B
92.0,English,A
92.0,Physical Education,D
93.0,Math,D
93.0,Science,A
93.0,History,B
93.0,English,B
93.0,Physical Education,D
94.0,Math,C
94.0,Science,F
94.0,History,B
94.0,English,F
94.0,Physical Education,D
95.0,Math,A
95.0,Science,D
95.0,History,B
95.0,English,F
95.0,Physical Education,D
96.0,Math,F
96.0,Science,F
96.0,History,B
96.0,English,F
96.0,Physical Education,A
97.0,Math,F
97.0,Science,F
97.0,History,C
97.0,English,B
97.0,Physical Education,D
98.0,Math,F
98.0,Science,F
98.0,History,C
98.0,English,A
98.0,Physical Education,D
99.0,Math,C
99.0,Science,A
99.0,History,C
99.0,English,F
99.0,Physical Education,F
100.0,Math,D
100.0,Science,C
100.0,History,B
100.0,English,A
100.0,Physical Education,C
101.0,Math,F
101.0,Science,C
101.0,History,B
101.0,English,C
101.0,Physical Education,F
102.0,Math,B
102.0,Science,F
102.0,History,B
102.0,English,C
102.0,Physical Education,F
103.0,Math,D
103.0,Science,C
103.0,History,F
103.0,English,D
103.0,Physical Education,D
104.0,Math,F
104.0,Science,F
104.0,History,A
104.0,English,A
104.0,Physical Education,D
105.0,Math,C
105.0,Science,B
105.0,History,F
105.0,English,C
105.0,Physical Education,C
106.0,Math,B
106.0,Science,D
106.0,History,F
106.0,English,B
106.0,Physical Education,B
107.0,Math,D
107.0,Science,D
107.0,History,D
107.0,English,D
107.0,Physical Education,F
108.0,Math,A
108.0,Science,D
108.0,History,D
108.0,English,B
108.0,Physical Education,D
109.0,Math,F
109.0,Science,A
109.0,History,F
109.0,English,C
109.0,Physical Education,B
110.0,Math,B
110.0,Science,D
110.0,History,A
110.0,English,F
110.0,Physical Education,C
111.0,Math,A
111.0,Science,F
111.0,History,C
111.0,English,F
111.0,Physical Education,A
112.0,Math,D
112.0,Science,F
112.0,History,D
112.0,English,D
112.0,Physical Education,C
113.0,Math,C
113.0,Science,A
113.0,History,D
113.0,English,F
113.0,Physical Education,C
114.0,Math,B
114.0,Science,D
114.0,History,A
114.0,English,A
114.0,Physical Education,C
115.0,Math,C
115.0,Science,A
115.0,History,C
115.0,English,A
115.0,Physical Education,A
116.0,Math,D
116.0,Science,B
116.0,History,C
116.0,English,A
116.0,Physical Education,C
117.0,Math,B
117.0,Science,F
117.0,History,C
117.0,English,A
117.0,Physical Education,C
118.0,Math,D
118.0,Science,B
118.0,History,F
118.0,English,A
118.0,Physical Education,C
119.0,Math,B
119.0,Science,C
119.0,History,C
119.0,English,B
119.0,Physical Education,B
120.0,Math,C
120.0,Science,D
120.0,History,C
120.0,English,F
120.0,Physical Education,B
121.0,Math,A
121.0,Science,D
121.0,History,D
121.0,English,B
121.0,Physical Education,C
122.0,Math,A
122.0,Science,D
122.0,History,F
122.0,English,F
122.0,Physical Education,F
123.0,Math,B
123.0,Science,F
123.0,History,F
123.0,English,C
123.0,Physical Education,C
124.0,Math,A
124.0,Science,B
124.0,History,F
124.0,English,A
124.0,Physical Education,B
125.0,Math,D
125.0,Science,A
125.0,History,F
125.0,English,C
125.0,Physical Education,C
126.0,Math,B
126.0,Science,D
126.0,History,A
126.0,English,B
126.0,Physical Education,A
127.0,Math,F
127.0,Science,F
127.0,History,F
127.0,English,D
127.0,Physical Education,F
128.0,Math,D
128.0,Science,F
128.0,History,A
128.0,English,B
128.0,Physical Education,C
129.0,Math,C
129.0,Science,B
129.0,History,A
129.0,English,D
129.0,Physical Education,F
130.0,Math,F
130.0,Science,B
130.0,History,C
130.0,English,C
130.0,Physical Education,F
131.0,Math,C
131.0,Science,A
131.0,History,F
131.0,English,B
131.0,Physical Education,D
132.0,Math,A
132.0,Science,F
132.0,History,C
132.0,English,D
132.0,Physical Education,D
133.0,Math,B
133.0,Science,F
133.0,History,C
133.0,English,C
133.0,Physical Education,C
134.0,Math,A
134.0,Science,F
134.0,History,A
134.0,English,F
134.0,Physical Education,C
135.0,Math,C
135.0,Science,B
135.0,History,D
135.0,English,C
135.0,Physical Education,A
136.0,Math,B
136.0,Science,B
136.0,History,F
136.0,English,C
136.0,Physical Education,A
137.0,Math,A
137.0,Science,D
137.0,History,F
137.0,English,C
137.0,Physical Education,C
138.0,Math,C
138.0,Science,D
138.0,History,A
138.0,English,F
138.0,Physical Education,D
139.0,Math,D
139.0,Science,C
139.0,History,D
139.0,English,F
139.0,Physical Education,B
140.0,Math,D
140.0,Science,A
140.0,History,F
140.0,English,B
140.0,Physical Education,F
141.0,Math,F
141.0,Science,C
141.0,History,C
141.0,English,F
141.0,Physical Education,D
142.0,Math,B
142.0,Science,C
142.0,History,C
142.0,English,A
142.0,Physical Education,B
143.0,Math,B
143.0,Science,B
143.0,History,D
143.0,English,B
143.0,Physical Education,C
144.0,Math,A
144.0,Science,A
144.0,History,D
144.0,English,B
144.0,Physical Education,B
145.0,Math,A
145.0,Science,A
145.0,History,C
145.0,English,A
145.0,Physical Education,C
146.0,Math,A
146.0,Science,F
146.0,History,A
146.0,English,B
146.0,Physical Education,A
147.0,Math,B
147.0,Science,D
147.0,History,A
147.0,English,C
147.0,Physical Education,B
148.0,Math,B
148.0,Science,D
148.0,History,F
148.0,English,B
148.0,Physical Education,F
149.0,Math,B
149.0,Science,D
149.0,History,A
149.0,English,C
149.0,Physical Education,B
150.0,Math,B
150.0,Science,C
150.0,History,C
150.0,English,D
150.0,Physical Education,A
151.0,Math,F
151.0,Science,A
151.0,History,C
151.0,English,F
151.0,Physical Education,A
152.0,Math,F
152.0,Science,F
152.0,History,A
152.0,English,D
152.0,Physical Education,F
153.0,Math,F
153.0,Science,B
153.0,History,F
153.0,English,B
153.0,Physical Education,B
154.0,Math,A
154.0,Science,C
154.0,History,A
154.0,English,A
154.0,,D
155.0,Math,D
155.0,Science,B
155.0,History,B
155.0,English,D
155.0,Physical Education,F
156.0,Math,B
156.0,Science,B
156.0,History,A
156.0,English,B
156.0,Physical Education,D
157.0,Math,B
157.0,Science,B
157.0,History,C
157.0,English,B
157.0,Physical Education,C
158.0,Math,A
158.0,Science,F
158.0,History,D
158.0,English,A
158.0,Physical Education,B
159.0,Math,C
159.0,Science,B
159.0,History,D
159.0,English,D
159.0,Physical Education,F
160.0,Math,D
160.0,Science,F
160.0,History,B
160.0,English,D
160.0,Physical Education,B
161.0,Math,A
161.0,Science,A
161.0,History,A
161.0,English,B
161.0,Physical Education,C
162.0,Math,B
162.0,Science,A
162.0,History,F
162.0,English,C
162.0,Physical Education,D
163.0,Math,F
163.0,Science,C
163.0,History,B
163.0,English,D
163.0,Physical Education,B
164.0,Math,C
164.0,Science,B
164.0,History,A
164.0,English,D
164.0,Physical Education,A
165.0,Math,F
165.0,Science,F
165.0,History,F
165.0,English,B
165.0,Physical Education,F
166.0,Math,B
166.0,Science,F
166.0,History,F
166.0,English,B
166.0,Physical Education,D
167.0,Math,D
167.0,Science,F
167.0,History,C
167.0,English,C
167.0,Physical Education,D
168.0,Math,B
168.0,Science,A
168.0,History,F
168.0,English,D
168.0,Physical Education,D
169.0,Math,B
169.0,Science,D
169.0,History,C
169.0,English,F
169.0,Physical Education,D
170.0,Math,D
170.0,Science,B
170.0,History,A
170.0,English,F
170.0,Physical Education,C
171.0,Math,F
171.0,Science,F
171.0,History,C
171.0,English,B
171.0,Physical Education,B
172.0,Math,C
172.0,Science,A
172.0,History,C
172.0,English,D
172.0,Physical Education,A
173.0,Math,F
173.0,Science,F
173.0,History,A
173.0,English,C
173.0,Physical Education,C
174.0,Math,F
174.0,Science,B
174.0,History,F
174.0,English,A
174.0,Physical Education,C
175.0,Math,D
175.0,Science,F
175.0,History,D
175.0,English,D
175.0,Physical Education,D
176.0,Math,F
176.0,Science,F
176.0,History,F
176.0,English,A
176.0,Physical Education,B
177.0,Math,A
177.0,Science,B
177.0,History,C
177.0,English,C
177.0,Physical Education,F
178.0,Math,C
178.0,Science,D
178.0,History,C
178.0,English,F
178.0,Physical Education,A
179.0,Math,A
179.0,Science,F
179.0,History,F
179.0,English,B
179.0,Physical Education,F
180.0,Math,B
180.0,Science,B
180.0,History,C
180.0,English,B
180.0,Physical Education,F
181.0,Math,A
181.0,Science,F
181.0,History,B
181.0,English,F
181.0,Physical Education,A
182.0,Math,B
182.0,Science,D
182.0,History,B
182.0,English,A
182.0,Physical Education,D
183.0,Math,F
183.0,Science,F
183.0,History,C
183.0,English,A
183.0,Physical Education,B
184.0,Math,C
184.0,Science,B
184.0,History,C
184.0,English,A
184.0,Physical Education,C
185.0,Math,F
185.0,Science,F
185.0,History,B
185.0,English,B
185.0,Physical Education,A
186.0,Math,B
186.0,Science,C
186.0,History,F
186.0,English,B
186.0,Physical Education,F
187.0,Math,D
187.0,Science,C
187.0,History,A
187.0,English,A
187.0,Physical Education,C
188.0,Math,B
188.0,Science,F
188.0,History,F
188.0,English,A
188.0,Physical Education,D
189.0,Math,F
189.0,Science,C
189.0,History,A
189.0,English,A
189.0,Physical Education,F
190.0,Math,A
190.0,Science,A
190.0,History,A
190.0,English,A
190.0,Physical Education,B
191.0,Math,F
191.0,Science,D
191.0,History,B
191.0,English,C
191.0,Physical Education,D
192.0,Math,D
192.0,Science,B
192.0,History,F
192.0,English,A
192.0,Physical Education,D
193.0,Math,F
193.0,Science,C
193.0,History,D
193.0,English,F
193.0,Physical Education,A
194.0,Math,D
194.0,Science,A
194.0,History,C
194.0,English,C
194.0,Physical Education,F
195.0,Math,F
195.0,Science,A
195.0,History,B
195.0,English,B
195.0,Physical Education,A
196.0,Math,B
196.0,Science,A
196.0,History,C
196.0,English,C
196.0,Physical Education,D
197.0,Math,C
197.0,Science,A
197.0,History,C
197.0,English,A
197.0,Physical Education,A
198.0,Math,C
198.0,Science,F
198.0,History,F
198.0,English,B
198.0,Physical Education,F
199.0,Math,A
199.0,Science,D
199.0,History,F
199.0,English,D
199.0,Physical Education,A
200.0,Math,C
200.0,Science,B
200.0,History,F
200.0,English,B
200.0,Physical Education,F
201.0,Math,D
201.0,Science,A
201.0,History,F
201.0,English,F
201.0,Physical Education,A
202.0,Math,D
202.0,Science,F
202.0,History,A
202.0,English,F
202.0,Physical Education,B
203.0,Math,C
203.0,Science,F
203.0,History,F
203.0,English,D
203.0,Physical Education,B
204.0,Math,D
204.0,Science,A
204.0,History,F
204.0,English,F
204.0,Physical Education,F
205.0,Math,A
205.0,Science,F
205.0,History,D
205.0,English,A
205.0,Physical Education,F
206.0,Math,A
206.0,Science,A
206.0,History,F
206.0,English,A
206.0,Physical Education,D
207.0,Math,D
207.0,Science,F
207.0,History,B
207.0,English,A
207.0,Physical Education,D
208.0,Math,A
208.0,Science,F
208.0,History,C
208.0,English,F
208.0,Physical Education,C
209.0,Math,A
209.0,Science,D
209.0,History,F
209.0,English,C
209.0,Physical Education,D
210.0,Math,A
210.0,Science,F
210.0,History,D
210.0,English,D
210.0,Physical Education,F
211.0,Math,A
211.0,Science,A
211.0,History,D
211.0,English,F
211.0,Physical Education,A
212.0,Math,B
212.0,Science,F
212.0,History,F
212.0,English,B
212.0,Physical Education,A
213.0,Math,C
213.0,Science,A
213.0,History,C
213.0,English,F
213.0,Physical Education,F
214.0,Math,D
214.0,Science,F
214.0,History,A
214.0,English,D
214.0,Physical Education,F
215.0,Math,F
215.0,Science,D
215.0,History,F
215.0,English,B
215.0,Physical Education,D
216.0,Math,F
216.0,Science,F
216.0,History,A
216.0,English,A
216.0,Physical Education,C
217.0,Math,C
217.0,Science,B
217.0,History,F
217.0,English,A
217.0,Physical Education,B
218.0,Math,B
218.0,Science,D
218.0,History,C
218.0,English,D
218.0,Physical Education,D
219.0,Math,F
219.0,Science,A
219.0,History,F
219.0,English,A
219.0,Physical Education,B
220.0,Math,A
220.0,Science,F
220.0,History,D
220.0,English,F
220.0,Physical Education,F
221.0,Math,A
221.0,Science,B
221.0,History,A
221.0,English,B
221.0,Physical Education,B
222.0,Math,A
222.0,Science,C
222.0,History,A
222.0,English,F
222.0,Physical Education,C
223.0,Math,F
223.0,Science,A
223.0,History,A
223.0,English,D
223.0,Physical Education,D
224.0,Math,D
224.0,Science,D
224.0,History,D
224.0,English,B
224.0,Physical Education,A
225.0,Math,C
225.0,Science,B
225.0,History,D
225.0,English,A
225.0,Physical Education,A
226.0,Math,B
226.0,Science,F
226.0,History,D
226.0,English,D
226.0,Physical Education,B
227.0,Math,C
227.0,Science,C
227.0,History,A
227.0,English,B
227.0,Physical Education,D
228.0,Math,A
228.0,Science,C
228.0,History,A
228.0,English,C
228.0,Physical Education,C
229.0,Math,B
229.0,Science,A
229.0,History,F
229.0,English,F
229.0,Physical Education,D
230.0,Math,A
230.0,Science,C
230.0,History,F
230.0,English,C
230.0,Physical Education,C
231.0,Math,C
231.0,Science,C
231.0,History,F
231.0,English,C
231.0,Physical Education,F
232.0,Math,C
232.0,Science,B
232.0,History,D
232.0,English,F
232.0,Physical Education,B
233.0,Math,A
233.0,Science,C
233.0,History,D
233.0,English,F
233.0,Physical Education,F
234.0,Math,C
234.0,Science,B
234.0,History,C
234.0,English,D
234.0,Physical Education,F
235.0,Math,F
235.0,Science,A
235.0,History,B
235.0,English,C
235.0,Physical Education,B
236.0,Math,D
236.0,Science,C
236.0,History,A
236.0,English,F
236.0,Physical Education,B
237.0,Math,B
237.0,Science,D
237.0,History,A
237.0,English,C
237.0,Physical Education,D
238.0,Math,C
238.0,Science,A
238.0,History,C
238.0,English,C
238.0,Physical Education,D
239.0,Math,D
239.0,Science,C
239.0,History,D
239.0,English,A
239.0,Physical Education,A
240.0,Math,C
240.0,Science,C
240.0,History,D
240.0,English,B
240.0,Physical Education,A
241.0,Math,C
241.0,Science,F
241.0,History,A
241.0,English,F
241.0,Physical Education,F
242.0,Math,D
242.0,Science,D
242.0,History,D
242.0,English,F
242.0,Physical Education,D
243.0,Math,F
243.0,Science,C
243.0,History,B
243.0,English,F
243.0,Physical Education,B
244.0,Math,D
244.0,Science,F
244.0,History,A
244.0,English,C
244.0,Physical Education,D
245.0,Math,D
245.0,Science,B
245.0,History,D
245.0,English,A
245.0,Physical Education,B
246.0,Math,C
246.0,Science,F
246.0,History,D
246.0,English,F
246.0,Physical Education,C
247.0,Math,B
247.0,Science,C
247.0,History,A
247.0,English,B
247.0,Physical Education,F
248.0,Math,B
248.0,Science,C
248.0,History,D
248.0,English,F
248.0,Physical Education,A
249.0,Math,B
249.0,Science,F
249.0,History,B
249.0,English,C
249.0,Physical Education,A
250.0,Math,B
250.0,Science,D
250.0,History,C
250.0,English,A
250.0,Physical Education,A
251.0,Math,D
251.0,Science,A
251.0,History,B
251.0,English,C
251.0,Physical Education,A
252.0,Math,B
252.0,Science,B
252.0,History,D
252.0,English,A
252.0,Physical Education,D
253.0,Math,A
253.0,Science,C
253.0,History,F
253.0,English,C
253.0,Physical Education,B
254.0,Math,C
254.0,Science,B
,History,F
254.0,English,A
254.0,Physical Education,D
255.0,Math,C
255.0,Science,A
255.0,History,B
255.0,English,F
255.0,Physical Education,D
256.0,Math,D
256.0,Science,C
256.0,History,C
256.0,English,F
256.0,Physical Education,B
257.0,Math,B
257.0,Science,F
257.0,History,A
257.0,English,A
257.0,Physical Education,D
258.0,Math,C
258.0,Science,D
258.0,History,B
258.0,English,D
258.0,Physical Education,C
259.0,Math,B
259.0,Science,B
259.0,History,D
259.0,English,D
259.0,Physical Education,A
260.0,Math,C
260.0,Science,D
260.0,History,B
260.0,English,A
260.0,Physical Education,D
261.0,Math,F
261.0,Science,F
261.0,History,F
261.0,English,A
261.0,Physical Education,A
262.0,Math,F
262.0,Science,C
262.0,History,B
262.0,English,A
262.0,Physical Education,A
263.0,Math,B
263.0,Science,A
263.0,History,C
263.0,English,A
263.0,Physical Education,C
264.0,Math,F
264.0,Science,B
264.0,History,B
264.0,English,D
264.0,Physical Education,C
265.0,Math,A
265.0,Science,D
265.0,History,A
265.0,English,F
265.0,Physical Education,D
266.0,Math,F
266.0,Science,F
266.0,History,F
266.0,English,D
266.0,Physical Education,C
267.0,Math,C
267.0,Science,C
267.0,History,C
267.0,English,B
267.0,Physical Education,A
268.0,Math,B
268.0,Science,A
268.0,History,C
268.0,English,D
268.0,Physical Education,D
269.0,Math,B
269.0,Science,C
269.0,History,F
269.0,English,B
269.0,Physical Education,B
270.0,Math,C
270.0,Science,C
270.0,History,D
270.0,English,F
270.0,Physical Education,D
271.0,Math,D
271.0,Science,D
271.0,History,C
271.0,English,C
271.0,Physical Education,D
272.0,Math,B
272.0,Science,B
272.0,History,B
272.0,English,C
272.0,Physical Education,C
273.0,Math,F
273.0,Science,D
273.0,History,D
273.0,English,D
273.0,Physical Education,F
274.0,Math,A
274.0,Science,C
274.0,History,F
274.0,English,B
274.0,Physical Education,B
275.0,Math,F
275.0,Science,A
275.0,History,B
275.0,English,A
275.0,Physical Education,A
276.0,Math,C
276.0,Science,B
276.0,History,C
276.0,English,A
276.0,Physical Education,F
277.0,Math,C
277.0,Science,F
277.0,History,A
277.0,English,A
277.0,Physical Education,B
278.0,Math,C
278.0,Science,D
278.0,History,F
278.0,English,B
278.0,Physical Education,F
279.0,Math,D
279.0,Science,A
279.0,History,D
279.0,English,B
279.0,Physical Education,A
280.0,Math,D
280.0,Science,D
280.0,History,F
280.0,English,F
280.0,Physical Education,F
281.0,Math,C
281.0,Science,F
281.0,History,C
281.0,English,B
281.0,Physical Education,A
282.0,Math,D
282.0,Science,F
282.0,History,F
282.0,English,D
282.0,Physical Education,F
283.0,Math,B
283.0,Science,C
283.0,History,B
283.0,English,D
283.0,Physical Education,B
284.0,Math,D
284.0,Science,C
284.0,History,D
284.0,English,A
284.0,Physical Education,D
285.0,Math,D
285.0,Science,D
285.0,History,D
285.0,English,C
285.0,Physical Education,B
286.0,Math,C
286.0,Science,F
286.0,History,D
286.0,English,A
286.0,Physical Education,B
287.0,Math,F
287.0,Science,F
287.0,History,A
287.0,English,F
287.0,Physical Education,F
288.0,Math,C
288.0,Science,F
288.0,History,C
288.0,English,B
288.0,Physical Education,C
289.0,Math,B
289.0,Science,F
289.0,History,A
289.0,English,B
289.0,Physical Education,C
290.0,Math,A
290.0,Science,F
290.0,History,B
290.0,English,A
290.0,Physical Education,A
291.0,Math,F
291.0,Science,A
291.0,History,A
291.0,English,F
291.0,Physical Education,D
292.0,Math,A
292.0,Science,A
292.0,History,F
292.0,English,F
292.0,Physical Education,C
293.0,Math,D
293.0,Science,A
293.0,History,B
293.0,English,D
293.0,Physical Education,A
294.0,Math,F
294.0,Science,C
294.0,History,A
294.0,English,C
294.0,Physical Education,A
295.0,Math,C
295.0,Science,F
295.0,History,D
295.0,English,F
295.0,Physical Education,B
296.0,Math,C
296.0,Science,F
296.0,History,A
296.0,English,B
296.0,Physical Education,C
297.0,Math,F
297.0,Science,C
297.0,History,F
297.0,English,F
297.0,Physical Education,B
298.0,Math,D
298.0,Science,D
298.0,History,B
298.0,English,D
298.0,Physical Education,F
299.0,Math,F
299.0,Science,F
299.0,History,A
299.0,English,F
299.0,Physical Education,C
300.0,Math,C
300.0,Science,D
300.0,History,C
300.0,English,D
300.0,Physical Education,B
301.0,Math,F
301.0,Science,D
301.0,History,D
301.0,English,D
301.0,Physical Education,B
302.0,Math,D
302.0,Science,F
302.0,History,C
302.0,English,F
302.0,Physical Education,D
303.0,Math,B
303.0,Science,C
303.0,History,D
303.0,English,C
303.0,Physical Education,A
304.0,Math,B
304.0,Science,F
304.0,History,C
304.0,English,A
304.0,Physical Education,D
305.0,Math,D
305.0,Science,C
305.0,History,F
305.0,English,A
305.0,Physical Education,B
306.0,Math,C
306.0,Science,C
306.0,History,D
306.0,English,D
306.0,Physical Education,B
307.0,Math,B
307.0,Science,B
307.0,History,D
307.0,English,F
307.0,Physical Education,D
308.0,Math,F
308.0,Science,D
308.0,History,A
308.0,English,C
308.0,Physical Education,A
309.0,Math,C
309.0,Science,D
309.0,History,F
309.0,English,F
309.0,Physical Education,D
310.0,Math,B
310.0,Science,A
310.0,History,D
310.0,English,A
310.0,Physical Education,F
311.0,Math,B
311.0,Science,A
311.0,History,D
311.0,English,A
311.0,Physical Education,F
312.0,Math,A
312.0,Science,F
312.0,History,B
312.0,English,C
312.0,Physical Education,A
313.0,Math,D
313.0,Science,A
313.0,History,A
313.0,English,B
313.0,Physical Education,B
314.0,Math,F
314.0,Science,D
314.0,History,C
314.0,English,C
314.0,Physical Education,F
315.0,Math,D
315.0,Science,C
315.0,History,B
315.0,English,B
315.0,Physical Education,B
316.0,Math,D
316.0,Science,F
316.0,History,A
316.0,English,A
316.0,Physical Education,A
317.0,Math,F
317.0,Science,C
317.0,History,D
317.0,English,A
317.0,Physical Education,A
318.0,Math,C
318.0,Science,F
318.0,History,B
318.0,English,B
318.0,Physical Education,D
319.0,Math,B
319.0,Science,D
319.0,History,A
319.0,English,C
319.0,Physical Education,A
320.0,Math,C
320.0,Science,F
320.0,History,B
320.0,English,F
320.0,Physical Education,F
321.0,Math,A
321.0,Science,F
321.0,History,F
321.0,English,B
321.0,Physical Education,A
322.0,Math,D
322.0,Science,D
322.0,History,A
322.0,English,A
322.0,Physical Education,C
323.0,Math,A
323.0,Science,A
323.0,History,D
323.0,English,D
323.0,Physical Education,D
324.0,Math,C
324.0,Science,A
324.0,History,F
324.0,English,C
324.0,Physical Education,D
325.0,Math,F
325.0,Science,D
325.0,History,C
325.0,English,F
325.0,Physical Education,C
326.0,Math,B
326.0,Science,D
326.0,History,C
326.0,English,C
326.0,Physical Education,C
327.0,Math,A
327.0,Science,B
327.0,History,C
327.0,English,D
327.0,Physical Education,C
328.0,Math,F
328.0,Science,B
328.0,History,B
328.0,English,A
328.0,Physical Education,C
329.0,Math,B
329.0,Science,F
329.0,History,F
329.0,English,D
329.0,Physical Education,A
330.0,Math,B
330.0,Science,B
330.0,History,B
330.0,English,D
330.0,Physical Education,A
331.0,Math,D
331.0,Science,B
331.0,History,B
331.0,English,D
331.0,Physical Education,D
332.0,Math,B
332.0,Science,F
332.0,History,F
332.0,English,D
332.0,Physical Education,D
333.0,Math,F
333.0,Science,D
333.0,History,C
333.0,English,B
333.0,Physical Education,F
334.0,Math,A
334.0,Science,F
334.0,History,D
334.0,English,F
334.0,Physical Education,C
335.0,Math,D
335.0,Science,C
335.0,History,A
335.0,English,F
335.0,Physical Education,D
336.0,Math,A
336.0,Science,C
336.0,History,B
336.0,English,A
336.0,Physical Education,C
337.0,Math,D
337.0,Science,A
337.0,History,B
337.0,English,A
337.0,Physical Education,D
,Math,F
338.0,Science,D
338.0,History,F
338.0,English,A
338.0,Physical Education,C
339.0,Math,A
339.0,Science,F
339.0,History,F
339.0,English,A
339.0,Physical Education,D
340.0,Math,B
340.0,Science,A
340.0,History,F
340.0,English,B
340.0,Physical Education,B
341.0,Math,D
341.0,Science,A
341.0,History,A
341.0,English,D
341.0,Physical Education,B
342.0,Math,F
342.0,Science,C
342.0,History,D
342.0,English,C
342.0,Physical Education,C
343.0,Math,D
343.0,Science,D
343.0,History,F
343.0,English,F
343.0,Physical Education,D
344.0,Math,C
344.0,Science,B
344.0,History,D
344.0,English,C
344.0,Physical Education,D
345.0,Math,D
345.0,Science,F
345.0,History,F
345.0,English,F
345.0,Physical Education,F
346.0,Math,C
346.0,Science,A
346.0,History,B
346.0,English,D
346.0,Physical Education,B
347.0,Math,F
347.0,Science,F
347.0,History,D
347.0,English,B
347.0,Physical Education,D
348.0,Math,A
348.0,Science,A
348.0,History,B
348.0,English,A
348.0,Physical Education,C
349.0,Math,F
349.0,Science,A
349.0,History,D
349.0,English,B
349.0,Physical Education,F
350.0,Math,A
350.0,Science,C
350.0,History,D
350.0,English,C
350.0,Physical Education,B
351.0,Math,F
351.0,Science,F
351.0,History,A
351.0,English,F
351.0,Physical Education,C
352.0,Math,F
352.0,Science,F
352.0,History,A
352.0,English,A
352.0,Physical Education,F
353.0,Math,B
353.0,Science,F
353.0,History,F
353.0,English,F
353.0,Physical Education,B
354.0,Math,C
354.0,Science,F
354.0,History,C
354.0,English,C
354.0,Physical Education,B
355.0,Math,F
355.0,Science,D
355.0,History,F
355.0,English,F
355.0,Physical Education,D
356.0,Math,F
356.0,Science,B
356.0,History,C
356.0,English,A
356.0,Physical Education,C
357.0,Math,C
357.0,Science,A
357.0,History,B
357.0,English,A
357.0,Physical Education,D
358.0,Math,A
358.0,Science,C
358.0,History,A
358.0,English,C
358.0,Physical Education,D
359.0,Math,C
359.0,Science,F
359.0,History,C
359.0,English,C
359.0,Physical Education,F
360.0,Math,A
360.0,Science,D
360.0,History,A
360.0,English,C
360.0,Physical Education,A
361.0,Math,D
361.0,Science,F
361.0,History,A
361.0,English,D
361.0,Physical Education,B
362.0,Math,B
362.0,Science,C
362.0,History,B
362.0,English,A
362.0,Physical Education,F
363.0,Math,A
363.0,Science,F
363.0,History,D
363.0,English,D
363.0,Physical Education,F
364.0,Math,D
364.0,Science,F
364.0,History,F
364.0,English,F
364.0,Physical Education,B
365.0,Math,D
365.0,Science,C
365.0,History,B
365.0,English,F
365.0,Physical Education,A
366.0,Math,D
366.0,Science,D
366.0,History,A
366.0,English,B
366.0,Physical Education,B
367.0,Math,A
367.0,Science,C
367.0,History,C
367.0,English,B
367.0,Physical Education,D
368.0,Math,F
368.0,Science,F
368.0,History,F
368.0,English,A
368.0,Physical Education,A
369.0,Math,C
369.0,Science,A
369.0,History,C
369.0,English,A
369.0,Physical Education,C
370.0,Math,B
370.0,Science,A
370.0,History,F
370.0,English,D
370.0,Physical Education,F
371.0,Math,B
371.0,Science,B
371.0,History,C
371.0,English,C
371.0,Physical Education,F
372.0,Math,F
372.0,Science,D
372.0,History,F
372.0,English,B
372.0,Physical Education,B
373.0,Math,F
373.0,Science,A
373.0,History,A
373.0,English,D
373.0,Physical Education,F
374.0,Math,F
374.0,Science,F
374.0,History,B
374.0,English,D
374.0,Physical Education,C
375.0,Math,A
375.0,Science,C
375.0,History,C
375.0,English,F
375.0,Physical Education,F
376.0,Math,B
376.0,Science,B
376.0,History,D
376.0,English,D
376.0,Physical Education,A
377.0,Math,C
377.0,Science,F
377.0,History,D
377.0,English,D
377.0,Physical Education,B
378.0,Math,F
378.0,Science,D
378.0,History,B
378.0,English,D
378.0,Physical Education,F
379.0,Math,D
379.0,Science,D
379.0,History,A
379.0,English,B
379.0,Physical Education,B
380.0,Math,B
380.0,Science,D
380.0,History,F
380.0,English,B
380.0,Physical Education,
381.0,Math,C
381.0,Science,A
381.0,History,B
381.0,English,B
381.0,Physical Education,D
382.0,Math,A
382.0,Science,D
382.0,History,C
382.0,English,B
382.0,Physical Education,C
383.0,Math,C
383.0,Science,A
383.0,History,A
383.0,English,A
383.0,Physical Education,D
384.0,Math,D
384.0,Science,A
384.0,History,B
384.0,English,D
384.0,Physical Education,A
385.0,Math,D
385.0,Science,A
385.0,History,F
385.0,English,A
385.0,Physical Education,F
386.0,Math,B
386.0,Science,F
386.0,History,F
386.0,English,A
386.0,Physical Education,C
387.0,Math,A
387.0,Science,F
387.0,History,D
387.0,English,B
387.0,Physical Education,C
388.0,Math,F
388.0,Science,F
388.0,History,F
388.0,English,B
388.0,Physical Education,B
389.0,Math,B
389.0,Science,D
389.0,History,F
389.0,English,F
389.0,Physical Education,D
390.0,Math,C
390.0,Science,F
390.0,History,D
390.0,English,F
390.0,Physical Education,B
391.0,Math,A
391.0,Science,C
391.0,History,A
391.0,English,C
391.0,Physical Education,C
392.0,Math,D
392.0,Science,F
392.0,History,D
392.0,English,B
392.0,Physical Education,F
393.0,Math,C
393.0,Science,C
393.0,History,D
393.0,English,C
393.0,Physical Education,C
394.0,Math,C
394.0,Science,F
394.0,History,B
394.0,English,C
394.0,Physical Education,B
395.0,Math,C
395.0,Science,F
395.0,History,A
395.0,English,F
395.0,Physical Education,C
396.0,Math,D
396.0,Science,B
396.0,History,D
396.0,English,F
396.0,Physical Education,D
397.0,Math,F
397.0,Science,F
397.0,History,B
397.0,English,B
397.0,Physical Education,D
398.0,Math,A
398.0,Science,B
398.0,History,B
398.0,English,A
398.0,Physical Education,A
399.0,Math,D
399.0,Science,A
399.0,History,B
399.0,English,C
399.0,Physical Education,C
400.0,Math,D
400.0,Science,B
400.0,History,D
400.0,English,C
400.0,Physical Education,D
401.0,Math,B
401.0,Science,C
401.0,History,A
401.0,English,C
401.0,Physical Education,D
402.0,Math,A
402.0,Science,D
402.0,History,C
402.0,English,C
402.0,Physical Education,C
403.0,Math,F
403.0,Science,C
403.0,History,A
403.0,English,A
403.0,Physical Education,B
404.0,Math,C
404.0,Science,C
404.0,History,D
404.0,English,F
404.0,Physical Education,B
405.0,Math,F
405.0,Science,C
405.0,History,B
405.0,English,A
405.0,Physical Education,B
406.0,Math,C
406.0,Science,F
406.0,History,B
406.0,English,F
406.0,Physical Education,C
407.0,Math,A
407.0,Science,C
407.0,History,D
407.0,English,A
407.0,Physical Education,B
408.0,Math,A
408.0,Science,A
408.0,History,F
408.0,English,B
408.0,Physical Education,D
409.0,Math,A
409.0,Science,A
409.0,History,D
409.0,English,B
409.0,Physical Education,D
410.0,Math,B
410.0,Science,B
410.0,History,C
410.0,English,C
410.0,Physical Education,C
411.0,Math,B
411.0,Science,C
411.0,History,A
411.0,English,D
411.0,Physical Education,D
412.0,Math,F
412.0,Science,A
412.0,History,C
412.0,English,B
412.0,Physical Education,D
413.0,Math,B
413.0,Science,D
413.0,History,D
413.0,English,B
413.0,Physical Education,B
414.0,Math,A
414.0,Science,A
414.0,History,F
414.0,English,C
414.0,Physical Education,C
415.0,Math,C
415.0,Science,C
415.0,History,F
415.0,English,C
415.0,Physical Education,A
416.0,Math,F
416.0,Science,B
416.0,History,F
416.0,English,D
416.0,Physical Education,D
417.0,Math,B
417.0,Science,F
417.0,History,F
417.0,English,B
417.0,Physical Education,B
418.0,Math,B
418.0,Science,F
418.0,History,B
418.0,English,B
418.0,Physical Education,C
419.0,Math,D
419.0,Science,D
419.0,History,C
419.0,English,B
419.0,Physical Education,A
420.0,Math,D
420.0,Science,A
420.0,History,C
420.0,English,D
420.0,Physical Education,D
421.0,Math,A
421.0,Science,F
421.0,History,C
421.0,English,A
421.0,Physical Education,F
422.0,Math,B
422.0,Science,B
422.0,History,B
422.0,English,C
422.0,Physical Education,F
423.0,Math,A
423.0,Science,D
423.0,History,D
423.0,English,A
423.0,Physical Education,C
424.0,Math,D
424.0,Science,D
424.0,History,F
424.0,English,F
424.0,Physical Education,B
425.0,Math,A
425.0,Science,B
425.0,History,F
425.0,English,D
425.0,Physical Education,A
426.0,Math,A
426.0,Science,D
426.0,History,D
426.0,English,D
426.0,Physical Education,B
427.0,Math,F
427.0,Science,F
427.0,History,F
427.0,English,A
427.0,Physical Education,B
428.0,Math,A
428.0,Science,A
428.0,History,D
428.0,English,C
428.0,Physical Education,A
429.0,Math,C
429.0,Science,B
429.0,History,A
429.0,English,B
429.0,Physical Education,F
430.0,Math,A
430.0,Science,C
430.0,History,C
430.0,English,F
430.0,Physical Education,A
431.0,Math,F
431.0,Science,F
431.0,History,C
431.0,English,A
431.0,Physical Education,D
432.0,Math,D
432.0,Science,D
432.0,History,C
432.0,English,C
432.0,Physical Education,C
433.0,Math,F
433.0,Science,A
433.0,History,D
433.0,English,F
433.0,Physical Education,B
434.0,Math,D
434.0,Science,B
434.0,History,F
434.0,English,F
434.0,Physical Education,C
435.0,Math,D
435.0,Science,A
435.0,History,B
435.0,English,C
435.0,Physical Education,C
436.0,Math,B
436.0,Science,C
436.0,History,B
436.0,English,F
436.0,Physical Education,A
437.0,Math,A
437.0,Science,C
437.0,History,F
437.0,English,F
437.0,Physical Education,D
438.0,Math,A
438.0,Science,A
438.0,History,C
438.0,English,D
438.0,Physical Education,F
439.0,Math,A
439.0,Science,F
439.0,History,D
439.0,English,C
439.0,Physical Education,C
440.0,Math,B
440.0,Science,A
440.0,History,A
440.0,English,C
440.0,Physical Education,D
441.0,Math,C
441.0,Science,C
441.0,History,D
441.0,English,D
441.0,Physical Education,D
442.0,Math,C
442.0,Science,A
442.0,History,A
442.0,English,B
442.0,Physical Education,C
443.0,Math,D
443.0,Science,C
443.0,History,A
443.0,English,D
443.0,Physical Education,F
444.0,Math,A
444.0,Science,B
444.0,History,B
444.0,English,A
444.0,Physical Education,C
445.0,Math,B
445.0,Science,A
445.0,History,A
445.0,English,F
445.0,Physical Education,F
446.0,Math,B
446.0,Science,B
446.0,History,A
446.0,English,C
446.0,Physical Education,F
447.0,Math,D
447.0,Science,D
447.0,History,A
447.0,English,A
447.0,Physical Education,F
448.0,Math,D
448.0,Science,C
448.0,History,C
448.0,English,D
448.0,Physical Education,B
449.0,Math,F
449.0,Science,F
449.0,History,C
449.0,English,C
449.0,Physical Education,F
450.0,Math,F
450.0,Science,B
450.0,History,F
450.0,English,D
450.0,Physical Education,A
451.0,Math,B
451.0,Science,B
451.0,History,A
451.0,English,A
451.0,Physical Education,A
452.0,Math,B
452.0,Science,A
452.0,History,D
452.0,English,D
452.0,Physical Education,B
453.0,Math,A
453.0,Science,C
453.0,History,B
453.0,English,D
453.0,Physical Education,B
454.0,Math,D
454.0,Science,D
454.0,History,F
454.0,English,C
454.0,Physical Education,A
455.0,Math,F
455.0,Science,B
455.0,History,F
455.0,English,B
455.0,Physical Education,A
456.0,Math,B
456.0,Science,C
456.0,History,D
456.0,English,F
456.0,Physical Education,C
457.0,Math,D
457.0,Science,C
457.0,History,B
457.0,English,B
457.0,Physical Education,C
458.0,Math,C
458.0,Science,C
458.0,History,D
458.0,English,F
458.0,Physical Education,C
459.0,Math,F
459.0,Science,A
459.0,History,B
459.0,English,B
459.0,Physical Education,C
460.0,Math,D
460.0,Science,F
460.0,History,A
460.0,English,C
460.0,Physical Education,C
461.0,Math,A
461.0,Science,A
461.0,History,F
461.0,English,B
461.0,Physical Education,A
462.0,Math,B
462.0,Science,A
462.0,History,C
462.0,English,F
462.0,Physical Education,A
463.0,Math,C
463.0,Science,B
463.0,History,A
463.0,English,D
463.0,Physical Education,D
464.0,Math,D
464.0,Science,D
464.0,History,D
464.0,English,F
464.0,Physical Education,B
465.0,Math,D
465.0,Science,B
465.0,History,A
465.0,English,F
465.0,Physical Education,A
466.0,Math,F
466.0,Science,D
466.0,History,A
466.0,English,C
466.0,Physical Education,A
467.0,Math,D
467.0,Science,F
467.0,History,A
467.0,English,F
467.0,Physical Education,B
468.0,Math,A
468.0,Science,B
468.0,History,C
468.0,English,C
468.0,Physical Education,C
469.0,Math,C
469.0,Science,C
469.0,History,A
469.0,English,D
469.0,Physical Education,F
470.0,Math,A
470.0,Science,A
470.0,History,C
470.0,English,B
470.0,Physical Education,F
471.0,Math,B
471.0,Science,B
471.0,History,D
471.0,English,C
471.0,Physical Education,F
472.0,Math,D
472.0,Science,C
472.0,History,D
472.0,English,D
472.0,Physical Education,A
473.0,Math,F
473.0,Science,F
473.0,History,D
473.0,English,F
473.0,Physical Education,C
474.0,Math,D
474.0,Science,A
474.0,History,D
474.0,English,F
474.0,Physical Education,F
475.0,Math,A
475.0,Science,F
475.0,History,F
475.0,English,C
475.0,Physical Education,F
476.0,Math,A
476.0,Science,A
476.0,History,F
476.0,English,A
476.0,Physical Education,F
477.0,Math,D
477.0,Science,D
477.0,History,C
477.0,English,D
477.0,Physical Education,C
478.0,Math,F
478.0,Science,A
478.0,History,F
478.0,English,C
478.0,Physical Education,F
479.0,Math,F
479.0,Science,C
479.0,History,A
479.0,English,D
479.0,Physical Education,C
480.0,Math,B
480.0,Science,A
480.0,History,A
480.0,English,C
480.0,Physical Education,F
481.0,Math,D
481.0,Science,C
481.0,History,B
481.0,English,F
481.0,Physical Education,F
482.0,Math,A
482.0,Science,D
482.0,History,C
482.0,English,C
482.0,Physical Education,F
483.0,Math,B
483.0,Science,D
483.0,History,C
483.0,English,C
483.0,Physical Education,D
484.0,Math,C
484.0,Science,F
484.0,History,F
484.0,English,F
484.0,Physical Education,D
485.0,Math,A
485.0,Science,C
485.0,History,F
485.0,English,B
485.0,Physical Education,A
486.0,Math,C
486.0,Science,F
486.0,History,F
486.0,English,A
486.0,Physical Education,D
487.0,Math,B
487.0,Science,F
487.0,History,B
,English,F
487.0,Physical Education,C
488.0,Math,F
488.0,Science,C
488.0,History,F
488.0,English,A
488.0,Physical Education,B
489.0,Math,D
489.0,Science,D
489.0,History,A
489.0,English,B
489.0,Physical Education,F
490.0,Math,B
490.0,Science,B
490.0,History,B
490.0,English,F
490.0,Physical Education,C
491.0,Math,A
491.0,Science,D
491.0,History,B
491.0,English,F
491.0,Physical Education,F
492.0,Math,B
492.0,Science,C
492.0,History,C
492.0,English,A
492.0,Physical Education,F
493.0,Math,D
493.0,Science,C
493.0,History,F
493.0,English,F
493.0,Physical Education,F
494.0,Math,D
494.0,Science,A
494.0,History,C
494.0,English,B
494.0,Physical Education,A
495.0,Math,B
495.0,Science,C
495.0,History,F
495.0,English,B
495.0,Physical Education,C
496.0,Math,F
496.0,Science,F
496.0,History,F
496.0,English,D
496.0,Physical Education,F
497.0,Math,C
497.0,Science,B
497.0,History,F
497.0,English,B
497.0,Physical Education,F
498.0,Math,B
498.0,Science,F
498.0,History,C
498.0,English,B
498.0,Physical Education,C
499.0,Math,C
499.0,Science,D
499.0,History,D
499.0,English,F
499.0,Physical Education,C
500.0,Math,C
500.0,Science,D
500.0,History,F
500.0,English,C
500.0,Physical Education,F
501.0,Math,C
501.0,Science,A
501.0,History,D
501.0,English,C
501.0,Physical Education,D
502.0,Math,A
502.0,Science,D
502.0,History,C
502.0,English,D
502.0,Physical Education,D
503.0,Math,C
503.0,Science,A
503.0,History,B
503.0,English,F
503.0,Physical Education,B
504.0,Math,A
504.0,Science,F
504.0,History,F
504.0,English,D
504.0,Physical Education,B
505.0,Math,A
505.0,Science,C
505.0,History,A
505.0,English,B
505.0,Physical Education,B
506.0,Math,A
506.0,Science,A
506.0,History,F
506.0,English,F
506.0,Physical Education,A
507.0,Math,C
507.0,Science,A
507.0,History,B
507.0,English,C
507.0,Physical Education,C
508.0,Math,A
508.0,Science,C
508.0,History,A
508.0,English,B
508.0,Physical Education,A
509.0,Math,C
509.0,Science,B
509.0,History,D
509.0,English,B
509.0,Physical Education,C
510.0,Math,D
510.0,Science,A
510.0,History,F
510.0,English,F
510.0,Physical Education,F
511.0,Math,A
511.0,Science,A
511.0,History,B
511.0,English,A
511.0,Physical Education,C
512.0,Math,B
512.0,Science,F
512.0,History,D
512.0,English,C
512.0,Physical Education,D
513.0,Math,A
513.0,Science,D
513.0,History,A
513.0,English,B
513.0,Physical Education,C
514.0,Math,C
514.0,Science,D
514.0,History,C
514.0,English,C
514.0,Physical Education,F
515.0,Math,C
515.0,Science,A
515.0,History,A
515.0,English,B
515.0,Physical Education,D
516.0,Math,C
516.0,Science,C
516.0,History,D
516.0,English,A
516.0,Physical Education,B
517.0,Math,A
517.0,Science,D
517.0,History,F
517.0,English,A
517.0,Physical Education,C
518.0,Math,B
518.0,Science,C
518.0,History,C
518.0,English,C
518.0,Physical Education,C
519.0,Math,C
519.0,Science,F
519.0,History,B
519.0,English,F
519.0,Physical Education,F
520.0,Math,F
520.0,Science,D
520.0,History,F
520.0,English,D
520.0,Physical Education,A
521.0,Math,F
521.0,Science,A
521.0,History,B
521.0,English,C
521.0,Physical Education,F
522.0,Math,D
522.0,Science,C
522.0,History,A
522.0,English,A
522.0,Physical Education,A
523.0,Math,C
523.0,Science,A
523.0,History,C
523.0,English,B
523.0,Physical Education,D
524.0,Math,D
524.0,Science,A
524.0,History,D
524.0,English,F
524.0,Physical Education,C
525.0,Math,F
525.0,Science,F
525.0,History,C
525.0,English,F
525.0,Physical Education,A
526.0,Math,D
526.0,Science,C
526.0,History,A
526.0,English,B
526.0,Physical Education,F
527.0,Math,C
527.0,Science,A
527.0,History,C
527.0,English,D
527.0,Physical Education,D
528.0,Math,D
528.0,Science,B
528.0,History,A
528.0,English,F
528.0,Physical Education,F
529.0,Math,A
529.0,Science,C
529.0,History,A
529.0,English,F
529.0,Physical Education,D
530.0,Math,A
530.0,Science,C
530.0,History,B
530.0,English,A
530.0,Physical Education,C
531.0,Math,F
531.0,Science,D
531.0,History,C
531.0,English,D
531.0,Physical Education,A
532.0,Math,D
532.0,Science,B
532.0,History,A
532.0,English,D
532.0,Physical Education,C
533.0,Math,C
533.0,Science,F
533.0,History,C
533.0,English,D
533.0,Physical Education,C
534.0,Math,A
534.0,Science,D
534.0,History,A
534.0,English,A
534.0,Physical Education,D
535.0,Math,C
535.0,Science,F
535.0,History,B
535.0,English,A
535.0,Physical Education,F
536.0,Math,B
536.0,Science,C
536.0,History,B
536.0,English,D
536.0,Physical Education,A
537.0,Math,B
537.0,Science,C
537.0,History,C
537.0,English,D
537.0,Physical Education,C
538.0,Math,B
538.0,Science,D
538.0,History,A
538.0,English,C
538.0,Physical Education,C
539.0,Math,F
539.0,Science,F
539.0,History,D
539.0,English,C
539.0,Physical Education,F
540.0,Math,D
540.0,Science,F
540.0,History,C
540.0,English,C
540.0,Physical Education,C
541.0,Math,D
541.0,Science,A
541.0,History,F
541.0,English,F
541.0,Physical Education,C
542.0,Math,A
542.0,Science,A
542.0,History,D
542.0,English,B
542.0,Physical Education,F
543.0,Math,C
543.0,Science,A
543.0,History,B
543.0,English,A
543.0,Physical Education,F
544.0,Math,F
544.0,Science,B
544.0,History,D
544.0,English,C
544.0,Physical Education,A
545.0,Math,B
545.0,Science,D
545.0,History,F
545.0,English,A
545.0,Physical Education,A
546.0,Math,D
546.0,Science,B
546.0,History,A
546.0,English,F
546.0,Physical Education,D
547.0,Math,C
547.0,Science,D
547.0,History,A
547.0,English,B
547.0,Physical Education,F
548.0,Math,B
548.0,Science,B
548.0,History,D
548.0,English,C
548.0,Physical Education,B
549.0,Math,A
549.0,Science,B
549.0,History,A
549.0,English,C
549.0,Physical Education,B
550.0,Math,D
550.0,Science,F
550.0,History,F
550.0,English,F
550.0,Physical Education,B
551.0,Math,C
551.0,Science,C
551.0,History,B
551.0,English,F
551.0,Physical Education,D
552.0,Math,B
552.0,Science,F
552.0,History,B
552.0,English,F
552.0,Physical Education,B
553.0,Math,B
553.0,Science,A
553.0,History,C
553.0,English,D
553.0,Physical Education,F
554.0,Math,B
554.0,Science,F
554.0,History,D
554.0,English,C
554.0,Physical Education,D
555.0,Math,C
555.0,Science,D
555.0,History,C
555.0,English,C
555.0,Physical Education,B
556.0,Math,C
556.0,Science,B
556.0,History,F
556.0,English,C
556.0,Physical Education,A
557.0,Math,F
557.0,Science,C
557.0,History,C
557.0,English,A
557.0,Physical Education,C
558.0,Math,C
558.0,Science,D
558.0,History,B
558.0,English,F
558.0,Physical Education,A
559.0,Math,C
559.0,Science,D
559.0,History,D
559.0,English,C
559.0,Physical Education,B
560.0,Math,A
560.0,Science,D
560.0,History,D
560.0,English,F
560.0,Physical Education,C
561.0,Math,A
561.0,Science,B
561.0,History,A
561.0,English,C
561.0,Physical Education,F
562.0,Math,B
562.0,Science,A
562.0,History,A
562.0,English,D
562.0,Physical Education,B
563.0,Math,D
563.0,Science,D
563.0,History,B
563.0,English,C
563.0,Physical Education,F
564.0,Math,D
564.0,Science,C
564.0,History,D
564.0,English,F
564.0,Physical Education,B
565.0,Math,C
565.0,Science,B
565.0,History,A
565.0,English,D
565.0,Physical Education,A
566.0,Math,C
566.0,Science,A
566.0,History,C
566.0,English,D
566.0,Physical Education,F
567.0,Math,A
567.0,Science,D
567.0,History,C
567.0,English,A
567.0,Physical Education,F
568.0,Math,F
568.0,Science,F
568.0,History,A
568.0,English,A
568.0,Physical Education,F
569.0,Math,F
569.0,Science,A
569.0,History,A
569.0,English,F
569.0,Physical Education,A
570.0,Math,D
570.0,Science,B
570.0,History,F
570.0,English,F
570.0,Physical Education,B
571.0,Math,C
571.0,Science,D
571.0,History,D
571.0,English,F
571.0,Physical Education,B
572.0,Math,C
572.0,Science,F
572.0,History,D
572.0,English,B
572.0,Physical Education,D
573.0,Math,D
573.0,Science,A
573.0,History,D
573.0,English,F
573.0,Physical Education,C
574.0,Math,C
574.0,Science,B
574.0,History,B
574.0,English,F
574.0,Physical Education,D
575.0,Math,F
575.0,Science,D
575.0,History,C
575.0,English,C
575.0,Physical Education,C
576.0,Math,A
576.0,Science,C
576.0,History,A
576.0,English,D
576.0,Physical Education,F
577.0,Math,A
577.0,Science,D
577.0,History,F
577.0,English,C
577.0,Physical Education,B
578.0,Math,B
578.0,Science,D
578.0,History,D
578.0,English,B
578.0,Physical Education,B
579.0,Math,F
579.0,Science,F
579.0,History,D
579.0,English,A
579.0,Physical Education,A
580.0,Math,B
580.0,Science,D
580.0,History,C
580.0,English,F
580.0,Physical Education,B
581.0,Math,D
581.0,Science,A
581.0,History,D
581.0,English,B
581.0,Physical Education,C
582.0,Math,C
582.0,Science,C
582.0,History,F
582.0,English,B
582.0,Physical Education,B
583.0,Math,F
583.0,Science,D
583.0,History,F
583.0,English,B
583.0,Physical Education,C
584.0,Math,B
584.0,Science,F
584.0,History,F
584.0,English,F
584.0,Physical Education,C
585.0,Math,A
585.0,Science,D
585.0,History,C
585.0,English,B
585.0,Physical Education,A
586.0,Math,A
586.0,Science,C
586.0,History,C
586.0,English,D
586.0,Physical Education,B
587.0,Math,B
587.0,Science,D
587.0,History,B
587.0,English,A
587.0,Physical Education,C
588.0,Math,A
588.0,Science,F
588.0,History,D
588.0,English,B
588.0,Physical Education,C
589.0,Math,A
589.0,Science,D
589.0,History,A
589.0,English,F
589.0,Physical Education,B
590.0,Math,D
590.0,Science,F
590.0,History,D
590.0,English,D
590.0,Physical Education,D
591.0,Math,C
591.0,Science,F
591.0,History,F
591.0,English,F
591.0,Physical Education,A
592.0,Math,C
592.0,Science,A
592.0,History,B
592.0,English,B
592.0,Physical Education,B
593.0,Math,C
593.0,Science,B
593.0,History,C
593.0,English,C
593.0,Physical Education,D
594.0,Math,A
594.0,Science,A
594.0,History,B
594.0,English,C
594.0,Physical Education,B
595.0,Math,C
595.0,Science,D
595.0,History,A
595.0,English,F
595.0,Physical Education,A
596.0,Math,B
596.0,Science,D
596.0,History,D
596.0,English,B
596.0,Physical Education,F
597.0,Math,C
597.0,Science,A
597.0,History,B
597.0,English,D
597.0,Physical Education,A
598.0,Math,B
598.0,Science,F
598.0,History,A
598.0,English,A
598.0,Physical Education,F
599.0,Math,C
599.0,Science,F
599.0,History,B
599.0,English,A
599.0,Physical Education,A
600.0,Math,D
600.0,Science,C
600.0,History,A
600.0,English,D
600.0,Physical Education,F
601.0,Math,A
601.0,Science,F
601.0,History,C
601.0,English,B
601.0,Physical Education,D
602.0,Math,C
602.0,Science,A
602.0,History,C
602.0,English,B
602.0,Physical Education,D
603.0,Math,C
603.0,Science,D
603.0,History,B
603.0,English,B
603.0,Physical Education,B
604.0,Math,F
604.0,Science,F
604.0,History,D
604.0,English,C
604.0,Physical Education,D
605.0,Math,D
605.0,Science,A
605.0,History,A
605.0,English,A
605.0,Physical Education,B
606.0,Math,B
606.0,Science,F
606.0,History,B
606.0,English,A
606.0,Physical Education,F
607.0,Math,A
607.0,Science,B
607.0,History,C
607.0,English,F
607.0,Physical Education,A
608.0,Math,A
608.0,Science,C
608.0,History,B
608.0,English,A
608.0,Physical Education,C
609.0,Math,A
609.0,Science,F
609.0,History,C
609.0,English,C
609.0,Physical Education,D
610.0,Math,B
610.0,Science,D
610.0,History,B
610.0,English,A
610.0,Physical Education,A
611.0,Math,D
611.0,Science,A
611.0,History,D
611.0,English,A
611.0,Physical Education,F
612.0,Math,D
612.0,Science,F
612.0,History,A
612.0,English,A
612.0,Physical Education,F
613.0,Math,A
613.0,Science,F
613.0,History,B
613.0,English,B
613.0,Physical Education,B
614.0,Math,C
614.0,Science,F
614.0,History,F
614.0,English,C
614.0,Physical Education,D
615.0,Math,C
615.0,Science,F
615.0,History,A
615.0,English,C
615.0,Physical Education,D
616.0,Math,B
616.0,Science,C
616.0,History,D
616.0,English,A
616.0,Physical Education,A
617.0,Math,F
617.0,Science,A
617.0,History,F
617.0,English,A
617.0,Physical Education,B
618.0,Math,D
618.0,Science,A
618.0,History,F
618.0,English,C
618.0,Physical Education,A
619.0,Math,B
619.0,Science,F
619.0,History,D
619.0,English,F
619.0,Physical Education,C
620.0,Math,F
620.0,Science,C
620.0,History,F
620.0,English,A
620.0,Physical Education,B
621.0,Math,F
621.0,Science,D
621.0,History,B
621.0,English,C
621.0,Physical Education,A
622.0,Math,F
622.0,Science,B
622.0,History,F
622.0,English,D
622.0,Physical Education,A
623.0,Math,F
623.0,Science,F
623.0,History,B
623.0,English,B
623.0,Physical Education,C
624.0,Math,B
624.0,Science,C
624.0,History,A
624.0,English,B
624.0,Physical Education,D
625.0,Math,B
625.0,Science,C
625.0,History,F
625.0,English,F
625.0,Physical Education,D
626.0,Math,A
626.0,Science,D
626.0,History,D
626.0,English,D
626.0,Physical Education,F
627.0,Math,C
627.0,Science,D
627.0,History,A
627.0,English,C
627.0,Physical Education,D
628.0,Math,D
628.0,Science,D
628.0,History,B
628.0,English,D
628.0,Physical Education,C
629.0,Math,D
629.0,Science,C
629.0,History,F
629.0,English,D
629.0,Physical Education,D
630.0,Math,C
630.0,Science,B
630.0,History,D
630.0,English,F
630.0,Physical Education,D
631.0,Math,D
631.0,Science,F
631.0,History,C
631.0,English,C
631.0,Physical Education,D
632.0,Math,B
632.0,Science,F
632.0,History,F
632.0,English,A
632.0,Physical Education,F
633.0,Math,F
633.0,Science,D
633.0,History,C
633.0,English,C
633.0,Physical Education,C
634.0,Math,F
634.0,Science,B
634.0,History,D
634.0,English,A
634.0,Physical Education,B
635.0,Math,A
635.0,Science,F
635.0,History,A
635.0,English,D
635.0,Physical Education,B
636.0,Math,A
636.0,Science,A
636.0,History,B
636.0,English,B
636.0,Physical Education,F
637.0,Math,D
637.0,Science,C
637.0,History,F
637.0,English,D
637.0,Physical Education,D
638.0,Math,C
638.0,Science,C
638.0,History,C
638.0,English,A
638.0,Physical Education,C
639.0,Math,A
639.0,Science,D
639.0,History,B
639.0,English,A
639.0,Physical Education,C
640.0,Math,A
640.0,Science,A
640.0,History,D
640.0,English,D
640.0,Physical Education,D
641.0,Math,D
641.0,Science,C
641.0,History,C
641.0,English,C
641.0,Physical Education,D
642.0,Math,F
642.0,Science,D
642.0,History,B
642.0,English,A
642.0,Physical Education,D
643.0,Math,B
643.0,Science,C
643.0,History,B
643.0,English,F
643.0,Physical Education,D
644.0,Math,D
644.0,Science,A
644.0,History,F
644.0,English,B
644.0,Physical Education,A
645.0,Math,B
645.0,Science,D
645.0,History,D
645.0,English,A
645.0,Physical Education,C
646.0,Math,F
646.0,Science,C
646.0,History,C
646.0,English,B
646.0,Physical Education,B
647.0,Math,F
647.0,Science,F
647.0,History,F
647.0,English,B
647.0,Physical Education,C
648.0,Math,F
648.0,Science,C
648.0,History,F
648.0,English,F
648.0,Physical Education,D
649.0,Math,B
649.0,Science,F
649.0,History,D
649.0,English,F
649.0,Physical Education,F
650.0,Math,C
650.0,Science,F
650.0,History,F
650.0,English,F
650.0,Physical Education,B
651.0,Math,C
651.0,Science,B
651.0,History,D
651.0,English,B
651.0,Physical Education,D
652.0,Math,A
652.0,Science,B
652.0,History,D
652.0,English,C
652.0,Physical Education,D
653.0,Math,C
653.0,Science,A
653.0,History,C
653.0,English,C
653.0,Physical Education,D
654.0,Math,D
654.0,Science,D
654.0,History,A
654.0,English,A
654.0,Physical Education,C
655.0,Math,A
655.0,Science,B
655.0,History,A
655.0,English,B
655.0,Physical Education,B
656.0,Math,B
656.0,Science,B
656.0,History,D
656.0,English,C
656.0,Physical Education,D
657.0,Math,C
657.0,Science,B
657.0,History,B
657.0,English,D
657.0,Physical Education,C
658.0,Math,D
658.0,Science,D
658.0,History,B
658.0,English,D
658.0,Physical Education,B
659.0,Math,A
659.0,Science,B
659.0,History,B
659.0,English,B
659.0,Physical Education,D
660.0,Math,A
660.0,Science,C
660.0,History,B
660.0,English,A
660.0,Physical Education,F
661.0,Math,D
661.0,Science,C
661.0,History,D
661.0,English,C
661.0,Physical Education,F
662.0,Math,F
662.0,Science,F
662.0,History,C
662.0,English,B
662.0,Physical Education,B
663.0,Math,F
663.0,Science,D
663.0,History,C
663.0,English,F
663.0,Physical Education,F
664.0,Math,F
664.0,Science,B
664.0,History,C
664.0,English,F
664.0,Physical Education,F
665.0,Math,C
665.0,Science,B
665.0,History,D
665.0,English,A
665.0,Physical Education,B
666.0,Math,C
666.0,Science,D
666.0,History,F
666.0,English,A
666.0,Physical Education,D
667.0,Math,D
667.0,Science,C
667.0,History,C
667.0,English,F
667.0,Physical Education,F
668.0,Math,C
668.0,Science,D
668.0,History,C
668.0,English,A
668.0,Physical Education,D
669.0,Math,C
669.0,Science,A
669.0,History,D
669.0,English,C
669.0,Physical Education,C
670.0,Math,F
670.0,Science,F
670.0,History,F
670.0,English,D
670.0,Physical Education,C
671.0,Math,C
671.0,Science,D
671.0,History,D
671.0,English,A
671.0,Physical Education,D
672.0,Math,D
672.0,Science,F
672.0,History,C
672.0,English,D
672.0,Physical Education,D
673.0,Math,A
673.0,Science,A
673.0,History,A
673.0,English,B
673.0,Physical Education,A
674.0,Math,A
674.0,Science,D
674.0,History,C
674.0,English,B
674.0,Physical Education,A
675.0,Math,F
675.0,Science,B
675.0,History,D
675.0,English,C
675.0,Physical Education,F
676.0,Math,B
676.0,Science,A
676.0,History,C
676.0,English,D
676.0,Physical Education,C
677.0,Math,A
677.0,Science,B
677.0,History,A
677.0,English,F
677.0,Physical Education,B
678.0,Math,B
678.0,Science,B
678.0,History,C
678.0,English,F
678.0,Physical Education,F
679.0,Math,A
679.0,Science,B
679.0,History,D
679.0,English,B
679.0,Physical Education,F
680.0,Math,F
680.0,Science,D
680.0,History,B
680.0,English,A
680.0,Physical Education,C
681.0,Math,B
681.0,Science,C
681.0,History,C
681.0,English,F
681.0,Physical Education,A
682.0,Math,D
682.0,Science,A
682.0,History,C
682.0,English,B
682.0,Physical Education,C
683.0,Math,D
683.0,Science,D
683.0,History,D
683.0,English,F
683.0,Physical Education,B
684.0,Math,A
684.0,Science,C
684.0,History,C
684.0,English,F
684.0,Physical Education,C
685.0,Math,D
685.0,Science,A
685.0,History,A
685.0,English,F
685.0,Physical Education,A
686.0,Math,D
686.0,Science,F
686.0,History,A
686.0,English,B
686.0,Physical Education,D
687.0,Math,C
687.0,Science,A
687.0,History,F
687.0,English,C
687.0,Physical Education,C
688.0,Math,A
688.0,Science,D
688.0,History,B
688.0,English,A
688.0,Physical Education,F
689.0,Math,B
689.0,Science,A
689.0,History,A
689.0,English,A
689.0,Physical Education,B
690.0,Math,A
690.0,Science,A
690.0,History,F
690.0,English,D
690.0,Physical Education,B
691.0,Math,C
691.0,Science,D
691.0,History,F
691.0,English,D
691.0,Physical Education,C
692.0,Math,C
692.0,Science,B
692.0,History,C
692.0,English,A
692.0,Physical Education,A
693.0,Math,B
693.0,Science,A
693.0,History,F
693.0,English,C
693.0,Physical Education,C
694.0,Math,B
694.0,Science,A
694.0,History,C
694.0,English,C
694.0,Physical Education,F
695.0,Math,B
695.0,Science,B
695.0,History,F
695.0,English,A
695.0,Physical Education,D
696.0,Math,D
696.0,Science,F
696.0,History,B
696.0,English,B
696.0,Physical Education,A
697.0,Math,C
697.0,Science,F
697.0,History,D
697.0,English,D
697.0,Physical Education,C
698.0,Math,C
698.0,Science,C
698.0,History,A
698.0,English,A
698.0,Physical Education,C
699.0,Math,B
699.0,Science,A
699.0,History,F
699.0,English,C
699.0,Physical Education,F
700.0,Math,A
700.0,Science,D
700.0,History,D
700.0,English,C
700.0,Physical Education,F
701.0,Math,C
701.0,Science,B
701.0,History,D
701.0,English,D
701.0,Physical Education,C
702.0,Math,F
702.0,Science,B
702.0,History,A
702.0,English,B
702.0,Physical Education,A
703.0,Math,C
703.0,Science,F
703.0,History,B
703.0,English,B
703.0,Physical Education,F
704.0,Math,B
704.0,Science,A
704.0,History,C
704.0,English,F
704.0,Physical Education,B
705.0,Math,B
705.0,Science,C
705.0,History,F
705.0,English,A
705.0,Physical Education,A
706.0,Math,A
706.0,Science,B
706.0,History,F
706.0,English,D
706.0,Physical Education,D
707.0,Math,D
707.0,Science,C
707.0,History,A
707.0,English,C
707.0,Physical Education,C
708.0,Math,C
708.0,Science,D
708.0,History,B
708.0,English,C
708.0,Physical Education,C
709.0,Math,B
709.0,Science,A
709.0,History,A
709.0,English,F
709.0,Physical Education,D
710.0,Math,B
710.0,Science,B
710.0,History,A
710.0,English,D
710.0,Physical Education,B
711.0,Math,C
711.0,Science,D
711.0,History,D
711.0,English,B
711.0,Physical Education,C
712.0,Math,D
712.0,Science,F
712.0,History,F
712.0,English,F
712.0,Physical Education,D
713.0,Math,D
713.0,Science,F
713.0,History,B
713.0,English,A
713.0,Physical Education,C
714.0,Math,F
714.0,Science,B
714.0,History,C
714.0,English,F
714.0,Physical Education,A
715.0,Math,C
715.0,Science,A
715.0,History,F
715.0,English,F
715.0,Physical Education,D
716.0,Math,A
716.0,Science,F
716.0,History,F
716.0,English,C
716.0,Physical Education,D
717.0,Math,C
717.0,Science,A
717.0,History,A
717.0,English,D
717.0,Physical Education,F
718.0,Math,F
718.0,Science,B
718.0,History,B
718.0,English,C
718.0,Physical Education,B
719.0,Math,B
719.0,Science,B
719.0,History,B
719.0,English,F
719.0,Physical Education,F
720.0,Math,A
720.0,Science,F
720.0,History,A
720.0,English,B
720.0,Physical Education,C
721.0,Math,C
721.0,Science,A
721.0,History,A
721.0,English,F
721.0,Physical Education,C
722.0,Math,C
722.0,Science,F
722.0,History,A
722.0,English,A
722.0,Physical Education,B
723.0,Math,B
723.0,Science,B
723.0,History,F
723.0,English,B
723.0,Physical Education,C
724.0,Math,D
724.0,Science,C
724.0,History,D
724.0,English,C
724.0,Physical Education,B
725.0,Math,C
725.0,Science,D
725.0,History,D
725.0,English,A
725.0,Physical Education,A
726.0,Math,F
726.0,Science,D
726.0,History,D
726.0,English,A
726.0,Physical Education,D
727.0,Math,F
727.0,Science,F
727.0,History,B
727.0,English,B
727.0,Physical Education,A
728.0,Math,B
728.0,Science,B
728.0,History,A
728.0,English,A
728.0,Physical Education,C
729.0,Math,B
729.0,Science,D
729.0,History,C
729.0,English,A
729.0,Physical Education,D
730.0,Math,B
730.0,Science,A
730.0,History,B
730.0,English,F
730.0,Physical Education,C
731.0,Math,A
731.0,Science,B
731.0,History,F
731.0,English,A
731.0,Physical Education,F
732.0,Math,D
732.0,Science,B
732.0,History,D
732.0,English,C
732.0,Physical Education,C
733.0,Math,A
733.0,Science,F
733.0,History,F
733.0,English,C
733.0,Physical Education,F
734.0,Math,A
734.0,Science,D
734.0,History,F
734.0,English,D
734.0,Physical Education,C
735.0,Math,B
735.0,Science,F
735.0,History,D
735.0,English,A
735.0,Physical Education,D
736.0,Math,F
736.0,Science,B
736.0,History,C
736.0,English,B
736.0,Physical Education,B
737.0,Math,D
737.0,Science,C
737.0,History,C
737.0,English,F
737.0,Physical Education,B
738.0,Math,B
738.0,Science,B
738.0,History,A
738.0,English,A
738.0,Physical Education,F
739.0,Math,C
739.0,Science,A
739.0,History,B
739.0,English,A
739.0,Physical Education,F
740.0,Math,A
740.0,Science,A
740.0,History,C
740.0,English,A
740.0,Physical Education,B
741.0,Math,D
741.0,Science,B
741.0,History,C
741.0,English,A
741.0,Physical Education,B
742.0,Math,D
742.0,Science,A
742.0,History,A
742.0,English,C
742.0,Physical Education,C
743.0,Math,B
743.0,Science,D
743.0,History,A
743.0,English,A
743.0,Physical Education,C
744.0,Math,F
744.0,Science,A
744.0,History,D
744.0,English,B
744.0,Physical Education,B
745.0,Math,B
745.0,Science,B
745.0,History,D
745.0,English,B
745.0,Physical Education,F
746.0,Math,D
746.0,Science,F
746.0,History,A
746.0,English,C
746.0,Physical Education,A
747.0,Math,D
747.0,Science,A
747.0,History,D
747.0,English,C
747.0,Physical Education,C
748.0,Math,D
748.0,Science,B
748.0,History,B
748.0,English,A
748.0,Physical Education,F
749.0,Math,B
749.0,Science,B
749.0,History,C
749.0,English,A
749.0,Physical Education,F
750.0,Math,F
750.0,Science,D
750.0,History,A
750.0,English,A
750.0,Physical Education,C
751.0,Math,D
751.0,Science,C
751.0,History,D
751.0,English,F
751.0,Physical Education,A
752.0,Math,D
752.0,Science,C
752.0,History,F
752.0,English,B
752.0,Physical Education,A
753.0,Math,B
753.0,Science,B
753.0,History,A
753.0,English,F
753.0,Physical Education,C
754.0,Math,D
754.0,Science,B
754.0,History,D
754.0,English,B
754.0,Physical Education,A
755.0,Math,C
755.0,Science,B
755.0,History,A
755.0,English,F
755.0,Physical Education,F
756.0,Math,B
756.0,Science,C
756.0,History,A
756.0,English,C
756.0,Physical Education,A
757.0,Math,C
757.0,Science,A
757.0,History,D
757.0,English,D
757.0,Physical Education,B
758.0,Math,B
758.0,Science,C
758.0,History,D
758.0,English,B
758.0,Physical Education,B
759.0,Math,A
759.0,Science,F
759.0,History,F
759.0,English,B
759.0,Physical Education,D
760.0,Math,D
760.0,Science,B
760.0,History,B
760.0,English,C
760.0,Physical Education,C
761.0,Math,B
761.0,Science,F
761.0,History,D
761.0,English,C
761.0,Physical Education,C
762.0,Math,C
762.0,Science,B
762.0,History,A
762.0,English,B
762.0,Physical Education,F
763.0,Math,A
763.0,Science,C
763.0,History,B
763.0,English,B
763.0,Physical Education,D
764.0,Math,F
764.0,Science,D
764.0,History,B
764.0,English,A
764.0,Physical Education,A
765.0,Math,B
765.0,Science,C
765.0,History,B
765.0,English,D
765.0,Physical Education,C
766.0,Math,B
766.0,Science,A
766.0,History,A
766.0,English,B
766.0,Physical Education,F
767.0,Math,B
767.0,Science,C
767.0,History,B
767.0,English,D
767.0,Physical Education,C
768.0,Math,A
768.0,Science,F
768.0,History,F
768.0,English,A
768.0,Physical Education,A
769.0,Math,F
769.0,Science,D
769.0,History,C
769.0,English,C
769.0,Physical Education,A
770.0,Math,D
770.0,Science,D
770.0,History,D
770.0,English,C
770.0,Physical Education,A
771.0,Math,B
771.0,Science,B
771.0,History,B
771.0,English,A
771.0,Physical Education,C
772.0,Math,D
772.0,Science,C
772.0,History,A
772.0,English,B
772.0,Physical Education,F
773.0,Math,C
773.0,Science,B
773.0,History,A
773.0,English,A
773.0,Physical Education,A
774.0,Math,C
774.0,Science,D
774.0,History,B
774.0,English,F
774.0,Physical Education,C
775.0,Math,F
775.0,Science,A
775.0,History,A
775.0,English,F
775.0,Physical Education,D
776.0,Math,D
776.0,Science,A
776.0,History,F
776.0,English,B
776.0,Physical Education,B
777.0,Math,D
777.0,Science,D
777.0,History,B
777.0,English,D
777.0,Physical Education,F
778.0,Math,F
778.0,Science,A
778.0,History,F
778.0,English,A
778.0,Physical Education,F
779.0,Math,D
779.0,Science,C
779.0,History,A
779.0,English,D
779.0,Physical Education,C
780.0,Math,C
780.0,Science,B
780.0,History,C
780.0,English,F
780.0,Physical Education,B
781.0,Math,B
781.0,Science,F
781.0,History,B
781.0,English,B
781.0,Physical Education,C
782.0,Math,C
782.0,Science,B
782.0,History,F
782.0,English,D
782.0,Physical Education,F
783.0,Math,C
783.0,Science,C
783.0,History,A
783.0,English,C
783.0,Physical Education,A
784.0,Math,D
784.0,Science,A
784.0,History,D
784.0,English,F
784.0,Physical Education,B
785.0,Math,A
785.0,Science,B
785.0,History,A
785.0,English,F
785.0,Physical Education,C
786.0,Math,D
786.0,Science,A
786.0,History,B
786.0,English,D
786.0,Physical Education,C
787.0,Math,D
787.0,Science,B
787.0,History,D
787.0,English,F
787.0,Physical Education,B
788.0,Math,C
788.0,Science,C
788.0,History,C
788.0,English,F
788.0,Physical Education,D
789.0,Math,A
789.0,Science,B
789.0,History,F
789.0,English,A
789.0,Physical Education,F
790.0,Math,A
790.0,Science,D
790.0,History,A
790.0,English,D
790.0,Physical Education,D
791.0,Math,D
791.0,Science,D
791.0,History,D
791.0,English,C
791.0,Physical Education,F
792.0,Math,C
792.0,Science,A
792.0,History,A
792.0,English,D
792.0,Physical Education,A
793.0,Math,A
793.0,Science,D
793.0,History,F
793.0,English,D
793.0,Physical Education,B
794.0,Math,F
794.0,Science,F
794.0,History,F
794.0,English,B
794.0,Physical Education,A
795.0,Math,F
795.0,Science,B
795.0,History,F
795.0,English,C
795.0,Physical Education,B
796.0,Math,B
796.0,Science,B
796.0,History,B
796.0,English,D
796.0,Physical Education,B
797.0,Math,B
797.0,Science,B
797.0,History,B
797.0,English,A
797.0,Physical Education,C
798.0,Math,A
798.0,Science,D
798.0,History,D
798.0,English,D
798.0,Physical Education,A
799.0,Math,B
799.0,Science,B
799.0,History,B
799.0,English,A
799.0,Physical Education,F
800.0,Math,D
800.0,Science,B
800.0,History,C
800.0,English,B
800.0,Physical Education,A
801.0,Math,A
801.0,Science,A
801.0,History,A
801.0,English,F
801.0,Physical Education,F
802.0,Math,A
802.0,Science,F
802.0,History,B
802.0,English,A
802.0,Physical Education,F
803.0,Math,B
803.0,Science,F
803.0,History,D
803.0,English,B
803.0,Physical Education,D
804.0,Math,C
804.0,Science,C
804.0,History,A
804.0,English,D
804.0,Physical Education,B
805.0,Math,C
805.0,Science,F
805.0,History,F
805.0,English,B
805.0,Physical Education,C
806.0,Math,B
806.0,Science,B
806.0,History,B
806.0,English,A
806.0,Physical Education,B
807.0,Math,C
807.0,Science,C
807.0,History,F
807.0,English,B
807.0,Physical Education,B
808.0,Math,C
808.0,Science,D
808.0,History,A
808.0,English,C
808.0,Physical Education,B
809.0,Math,C
809.0,Science,A
809.0,History,F
809.0,English,F
809.0,Physical Education,C
810.0,Math,A
810.0,Science,C
810.0,History,D
810.0,English,B
810.0,Physical Education,C
811.0,Math,B
811.0,Science,F
811.0,History,B
811.0,English,D
811.0,Physical Education,D
812.0,Math,C
812.0,Science,C
812.0,History,D
812.0,English,C
812.0,Physical Education,B
813.0,Math,A
813.0,Science,F
813.0,History,A
813.0,English,A
813.0,Physical Education,C
814.0,Math,F
814.0,Science,B
814.0,History,D
814.0,English,D
814.0,Physical Education,D
815.0,Math,D
815.0,Science,C
815.0,History,F
815.0,English,A
815.0,Physical Education,F
816.0,Math,F
816.0,Science,C
816.0,History,D
816.0,English,C
816.0,Physical Education,F
817.0,Math,C
817.0,Science,D
817.0,History,F
817.0,English,D
817.0,Physical Education,F
818.0,Math,D
818.0,Science,C
818.0,History,C
818.0,English,A
818.0,Physical Education,A
819.0,Math,C
819.0,Science,A
819.0,History,F
819.0,English,B
819.0,Physical Education,D
820.0,Math,D
820.0,Science,F
820.0,History,D
820.0,English,D
820.0,Physical Education,C
821.0,Math,F
821.0,Science,B
821.0,History,A
821.0,English,B
821.0,Physical Education,D
822.0,Math,B
822.0,Science,A
822.0,History,D
822.0,English,C
822.0,Physical Education,D
823.0,Math,C
823.0,Science,A
823.0,History,C
823.0,English,C
823.0,Physical Education,C
824.0,Math,A
824.0,Science,C
824.0,History,C
824.0,English,F
824.0,Physical Education,A
825.0,Math,D
825.0,Science,F
825.0,History,B
825.0,English,F
825.0,Physical Education,B
826.0,Math,C
826.0,Science,A
826.0,History,F
826.0,English,C
826.0,Physical Education,A
827.0,Math,C
827.0,Science,B
827.0,History,D
827.0,English,C
827.0,Physical Education,F
828.0,Math,A
828.0,Science,B
828.0,History,C
828.0,English,A
828.0,Physical Education,C
829.0,Math,D
829.0,Science,C
829.0,History,A
829.0,English,A
829.0,Physical Education,A
830.0,Math,A
830.0,Science,F
830.0,History,F
830.0,English,D
830.0,Physical Education,F
831.0,Math,B
831.0,Science,D
831.0,History,F
831.0,English,D
831.0,Physical Education,A
832.0,Math,A
832.0,Science,A
832.0,History,D
832.0,English,C
832.0,Physical Education,B
833.0,Math,C
833.0,Science,F
833.0,History,F
833.0,English,D
833.0,Physical Education,C
834.0,Math,A
834.0,Science,C
834.0,History,A
834.0,English,C
834.0,Physical Education,D
835.0,Math,A
835.0,Science,C
835.0,History,B
835.0,English,B
835.0,Physical Education,A
836.0,Math,D
836.0,Science,D
836.0,History,A
836.0,English,D
836.0,Physical Education,D
837.0,Math,D
837.0,Science,F
837.0,History,B
837.0,English,A
837.0,Physical Education,F
838.0,Math,D
838.0,Science,F
838.0,History,B
838.0,English,D
838.0,Physical Education,B
839.0,Math,B
839.0,Science,D
839.0,History,F
839.0,English,C
839.0,Physical Education,A
840.0,Math,D
840.0,Science,A
840.0,History,A
840.0,English,A
840.0,Physical Education,D
841.0,Math,C
841.0,Science,A
841.0,History,D
841.0,English,A
841.0,Physical Education,D
842.0,Math,D
842.0,Science,C
842.0,History,C
842.0,English,A
842.0,Physical Education,F
843.0,Math,D
843.0,Science,B
843.0,History,F
843.0,English,C
843.0,Physical Education,C
844.0,Math,B
844.0,Science,B
844.0,History,B
844.0,English,D
844.0,Physical Education,F
845.0,Math,F
845.0,Science,F
845.0,History,B
845.0,English,D
845.0,Physical Education,B
846.0,Math,A
846.0,Science,C
846.0,History,F
846.0,English,F
846.0,Physical Education,A
847.0,Math,F
847.0,Science,B
847.0,History,B
847.0,English,C
847.0,Physical Education,C
848.0,Math,F
848.0,Science,B
848.0,History,C
848.0,English,A
848.0,Physical Education,C
849.0,Math,B
849.0,Science,C
849.0,History,C
849.0,English,C
849.0,Physical Education,A
850.0,Math,A
850.0,Science,D
850.0,History,D
850.0,English,A
850.0,Physical Education,D
851.0,Math,C
851.0,Science,C
851.0,History,D
851.0,English,C
851.0,Physical Education,B
852.0,Math,C
852.0,Science,D
852.0,History,B
852.0,English,F
852.0,Physical Education,A
853.0,Math,D
853.0,Science,A
853.0,History,C
853.0,English,D
853.0,Physical Education,B
854.0,Math,F
854.0,Science,D
854.0,History,F
854.0,English,B
854.0,Physical Education,A
855.0,Math,F
855.0,Science,F
855.0,History,F
855.0,English,A
855.0,Physical Education,B
856.0,Math,D
856.0,Science,C
856.0,History,D
856.0,English,C
856.0,Physical Education,F
857.0,Math,A
857.0,Science,C
857.0,History,C
857.0,English,B
857.0,Physical Education,B
858.0,Math,F
858.0,Science,A
858.0,History,B
858.0,English,A
858.0,Physical Education,A
859.0,Math,D
859.0,Science,A
859.0,History,A
859.0,English,C
859.0,Physical Education,A
860.0,Math,D
860.0,Science,F
860.0,History,C
860.0,English,F
860.0,Physical Education,B
861.0,Math,F
861.0,Science,A
861.0,History,D
861.0,English,D
861.0,Physical Education,C
862.0,Math,F
862.0,Science,F
862.0,History,C
862.0,English,F
862.0,Physical Education,C
863.0,Math,C
863.0,Science,D
863.0,History,B
863.0,English,C
863.0,Physical Education,F
864.0,Math,D
864.0,Science,C
864.0,History,A
864.0,English,D
864.0,Physical Education,D
865.0,Math,A
865.0,Science,D
865.0,History,A
865.0,English,A
865.0,Physical Education,C
866.0,Math,D
866.0,Science,B
866.0,History,D
866.0,English,F
866.0,Physical Education,B
867.0,Math,D
867.0,Science,C
867.0,History,D
867.0,English,B
867.0,Physical Education,D
868.0,Math,F
868.0,Science,C
868.0,History,B
868.0,English,C
868.0,Physical Education,F
869.0,Math,D
869.0,Science,B
869.0,History,A
869.0,English,F
869.0,Physical Education,C
870.0,Math,F
870.0,Science,A
870.0,History,F
870.0,English,B
870.0,Physical Education,D
871.0,Math,D
871.0,Science,C
871.0,History,B
871.0,English,C
871.0,Physical Education,B
872.0,Math,C
872.0,Science,F
872.0,History,B
872.0,English,A
872.0,Physical Education,A
873.0,Math,B
873.0,Science,B
873.0,History,B
873.0,English,F
873.0,Physical Education,C
874.0,Math,C
874.0,Science,A
874.0,History,B
874.0,English,F
874.0,Physical Education,A
875.0,Math,C
875.0,Science,A
875.0,History,F
875.0,English,C
875.0,Physical Education,C
876.0,Math,D
876.0,Science,C
876.0,History,D
876.0,English,F
876.0,Physical Education,F
877.0,Math,D
877.0,Science,C
877.0,History,D
877.0,English,C
877.0,Physical Education,D
878.0,Math,C
878.0,Science,C
878.0,History,D
878.0,English,A
878.0,Physical Education,B
879.0,Math,A
879.0,Science,F
879.0,History,A
879.0,English,A
879.0,Physical Education,D
880.0,Math,C
880.0,Science,F
880.0,History,A
880.0,English,C
880.0,Physical Education,A
881.0,Math,F
881.0,Science,A
881.0,History,C
881.0,English,D
881.0,Physical Education,B
882.0,Math,C
882.0,Science,B
882.0,History,C
882.0,English,B
882.0,Physical Education,C
883.0,Math,F
883.0,Science,C
883.0,History,F
883.0,English,D
883.0,Physical Education,D
884.0,Math,F
884.0,Science,C
884.0,History,F
884.0,English,C
884.0,Physical Education,A
885.0,Math,D
885.0,Science,D
885.0,History,F
885.0,English,C
885.0,Physical Education,C
886.0,Math,C
886.0,Science,A
886.0,History,F
886.0,English,C
886.0,Physical Education,A
887.0,Math,A
887.0,Science,B
887.0,History,D
887.0,English,F
887.0,Physical Education,D
888.0,Math,C
888.0,Science,A
888.0,History,C
888.0,English,C
888.0,Physical Education,F
889.0,Math,B
889.0,Science,A
889.0,History,F
889.0,English,A
889.0,Physical Education,D
890.0,Math,C
890.0,Science,A
890.0,History,F
890.0,English,C
890.0,Physical Education,D
891.0,Math,B
891.0,Science,B
891.0,History,C
891.0,English,D
891.0,Physical Education,D
892.0,Math,B
892.0,Science,A
892.0,History,B
892.0,English,F
892.0,Physical Education,A
893.0,Math,C
893.0,Science,A
893.0,History,A
893.0,English,C
893.0,Physical Education,C
894.0,Math,C
894.0,Science,C
894.0,History,F
894.0,English,B
894.0,Physical Education,F
895.0,Math,F
895.0,Science,B
895.0,History,D
895.0,English,D
895.0,Physical Education,F
896.0,Math,D
896.0,Science,A
896.0,History,D
896.0,English,F
896.0,Physical Education,B
897.0,Math,C
897.0,Science,F
897.0,History,F
897.0,English,A
897.0,Physical Education,D
898.0,Math,C
898.0,Science,B
898.0,History,C
898.0,English,C
898.0,Physical Education,D
899.0,Math,B
899.0,Science,A
899.0,History,F
899.0,English,A
899.0,Physical Education,C
900.0,Math,D
900.0,Science,F
900.0,History,B
900.0,English,F
900.0,Physical Education,A
901.0,Math,C
901.0,Science,B
901.0,History,D
901.0,English,F
901.0,Physical Education,A
902.0,Math,D
902.0,Science,D
902.0,History,B
902.0,English,C
902.0,Physical Education,B
903.0,Math,D
903.0,Science,F
903.0,History,B
903.0,English,D
903.0,Physical Education,C
904.0,Math,C
904.0,Science,F
904.0,History,A
904.0,English,A
904.0,Physical Education,F
905.0,Math,D
905.0,Science,D
905.0,History,F
905.0,English,B
905.0,Physical Education,F
906.0,Math,C
906.0,Science,D
906.0,History,C
906.0,English,C
906.0,Physical Education,C
907.0,Math,F
907.0,Science,B
907.0,History,C
907.0,English,F
907.0,Physical Education,B
908.0,Math,F
908.0,Science,F
908.0,History,F
908.0,English,D
908.0,Physical Education,F
909.0,Math,C
909.0,Science,C
909.0,History,B
909.0,English,C
909.0,Physical Education,C
910.0,Math,A
910.0,Science,A
910.0,History,A
910.0,English,A
910.0,Physical Education,D
911.0,Math,F
911.0,Science,D
911.0,History,A
911.0,English,B
911.0,Physical Education,F
912.0,Math,F
912.0,Science,C
912.0,History,B
912.0,English,A
912.0,Physical Education,B
913.0,Math,C
913.0,Science,D
913.0,History,B
913.0,English,F
913.0,Physical Education,C
914.0,Math,C
914.0,Science,F
914.0,History,B
914.0,English,B
914.0,Physical Education,F
915.0,Math,A
915.0,Science,C
915.0,History,B
915.0,English,B
915.0,Physical Education,B
916.0,Math,C
916.0,Science,F
916.0,History,C
916.0,English,B
916.0,Physical Education,C
917.0,Math,B
917.0,Science,B
917.0,History,C
917.0,English,B
917.0,Physical Education,A
918.0,Math,C
918.0,Science,F
918.0,History,C
918.0,English,D
918.0,Physical Education,A
919.0,Math,A
919.0,Science,B
919.0,History,A
919.0,English,B
919.0,Physical Education,B
920.0,Math,A
920.0,Science,A
920.0,History,A
920.0,English,F
920.0,Physical Education,F
921.0,Math,B
921.0,Science,F
921.0,History,F
921.0,English,B
921.0,Physical Education,C
922.0,Math,A
922.0,Science,F
922.0,History,D
922.0,English,B
922.0,Physical Education,C
923.0,Math,B
923.0,Science,F
923.0,History,D
923.0,English,F
923.0,Physical Education,F
924.0,Math,D
924.0,Science,C
924.0,History,C
924.0,English,F
924.0,Physical Education,D
925.0,Math,C
925.0,Science,F
925.0,History,A
925.0,English,B
925.0,Physical Education,C
926.0,Math,A
926.0,Science,F
926.0,History,B
926.0,English,A
926.0,Physical Education,A
927.0,Math,D
927.0,Science,B
927.0,History,A
927.0,English,A
927.0,Physical Education,F
928.0,Math,B
928.0,Science,C
928.0,History,D
928.0,English,C
928.0,Physical Education,F
929.0,Math,D
929.0,Science,F
929.0,History,F
929.0,English,A
929.0,Physical Education,D
930.0,Math,B
930.0,Science,F
930.0,History,D
930.0,English,D
930.0,Physical Education,B
931.0,Math,C
931.0,Science,A
931.0,History,D
931.0,English,F
931.0,Physical Education,F
932.0,Math,B
932.0,Science,F
932.0,History,F
932.0,English,F
932.0,Physical Education,B
933.0,Math,A
933.0,Science,D
933.0,History,B
933.0,English,A
933.0,Physical Education,D
934.0,Math,A
934.0,Science,C
934.0,History,F
934.0,English,C
934.0,Physical Education,B
935.0,Math,C
935.0,Science,C
935.0,History,C
935.0,English,F
935.0,Physical Education,D
936.0,Math,B
936.0,Science,C
936.0,History,D
936.0,English,F
936.0,Physical Education,A
937.0,Math,C
937.0,Science,A
937.0,History,D
937.0,English,F
937.0,Physical Education,D
938.0,Math,B
938.0,Science,C
938.0,History,F
938.0,English,D
938.0,Physical Education,B
939.0,Math,B
939.0,Science,C
939.0,History,D
939.0,English,C
939.0,Physical Education,A
940.0,Math,D
940.0,Science,C
940.0,History,F
940.0,English,A
940.0,Physical Education,B
941.0,Math,A
941.0,Science,C
941.0,History,C
941.0,English,D
941.0,Physical Education,B
942.0,Math,C
942.0,Science,F
942.0,History,D
942.0,English,C
942.0,Physical Education,D
943.0,Math,D
943.0,Science,C
943.0,History,A
943.0,English,A
943.0,Physical Education,B
944.0,Math,C
944.0,Science,A
944.0,History,C
944.0,English,F
944.0,Physical Education,D
945.0,Math,B
945.0,Science,F
945.0,History,B
945.0,English,F
945.0,Physical Education,D
946.0,Math,A
946.0,Science,F
946.0,History,D
946.0,English,B
946.0,Physical Education,F
947.0,Math,B
947.0,Science,D
947.0,History,F
947.0,English,D
947.0,Physical Education,F
948.0,Math,C
948.0,Science,B
948.0,History,F
948.0,English,A
948.0,Physical Education,B
949.0,Math,F
949.0,Science,C
949.0,History,B
949.0,English,D
949.0,Physical Education,D
950.0,Math,F
950.0,Science,B
950.0,History,A
950.0,English,C
950.0,Physical Education,C
951.0,Math,F
951.0,Science,F
951.0,History,C
951.0,English,C
951.0,Physical Education,C
952.0,Math,B
952.0,Science,C
952.0,History,F
952.0,English,B
952.0,Physical Education,A
953.0,Math,F
953.0,Science,F
953.0,History,C
953.0,English,A
953.0,Physical Education,D
954.0,Math,B
954.0,Science,D
954.0,History,B
954.0,English,C
954.0,Physical Education,A
955.0,Math,D
955.0,Science,D
955.0,History,C
955.0,English,A
955.0,Physical Education,B
956.0,Math,C
956.0,Science,B
956.0,History,C
956.0,English,F
956.0,Physical Education,C
957.0,Math,A
957.0,Science,A
957.0,History,B
957.0,English,F
957.0,Physical Education,C
958.0,Math,C
958.0,Science,B
958.0,History,A
958.0,English,C
958.0,Physical Education,D
959.0,Math,D
959.0,Science,B
959.0,History,A
959.0,English,F
959.0,Physical Education,D
960.0,Math,D
960.0,Science,C
960.0,History,B
960.0,English,A
960.0,Physical Education,D
961.0,Math,C
961.0,Science,A
961.0,History,F
961.0,English,C
961.0,Physical Education,D
962.0,Math,F
962.0,Science,B
962.0,History,A
962.0,English,C
962.0,Physical Education,D
963.0,Math,C
963.0,Science,A
963.0,History,A
963.0,English,C
963.0,Physical Education,B
964.0,Math,C
964.0,Science,A
964.0,History,A
964.0,English,B
964.0,Physical Education,B
965.0,Math,A
965.0,Science,B
965.0,History,A
965.0,English,D
965.0,Physical Education,D
966.0,Math,B
966.0,Science,C
966.0,History,D
966.0,English,F
966.0,Physical Education,A
967.0,Math,C
967.0,Science,D
967.0,History,F
967.0,English,C
967.0,Physical Education,F
968.0,Math,A
968.0,Science,C
968.0,History,D
968.0,English,B
968.0,Physical Education,C
969.0,Math,F
969.0,Science,F
969.0,History,A
969.0,English,F
969.0,Physical Education,C
970.0,Math,F
970.0,Science,F
970.0,History,C
970.0,English,B
970.0,Physical Education,A
971.0,Math,F
971.0,Science,A
971.0,History,F
971.0,English,C
971.0,Physical Education,C
972.0,Math,A
972.0,Science,D
972.0,History,F
972.0,English,F
972.0,Physical Education,C
973.0,Math,C
973.0,Science,C
973.0,History,C
973.0,English,D
973.0,Physical Education,D
974.0,Math,C
974.0,Science,D
974.0,History,A
974.0,English,A
974.0,Physical Education,D
975.0,Math,A
975.0,Science,F
975.0,History,F
975.0,English,F
975.0,Physical Education,B
976.0,Math,B
976.0,Science,C
976.0,History,A
976.0,English,F
976.0,Physical Education,D
977.0,Math,A
977.0,Science,D
977.0,History,C
977.0,English,B
977.0,Physical Education,D
978.0,Math,D
978.0,Science,C
978.0,History,A
978.0,English,B
978.0,Physical Education,B
979.0,Math,A
979.0,Science,A
979.0,History,C
979.0,English,B
979.0,Physical Education,F
980.0,Math,A
980.0,Science,B
980.0,History,D
980.0,English,B
980.0,Physical Education,F
981.0,Math,B
981.0,Science,A
981.0,History,C
981.0,English,B
981.0,Physical Education,F
982.0,Math,F
982.0,Science,D
982.0,History,A
982.0,English,F
982.0,Physical Education,A
983.0,Math,B
983.0,Science,A
983.0,History,D
983.0,English,C
983.0,Physical Education,A
984.0,Math,B
984.0,Science,F
984.0,History,A
984.0,English,A
984.0,Physical Education,C
985.0,Math,D
985.0,Science,C
985.0,History,F
985.0,English,F
985.0,Physical Education,A
986.0,Math,F
986.0,Science,C
986.0,History,C
986.0,English,C
986.0,Physical Education,C
987.0,Math,F
987.0,Science,A
987.0,History,A
987.0,English,D
987.0,Physical Education,F
988.0,Math,D
988.0,Science,A
988.0,History,D
988.0,English,B
988.0,Physical Education,C
989.0,Math,C
989.0,Science,A
989.0,History,D
989.0,English,B
989.0,Physical Education,A
990.0,Math,F
990.0,Science,D
990.0,History,C
990.0,English,F
990.0,Physical Education,C
991.0,Math,B
991.0,Science,A
991.0,History,D
991.0,English,C
991.0,Physical Education,B
992.0,Math,F
992.0,Science,C
992.0,History,D
992.0,English,D
992.0,Physical Education,C
993.0,Math,C
993.0,Science,A
993.0,History,F
993.0,English,B
993.0,Physical Education,A
994.0,Math,C
994.0,Science,A
994.0,History,A
994.0,English,C
994.0,Physical Education,B
995.0,Math,D
995.0,Science,A
995.0,History,F
995.0,English,F
995.0,Physical Education,C
996.0,Math,F
996.0,Science,C
996.0,History,D
996.0,English,C
996.0,Physical Education,C
997.0,Math,B
997.0,Science,B
997.0,History,D
997.0,English,A
997.0,Physical Education,D
998.0,Math,F
998.0,Science,F
998.0,History,F
998.0,English,D
998.0,Physical Education,C
999.0,Math,B
999.0,Science,F
999.0,History,D
999.0,English,A
999.0,Physical Education,C
1000.0,Math,C
1000.0,Science,A
1000.0,History,B
1000.0,English,F
1000.0,Physical Education,F
1001.0,Math,C
1001.0,Science,B
1001.0,History,D
1001.0,English,F
1001.0,Physical Education,F
1002.0,Math,F
1002.0,Science,C
1002.0,History,F
1002.0,English,A
1002.0,Physical Education,D
1003.0,Math,C
1003.0,Science,C
1003.0,History,F
1003.0,English,B
1003.0,Physical Education,A
1004.0,Math,D
1004.0,Science,B
1004.0,History,B
1004.0,English,C
1004.0,Physical Education,B
1005.0,Math,A
1005.0,Science,F
1005.0,History,A
1005.0,English,A
1005.0,Physical Education,B
1006.0,Math,F
1006.0,Science,C
1006.0,History,C
1006.0,English,A
1006.0,Physical Education,A
1007.0,Math,D
1007.0,Science,F
1007.0,History,F
1007.0,English,F
1007.0,Physical Education,B
1008.0,Math,B
1008.0,Science,A
1008.0,History,C
1008.0,English,D
1008.0,Physical Education,B
1009.0,Math,F
1009.0,Science,A
1009.0,History,F
1009.0,English,D
1009.0,Physical Education,D
1010.0,Math,F
1010.0,Science,B
1010.0,History,D
1010.0,English,D
1010.0,Physical Education,F
1011.0,Math,A
1011.0,Science,D
1011.0,History,B
1011.0,English,A
1011.0,Physical Education,F
1012.0,Math,B
1012.0,Science,C
1012.0,History,F
1012.0,English,B
1012.0,Physical Education,C
1013.0,Math,D
1013.0,Science,D
1013.0,History,F
1013.0,English,B
1013.0,Physical Education,F
1014.0,Math,A
1014.0,Science,C
1014.0,History,F
1014.0,English,B
1014.0,Physical Education,C
1015.0,Math,C
1015.0,Science,F
1015.0,History,A
1015.0,English,C
1015.0,Physical Education,D
1016.0,Math,D
1016.0,Science,C
1016.0,History,F
1016.0,English,D
1016.0,Physical Education,C
1017.0,Math,A
1017.0,Science,C
1017.0,History,D
1017.0,English,B
1017.0,Physical Education,D
1018.0,Math,B
1018.0,Science,D
1018.0,History,D
1018.0,English,B
1018.0,Physical Education,C
1019.0,Math,B
1019.0,Science,B
1019.0,History,B
1019.0,English,B
1019.0,Physical Education,D
1020.0,Math,A
1020.0,Science,F
1020.0,History,A
1020.0,English,F
1020.0,Physical Education,D
1021.0,Math,F
1021.0,Science,D
1021.0,History,F
1021.0,English,F
1021.0,Physical Education,C
1022.0,Math,C
1022.0,Science,F
1022.0,History,B
1022.0,English,C
1022.0,Physical Education,D
1023.0,Math,F
1023.0,Science,B
1023.0,History,B
1023.0,English,B
1023.0,Physical Education,B
1024.0,Math,F
1024.0,Science,B
1024.0,History,B
1024.0,English,B
1024.0,Physical Education,C
1025.0,Math,B
1025.0,Science,A
1025.0,History,B
1025.0,English,B
1025.0,Physical Education,D
1026.0,Math,F
1026.0,Science,B
1026.0,History,D
1026.0,English,F
1026.0,Physical Education,B
1027.0,Math,C
1027.0,Science,F
1027.0,History,D
1027.0,English,F
1027.0,Physical Education,D
1028.0,Math,D
1028.0,Science,D
1028.0,History,A
1028.0,English,D
1028.0,Physical Education,D
1029.0,Math,A
1029.0,Science,C
1029.0,History,F
1029.0,English,D
1029.0,Physical Education,D
1030.0,Math,B
1030.0,Science,D
1030.0,History,F
1030.0,English,A
1030.0,Physical Education,A
1031.0,Math,B
1031.0,Science,D
1031.0,History,D
1031.0,English,C
1031.0,Physical Education,B
1032.0,Math,B
1032.0,Science,F
1032.0,History,C
1032.0,English,A
1032.0,Physical Education,A
1033.0,Math,A
1033.0,Science,D
1033.0,History,C
1033.0,English,B
1033.0,Physical Education,D
1034.0,Math,D
1034.0,Science,C
1034.0,History,D
1034.0,English,B
1034.0,Physical Education,D
1035.0,Math,F
1035.0,Science,B
1035.0,History,C
1035.0,English,A
1035.0,Physical Education,A
1036.0,Math,B
1036.0,Science,C
1036.0,History,A
1036.0,English,F
1036.0,Physical Education,D
1037.0,Math,D
1037.0,Science,D
1037.0,History,C
1037.0,English,C
1037.0,Physical Education,A
1038.0,Math,A
1038.0,Science,F
1038.0,History,C
1038.0,English,A
1038.0,Physical Education,F
1039.0,Math,A
1039.0,Science,F
1039.0,History,F
1039.0,English,D
1039.0,Physical Education,F
1040.0,Math,B
1040.0,Science,C
1040.0,History,F
1040.0,English,C
1040.0,Physical Education,C
1041.0,Math,A
1041.0,Science,C
1041.0,History,C
1041.0,English,F
1041.0,Physical Education,F
1042.0,Math,C
1042.0,Science,F
1042.0,History,B
1042.0,English,C
1042.0,Physical Education,D
1043.0,Math,D
1043.0,Science,F
1043.0,History,C
1043.0,English,C
1043.0,Physical Education,A
1044.0,Math,C
1044.0,Science,F
1044.0,History,B
1044.0,English,B
1044.0,Physical Education,D
1045.0,Math,A
1045.0,Science,C
1045.0,History,C
1045.0,English,B
1045.0,Physical Education,A
1046.0,Math,D
1046.0,Science,B
1046.0,History,F
1046.0,English,C
1046.0,Physical Education,F
1047.0,Math,D
1047.0,Science,F
1047.0,History,C
1047.0,English,D
1047.0,Physical Education,C
1048.0,Math,B
1048.0,Science,F
1048.0,History,A
1048.0,English,D
1048.0,Physical Education,C
1049.0,Math,F
1049.0,Science,D
1049.0,History,C
1049.0,English,D
1049.0,Physical Education,F
1050.0,Math,D
1050.0,Science,F
1050.0,History,C
1050.0,English,F
1050.0,Physical Education,C
1051.0,Math,C
1051.0,Science,D
1051.0,History,F
1051.0,English,D
1051.0,Physical Education,C
1052.0,Math,D
1052.0,Science,D
1052.0,History,B
1052.0,English,F
1052.0,Physical Education,A
1053.0,Math,C
1053.0,Science,C
1053.0,History,A
1053.0,English,B
1053.0,Physical Education,B
1054.0,Math,F
1054.0,Science,F
1054.0,History,F
1054.0,English,F
1054.0,Physical Education,C
1055.0,Math,F
1055.0,Science,C
1055.0,History,F
1055.0,English,C
1055.0,Physical Education,F
1056.0,Math,A
1056.0,Science,D
1056.0,History,D
1056.0,English,D
1056.0,Physical Education,B
1057.0,Math,A
1057.0,Science,A
1057.0,History,A
1057.0,English,C
1057.0,Physical Education,D
1058.0,Math,C
1058.0,Science,B
1058.0,History,F
1058.0,English,B
1058.0,Physical Education,A
1059.0,Math,A
1059.0,Science,B
1059.0,History,B
1059.0,English,D
1059.0,Physical Education,B
1060.0,Math,A
1060.0,Science,B
1060.0,History,C
1060.0,English,D
1060.0,Physical Education,C
1061.0,Math,A
1061.0,Science,D
1061.0,History,A
1061.0,English,B
1061.0,Physical Education,F
1062.0,Math,D
1062.0,Science,B
1062.0,History,D
1062.0,English,C
1062.0,Physical Education,C
1063.0,Math,F
1063.0,Science,A
1063.0,History,B
1063.0,English,D
1063.0,Physical Education,D
1064.0,Math,B
1064.0,Science,B
1064.0,History,C
1064.0,English,C
1064.0,Physical Education,A
1065.0,Math,F
1065.0,Science,A
1065.0,History,C
1065.0,English,B
1065.0,Physical Education,A
1066.0,Math,D
1066.0,Science,B
1066.0,History,C
1066.0,English,C
1066.0,Physical Education,F
1067.0,Math,B
1067.0,Science,A
1067.0,History,D
1067.0,English,B
1067.0,Physical Education,D
1068.0,Math,C
1068.0,Science,A
1068.0,History,C
1068.0,English,C
1068.0,Physical Education,F
1069.0,Math,D
1069.0,Science,C
1069.0,History,A
1069.0,English,A
1069.0,Physical Education,D
1070.0,Math,A
1070.0,Science,D
1070.0,History,F
1070.0,English,C
1070.0,Physical Education,F
1071.0,Math,F
1071.0,Science,D
1071.0,History,D
1071.0,English,C
1071.0,Physical Education,C
1072.0,Math,F
1072.0,Science,D
1072.0,History,F
1072.0,English,C
1072.0,Physical Education,D
1073.0,Math,A
1073.0,Science,A
1073.0,History,D
1073.0,English,C
1073.0,Physical Education,D
1074.0,Math,D
1074.0,Science,D
1074.0,History,C
1074.0,English,F
1074.0,Physical Education,D
1075.0,Math,F
1075.0,Science,F
1075.0,History,D
1075.0,English,F
1075.0,Physical Education,D
1076.0,Math,A
1076.0,Science,C
1076.0,History,F
1076.0,English,C
1076.0,Physical Education,D
1077.0,Math,F
1077.0,Science,B
1077.0,History,A
1077.0,English,D
1077.0,Physical Education,A
1078.0,Math,F
1078.0,Science,B
1078.0,History,A
1078.0,English,C
1078.0,Physical Education,D
1079.0,Math,B
1079.0,Science,D
1079.0,History,C
1079.0,English,C
1079.0,Physical Education,B
1080.0,Math,D
1080.0,Science,A
1080.0,History,B
1080.0,English,A
1080.0,Physical Education,B
1081.0,Math,A
1081.0,Science,A
1081.0,History,B
1081.0,English,C
1081.0,Physical Education,B
1082.0,Math,B
1082.0,Science,A
1082.0,History,C
1082.0,English,F
1082.0,Physical Education,A
1083.0,Math,D
1083.0,Science,D
1083.0,History,C
1083.0,English,A
1083.0,Physical Education,A
1084.0,Math,B
1084.0,Science,C
1084.0,History,D
1084.0,English,A
1084.0,Physical Education,F
1085.0,Math,D
1085.0,Science,D
1085.0,History,D
1085.0,English,A
1085.0,Physical Education,F
1086.0,Math,A
1086.0,Science,C
1086.0,History,F
1086.0,English,C
1086.0,Physical Education,A
1087.0,Math,C
1087.0,Science,D
1087.0,History,F
1087.0,English,A
1087.0,Physical Education,B
1088.0,Math,A
1088.0,Science,A
1088.0,History,B
1088.0,English,C
1088.0,Physical Education,C
1089.0,Math,D
1089.0,Science,D
1089.0,History,C
1089.0,English,D
1089.0,Physical Education,C
1090.0,Math,C
1090.0,Science,B
1090.0,History,C
1090.0,English,C
1090.0,Physical Education,B
1091.0,Math,D
1091.0,Science,A
1091.0,History,B
1091.0,English,C
1091.0,Physical Education,C
1092.0,Math,A
1092.0,Science,F
1092.0,History,C
1092.0,English,A
1092.0,Physical Education,C
1093.0,Math,D
1093.0,Science,A
1093.0,History,C
1093.0,English,A
1093.0,Physical Education,F
1094.0,Math,F
1094.0,Science,C
1094.0,History,F
1094.0,English,A
1094.0,Physical Education,F
1095.0,Math,D
1095.0,Science,C
1095.0,History,A
1095.0,English,B
1095.0,Physical Education,D
1096.0,Math,A
1096.0,Science,A
1096.0,History,A
1096.0,English,C
1096.0,Physical Education,B
1097.0,Math,D
1097.0,Science,B
1097.0,History,C
1097.0,English,A
1097.0,Physical Education,C
1098.0,Math,A
1098.0,Science,B
1098.0,History,B
1098.0,English,A
1098.0,Physical Education,B
1099.0,Math,F
1099.0,Science,D
1099.0,History,B
1099.0,English,A
1099.0,Physical Education,F
1100.0,Math,D
1100.0,Science,F
1100.0,History,C
1100.0,English,A
1100.0,Physical Education,B
1101.0,Math,D
1101.0,Science,C
1101.0,History,B
1101.0,English,F
1101.0,Physical Education,B
1102.0,Math,F
1102.0,Science,C
1102.0,History,D
1102.0,English,D
1102.0,Physical Education,B
1103.0,Math,A
1103.0,Science,C
1103.0,History,D
1103.0,English,C
1103.0,Physical Education,B
1104.0,Math,A
1104.0,Science,B
1104.0,History,B
1104.0,English,A
1104.0,Physical Education,D
1105.0,Math,D
1105.0,Science,A
1105.0,History,F
1105.0,English,B
1105.0,Physical Education,F
1106.0,Math,C
1106.0,Science,B
1106.0,History,A
1106.0,English,C
1106.0,Physical Education,B
1107.0,Math,F
1107.0,Science,C
1107.0,History,B
1107.0,English,D
1107.0,Physical Education,A
1108.0,Math,B
1108.0,Science,F
1108.0,History,D
1108.0,English,A
1108.0,Physical Education,F
1109.0,Math,A
1109.0,Science,C
1109.0,History,F
1109.0,English,B
1109.0,Physical Education,D
1110.0,Math,B
1110.0,Science,C
1110.0,History,B
1110.0,English,B
1110.0,Physical Education,D
1111.0,Math,C
1111.0,Science,C
1111.0,History,C
1111.0,English,C
1111.0,Physical Education,F
1112.0,Math,F
1112.0,Science,C
1112.0,History,C
1112.0,English,B
1112.0,Physical Education,C
1113.0,Math,D
1113.0,Science,C
1113.0,History,A
1113.0,English,C
1113.0,Physical Education,F
1114.0,Math,D
1114.0,Science,F
1114.0,History,D
1114.0,English,C
1114.0,Physical Education,C
1115.0,Math,A
1115.0,Science,D
1115.0,History,D
1115.0,English,F
1115.0,Physical Education,A
1116.0,Math,B
1116.0,Science,C
1116.0,History,C
1116.0,English,C
1116.0,Physical Education,F
1117.0,Math,A
1117.0,Science,F
1117.0,History,B
1117.0,English,D
1117.0,Physical Education,F
1118.0,Math,A
1118.0,Science,B
1118.0,History,F
1118.0,English,A
1118.0,Physical Education,B
1119.0,Math,F
1119.0,Science,C
1119.0,History,D
1119.0,English,F
1119.0,Physical Education,B
1120.0,Math,F
1120.0,Science,D
1120.0,History,B
1120.0,English,F
1120.0,Physical Education,D
1121.0,Math,A
1121.0,Science,C
1121.0,History,A
1121.0,English,C
1121.0,Physical Education,D
1122.0,Math,F
1122.0,Science,A
1122.0,History,B
1122.0,English,A
1122.0,Physical Education,C
1123.0,Math,D
1123.0,Science,F
1123.0,History,C
1123.0,English,C
1123.0,Physical Education,C
1124.0,Math,F
1124.0,Science,F
1124.0,History,C
1124.0,English,D
1124.0,Physical Education,D
1125.0,Math,C
1125.0,Science,F
1125.0,History,F
1125.0,English,C
1125.0,Physical Education,F
1126.0,Math,B
1126.0,Science,C
1126.0,History,C
1126.0,English,C
1126.0,Physical Education,F
1127.0,Math,D
1127.0,Science,C
1127.0,History,A
1127.0,English,F
1127.0,Physical Education,C
1128.0,Math,C
1128.0,Science,D
1128.0,History,A
1128.0,English,B
1128.0,Physical Education,C
1129.0,Math,A
1129.0,Science,A
1129.0,History,D
1129.0,English,D
1129.0,Physical Education,F
1130.0,Math,A
1130.0,Science,A
1130.0,History,A
1130.0,English,F
1130.0,Physical Education,D
1131.0,Math,F
1131.0,Science,D
1131.0,History,B
1131.0,English,A
1131.0,Physical Education,F
1132.0,Math,C
1132.0,Science,F
1132.0,History,B
1132.0,English,B
1132.0,Physical Education,D
1133.0,Math,F
1133.0,Science,A
1133.0,History,D
1133.0,English,C
1133.0,Physical Education,F
1134.0,Math,D
1134.0,Science,A
1134.0,History,D
1134.0,English,B
1134.0,Physical Education,C
1135.0,Math,C
1135.0,Science,C
1135.0,History,D
1135.0,English,A
1135.0,Physical Education,B
1136.0,Math,F
1136.0,Science,A
1136.0,History,F
1136.0,English,F
1136.0,Physical Education,C
1137.0,Math,A
1137.0,Science,B
1137.0,History,A
1137.0,English,A
1137.0,Physical Education,B
1138.0,Math,D
1138.0,Science,A
1138.0,History,F
1138.0,English,D
1138.0,Physical Education,B
1139.0,Math,F
1139.0,Science,B
1139.0,History,C
1139.0,English,F
1139.0,Physical Education,D
1140.0,Math,F
1140.0,Science,D
1140.0,History,C
1140.0,English,B
1140.0,Physical Education,D
1141.0,Math,D
1141.0,Science,A
1141.0,History,A
1141.0,English,C
1141.0,Physical Education,A
1142.0,Math,A
1142.0,Science,A
1142.0,History,B
1142.0,English,C
1142.0,Physical Education,D
1143.0,Math,D
1143.0,Science,D
1143.0,History,B
1143.0,English,F
1143.0,Physical Education,F
1144.0,Math,D
1144.0,Science,C
1144.0,History,F
1144.0,English,D
1144.0,Physical Education,D
1145.0,Math,D
1145.0,Science,F
1145.0,History,A
1145.0,English,C
1145.0,Physical Education,C
1146.0,Math,A
1146.0,Science,D
1146.0,History,B
1146.0,English,D
1146.0,Physical Education,A
1147.0,Math,C
1147.0,Science,C
1147.0,History,D
1147.0,English,A
1147.0,Physical Education,A
1148.0,Math,B
1148.0,Science,C
1148.0,History,A
1148.0,English,C
1148.0,Physical Education,D
1149.0,Math,A
1149.0,Science,A
1149.0,History,B
1149.0,English,D
1149.0,Physical Education,D
1150.0,Math,C
1150.0,Science,B
1150.0,History,C
1150.0,English,D
1150.0,Physical Education,B
1151.0,Math,A
1151.0,Science,C
1151.0,History,B
1151.0,English,F
1151.0,Physical Education,C
1152.0,Math,B
1152.0,Science,F
1152.0,History,D
1152.0,English,F
1152.0,Physical Education,B
1153.0,Math,A
1153.0,Science,B
1153.0,History,A
1153.0,English,F
1153.0,Physical Education,B
1154.0,Math,B
1154.0,Science,F
1154.0,History,D
1154.0,English,F
1154.0,Physical Education,B
1155.0,Math,D
1155.0,Science,B
1155.0,History,B
1155.0,English,D
1155.0,Physical Education,B
1156.0,Math,D
1156.0,Science,D
1156.0,History,F
1156.0,English,C
1156.0,Physical Education,D
1157.0,Math,A
1157.0,Science,F
1157.0,History,F
1157.0,English,C
1157.0,Physical Education,C
1158.0,Math,A
1158.0,Science,F
1158.0,History,B
1158.0,English,D
1158.0,Physical Education,A
1159.0,Math,D
1159.0,Science,D
1159.0,History,A
1159.0,English,A
1159.0,Physical Education,F
1160.0,Math,A
1160.0,Science,F
1160.0,History,A
1160.0,English,B
1160.0,Physical Education,F
1161.0,Math,C
1161.0,Science,A
1161.0,History,F
1161.0,English,B
1161.0,Physical Education,D
1162.0,Math,C
1162.0,Science,F
1162.0,History,C
1162.0,English,C
1162.0,Physical Education,A
1163.0,Math,A
1163.0,Science,C
1163.0,History,C
1163.0,English,B
1163.0,Physical Education,C
1164.0,Math,B
1164.0,Science,F
1164.0,History,D
1164.0,English,B
1164.0,Physical Education,D
1165.0,Math,F
1165.0,Science,B
1165.0,History,C
1165.0,English,C
1165.0,Physical Education,A
1166.0,Math,B
1166.0,Science,D
1166.0,History,D
1166.0,English,B
1166.0,Physical Education,D
1167.0,Math,A
1167.0,Science,A
1167.0,History,F
1167.0,English,D
1167.0,Physical Education,B
1168.0,Math,C
1168.0,Science,C
1168.0,History,B
1168.0,English,A
1168.0,Physical Education,F
1169.0,Math,D
1169.0,Science,B
1169.0,History,D
1169.0,English,B
1169.0,Physical Education,F
1170.0,Math,A
1170.0,Science,C
1170.0,History,F
1170.0,English,C
1170.0,Physical Education,B
1171.0,Math,F
1171.0,Science,A
1171.0,History,F
1171.0,English,F
1171.0,Physical Education,F
1172.0,Math,C
1172.0,Science,D
1172.0,History,A
1172.0,English,B
1172.0,Physical Education,D
1173.0,Math,B
1173.0,Science,B
1173.0,History,A
1173.0,English,B
1173.0,Physical Education,F
1174.0,Math,F
1174.0,Science,F
1174.0,History,A
1174.0,English,F
1174.0,Physical Education,B
1175.0,Math,B
1175.0,Science,D
1175.0,History,C
1175.0,English,A
1175.0,Physical Education,B
1176.0,Math,F
1176.0,Science,D
1176.0,History,D
1176.0,English,A
1176.0,Physical Education,D
1177.0,Math,A
1177.0,Science,C
1177.0,History,A
1177.0,English,A
1177.0,Physical Education,C
1178.0,Math,C
1178.0,Science,D
1178.0,History,C
1178.0,English,B
1178.0,Physical Education,D
1179.0,Math,D
1179.0,Science,A
1179.0,History,B
1179.0,English,C
1179.0,Physical Education,F
1180.0,Math,C
1180.0,Science,D
1180.0,History,F
1180.0,English,B
1180.0,Physical Education,F
1181.0,Math,C
1181.0,Science,C
1181.0,History,B
1181.0,English,A
1181.0,Physical Education,D
1182.0,Math,F
1182.0,Science,B
1182.0,History,F
1182.0,English,D
1182.0,Physical Education,F
1183.0,Math,B
1183.0,Science,B
1183.0,History,A
1183.0,English,F
1183.0,Physical Education,D
1184.0,Math,C
1184.0,Science,D
1184.0,History,D
1184.0,English,A
1184.0,Physical Education,F
1185.0,Math,A
1185.0,Science,A
1185.0,History,B
1185.0,English,D
1185.0,Physical Education,F
1186.0,Math,D
1186.0,Science,F
1186.0,History,C
1186.0,English,A
1186.0,Physical Education,B
1187.0,Math,C
1187.0,Science,C
1187.0,History,F
1187.0,English,D
1187.0,Physical Education,B
1188.0,Math,D
1188.0,Science,C
1188.0,History,B
1188.0,English,D
1188.0,Physical Education,B
1189.0,Math,B
1189.0,Science,F
1189.0,History,F
1189.0,English,D
1189.0,Physical Education,A
1190.0,Math,A
1190.0,Science,C
1190.0,History,A
1190.0,English,A
1190.0,Physical Education,D
1191.0,Math,A
1191.0,Science,D
1191.0,History,F
1191.0,English,A
1191.0,Physical Education,A
1192.0,Math,A
1192.0,Science,A
1192.0,History,F
1192.0,English,B
1192.0,Physical Education,B
1193.0,Math,C
1193.0,Science,C
1193.0,History,D
1193.0,English,F
1193.0,Physical Education,A
1194.0,Math,A
1194.0,Science,C
1194.0,History,F
1194.0,English,F
1194.0,Physical Education,A
1195.0,Math,B
1195.0,Science,A
1195.0,History,F
1195.0,English,B
1195.0,Physical Education,C
1196.0,Math,F
1196.0,Science,C
1196.0,History,A
1196.0,English,C
1196.0,Physical Education,B
1197.0,Math,C
1197.0,Science,C
1197.0,History,D
1197.0,English,C
1197.0,Physical Education,C
1198.0,Math,F
1198.0,Science,A
1198.0,History,A
1198.0,English,C
1198.0,Physical Education,A
1199.0,Math,C
1199.0,Science,D
1199.0,History,D
1199.0,English,D
1199.0,Physical Education,B
1200.0,Math,F
1200.0,Science,D
1200.0,History,C
1200.0,English,A
1200.0,Physical Education,B
1201.0,Math,D
1201.0,Science,F
1201.0,History,D
1201.0,English,D
1201.0,Physical Education,F
1202.0,Math,A
1202.0,Science,C
1202.0,History,B
1202.0,English,A
1202.0,Physical Education,C
1203.0,Math,C
1203.0,Science,F
1203.0,History,C
1203.0,English,D
1203.0,Physical Education,C
1204.0,Math,D
1204.0,Science,C
1204.0,History,F
1204.0,English,A
1204.0,Physical Education,B
1205.0,Math,D
1205.0,Science,A
1205.0,History,C
1205.0,English,B
1205.0,Physical Education,F
1206.0,Math,F
1206.0,Science,A
1206.0,History,A
1206.0,English,A
1206.0,Physical Education,B
1207.0,Math,F
1207.0,Science,B
1207.0,History,C
1207.0,English,A
1207.0,Physical Education,D
1208.0,Math,B
1208.0,Science,C
1208.0,History,D
1208.0,English,C
1208.0,Physical Education,C
1209.0,Math,A
1209.0,Science,D
1209.0,History,D
1209.0,English,B
1209.0,Physical Education,F
1210.0,Math,B
1210.0,Science,C
1210.0,History,D
1210.0,English,F
1210.0,Physical Education,A
1211.0,Math,F
1211.0,Science,C
1211.0,History,B
1211.0,English,F
1211.0,Physical Education,A
1212.0,Math,D
1212.0,Science,F
1212.0,History,C
1212.0,English,B
1212.0,Physical Education,D
1213.0,Math,F
1213.0,Science,C
1213.0,History,D
1213.0,English,B
1213.0,Physical Education,A
1214.0,Math,D
1214.0,Science,B
1214.0,History,A
1214.0,English,F
1214.0,Physical Education,B
1215.0,Math,B
1215.0,Science,A
1215.0,History,B
1215.0,English,B
1215.0,Physical Education,D
1216.0,Math,A
1216.0,Science,F
1216.0,History,C
1216.0,English,B
1216.0,Physical Education,F
1217.0,Math,D
1217.0,Science,F
1217.0,History,A
1217.0,English,A
1217.0,Physical Education,A
1218.0,Math,D
1218.0,Science,B
1218.0,History,C
1218.0,English,A
1218.0,Physical Education,D
1219.0,Math,D
1219.0,Science,A
1219.0,History,C
1219.0,English,B
1219.0,Physical Education,F
1220.0,Math,C
1220.0,Science,D
1220.0,History,D
1220.0,English,F
1220.0,Physical Education,C
1221.0,Math,F
1221.0,Science,D
1221.0,History,D
1221.0,English,F
1221.0,Physical Education,D
1222.0,Math,C
1222.0,Science,F
1222.0,History,D
1222.0,English,C
1222.0,Physical Education,D
1223.0,Math,D
1223.0,Science,F
1223.0,History,B
1223.0,English,A
1223.0,Physical Education,D
1224.0,Math,A
1224.0,Science,F
1224.0,History,B
1224.0,English,D
1224.0,Physical Education,B
1225.0,Math,C
1225.0,Science,F
1225.0,History,D
1225.0,English,C
1225.0,Physical Education,B
1226.0,Math,C
1226.0,Science,D
1226.0,History,F
1226.0,English,D
1226.0,Physical Education,C
1227.0,Math,B
1227.0,Science,A
1227.0,History,B
1227.0,English,C
1227.0,Physical Education,A
1228.0,Math,C
1228.0,Science,D
1228.0,History,C
1228.0,English,B
1228.0,Physical Education,F
1229.0,Math,D
1229.0,Science,A
1229.0,History,F
1229.0,English,C
1229.0,Physical Education,A
1230.0,Math,F
1230.0,Science,D
1230.0,History,D
1230.0,English,A
1230.0,Physical Education,B
1231.0,Math,B
1231.0,Science,F
1231.0,History,B
1231.0,English,F
1231.0,Physical Education,D
1232.0,Math,D
1232.0,Science,A
1232.0,History,C
1232.0,English,D
1232.0,Physical Education,B
1233.0,Math,F
1233.0,Science,B
1233.0,History,F
1233.0,English,A
1233.0,Physical Education,B
1234.0,Math,B
1234.0,Science,A
1234.0,History,D
1234.0,English,F
1234.0,Physical Education,B
1235.0,Math,A
1235.0,Science,F
1235.0,History,F
1235.0,English,D
1235.0,Physical Education,C
1236.0,Math,F
1236.0,Science,F
1236.0,History,F
1236.0,English,C
1236.0,Physical Education,B
1237.0,Math,D
1237.0,Science,C
1237.0,History,A
1237.0,English,B
1237.0,Physical Education,C
1238.0,Math,D
1238.0,Science,B
1238.0,History,C
1238.0,English,F
1238.0,Physical Education,B
1239.0,Math,C
1239.0,Science,D
1239.0,History,F
1239.0,English,D
1239.0,Physical Education,F
1240.0,Math,A
1240.0,Science,F
1240.0,History,A
1240.0,English,F
1240.0,Physical Education,C
1241.0,Math,F
1241.0,Science,C
1241.0,History,F
1241.0,English,A
1241.0,Physical Education,D
1242.0,Math,C
1242.0,Science,D
1242.0,History,B
1242.0,English,D
1242.0,Physical Education,D
1243.0,Math,D
1243.0,Science,D
1243.0,History,B
1243.0,English,A
1243.0,Physical Education,F
1244.0,Math,F
1244.0,Science,C
1244.0,History,F
1244.0,English,B
1244.0,Physical Education,F
1245.0,Math,C
1245.0,Science,D
1245.0,History,B
1245.0,English,C
1245.0,Physical Education,D
1246.0,Math,D
1246.0,Science,D
1246.0,History,F
1246.0,English,B
1246.0,Physical Education,C
1247.0,Math,A
1247.0,Science,C
1247.0,History,D
1247.0,English,C
1247.0,Physical Education,D
1248.0,Math,A
1248.0,Science,F
1248.0,History,A
1248.0,English,A
1248.0,Physical Education,B
1249.0,Math,D
1249.0,Science,A
1249.0,History,D
1249.0,English,C
1249.0,Physical Education,F
1250.0,Math,B
1250.0,Science,C
1250.0,History,C
1250.0,English,F
1250.0,Physical Education,A
1251.0,Math,A
1251.0,Science,F
1251.0,History,D
1251.0,English,B
1251.0,Physical Education,C
1252.0,Math,C
1252.0,Science,C
1252.0,History,F
1252.0,English,C
1252.0,Physical Education,C
1253.0,Math,F
1253.0,Science,D
1253.0,History,A
1253.0,English,D
1253.0,Physical Education,F
1254.0,Math,
1254.0,Science,B
1254.0,History,D
1254.0,English,B
1254.0,Physical Education,F
1255.0,Math,D
1255.0,Science,B
1255.0,History,F
1255.0,English,C
1255.0,Physical Education,A
1256.0,Math,F
1256.0,Science,F
1256.0,History,F
1256.0,English,F
1256.0,Physical Education,D
1257.0,Math,B
1257.0,Science,B
1257.0,History,C
1257.0,English,C
1257.0,Physical Education,A
1258.0,Math,F
1258.0,Science,F
1258.0,History,A
1258.0,English,C
1258.0,Physical Education,B
1259.0,Math,D
1259.0,Science,D
1259.0,History,F
1259.0,English,D
1259.0,Physical Education,F
1260.0,Math,A
1260.0,Science,A
1260.0,History,C
1260.0,English,D
1260.0,Physical Education,A
1261.0,Math,C
1261.0,Science,B
1261.0,History,D
1261.0,English,B
1261.0,Physical Education,C
1262.0,Math,A
1262.0,Science,A
1262.0,History,D
1262.0,English,F
1262.0,Physical Education,C
1263.0,Math,A
1263.0,Science,F
1263.0,History,A
1263.0,English,C
1263.0,Physical Education,F
1264.0,Math,A
1264.0,Science,C
1264.0,History,C
1264.0,English,C
1264.0,Physical Education,A
1265.0,Math,F
1265.0,Science,A
1265.0,History,D
1265.0,English,F
1265.0,Physical Education,F
1266.0,Math,C
1266.0,Science,A
1266.0,History,D
1266.0,English,F
1266.0,Physical Education,B
1267.0,Math,D
1267.0,Science,A
1267.0,History,B
1267.0,English,C
1267.0,Physical Education,B
1268.0,Math,F
1268.0,Science,A
1268.0,History,C
1268.0,English,F
1268.0,Physical Education,A
1269.0,Math,F
1269.0,Science,B
1269.0,History,D
1269.0,English,B
1269.0,Physical Education,D
1270.0,Math,F
1270.0,Science,C
1270.0,History,B
1270.0,English,A
1270.0,Physical Education,A
1271.0,Math,B
1271.0,Science,F
1271.0,History,A
1271.0,English,A
1271.0,Physical Education,D
1272.0,Math,B
1272.0,Science,D
1272.0,History,B
1272.0,English,F
1272.0,Physical Education,C
1273.0,Math,D
1273.0,Science,A
1273.0,History,C
1273.0,English,F
1273.0,Physical Education,A
1274.0,Math,C
1274.0,Science,C
1274.0,History,B
1274.0,English,D
1274.0,Physical Education,C
1275.0,Math,B
1275.0,Science,D
1275.0,History,A
1275.0,English,C
1275.0,Physical Education,D
1276.0,Math,A
1276.0,Science,A
1276.0,History,C
1276.0,English,F
1276.0,Physical Education,C
1277.0,Math,C
1277.0,Science,A
1277.0,History,B
1277.0,English,C
1277.0,Physical Education,A
1278.0,Math,D
1278.0,Science,C
1278.0,History,F
1278.0,English,B
1278.0,Physical Education,A
1279.0,Math,C
1279.0,Science,F
1279.0,History,D
1279.0,English,A
1279.0,Physical Education,A
1280.0,Math,D
1280.0,Science,D
1280.0,History,F
1280.0,English,D
1280.0,Physical Education,D
1281.0,Math,C
1281.0,Science,A
1281.0,History,C
1281.0,English,D
1281.0,Physical Education,D
1282.0,Math,A
1282.0,Science,B
1282.0,History,A
1282.0,English,F
1282.0,Physical Education,C
1283.0,Math,D
1283.0,Science,A
1283.0,History,F
1283.0,English,B
1283.0,Physical Education,D
1284.0,Math,A
1284.0,Science,C
1284.0,History,F
1284.0,English,A
1284.0,Physical Education,F
1285.0,Math,A
1285.0,Science,A
1285.0,History,C
1285.0,English,A
1285.0,Physical Education,B
1286.0,Math,C
1286.0,Science,A
1286.0,History,F
1286.0,English,F
1286.0,Physical Education,A
1287.0,Math,B
1287.0,Science,A
1287.0,History,B
1287.0,English,B
1287.0,Physical Education,D
1288.0,Math,C
1288.0,Science,D
1288.0,History,A
1288.0,English,A
1288.0,Physical Education,F
1289.0,Math,F
1289.0,Science,D
1289.0,History,F
1289.0,English,F
1289.0,Physical Education,B
1290.0,Math,D
1290.0,Science,C
1290.0,History,F
1290.0,English,F
1290.0,Physical Education,D
1291.0,Math,A
1291.0,Science,C
1291.0,History,B
1291.0,English,B
1291.0,Physical Education,D
1292.0,Math,D
1292.0,Science,A
1292.0,History,C
1292.0,English,D
1292.0,Physical Education,D
1293.0,Math,F
1293.0,Science,B
1293.0,History,C
1293.0,English,A
1293.0,Physical Education,C
1294.0,Math,C
1294.0,Science,A
1294.0,History,D
1294.0,English,D
1294.0,Physical Education,A
1295.0,Math,D
1295.0,Science,B
1295.0,History,A
1295.0,English,A
1295.0,Physical Education,B
1296.0,Math,D
1296.0,Science,C
1296.0,History,D
1296.0,English,F
1296.0,Physical Education,F
1297.0,Math,D
1297.0,Science,C
1297.0,History,A
1297.0,English,B
1297.0,Physical Education,C
1298.0,Math,D
1298.0,Science,B
1298.0,History,A
1298.0,English,B
1298.0,Physical Education,D
1299.0,Math,A
1299.0,Science,B
1299.0,History,C
1299.0,English,C
1299.0,Physical Education,F
1300.0,Math,F
1300.0,Science,F
1300.0,History,C
1300.0,English,D
1300.0,Physical Education,B
1301.0,Math,F
1301.0,Science,B
1301.0,History,C
1301.0,English,D
1301.0,Physical Education,D
1302.0,Math,B
1302.0,Science,F
1302.0,History,C
1302.0,English,A
1302.0,Physical Education,D
1303.0,Math,D
1303.0,Science,D
1303.0,History,C
1303.0,English,F
1303.0,Physical Education,B
1304.0,Math,F
1304.0,Science,D
1304.0,History,F
1304.0,English,D
1304.0,Physical Education,B
1305.0,Math,A
1305.0,Science,F
1305.0,History,F
1305.0,English,D
1305.0,Physical Education,D
1306.0,Math,D
1306.0,Science,A
1306.0,History,F
1306.0,English,A
1306.0,Physical Education,F
1307.0,Math,A
1307.0,Science,C
1307.0,History,C
1307.0,English,B
1307.0,Physical Education,F
1308.0,Math,C
1308.0,Science,F
1308.0,History,F
1308.0,English,A
1308.0,Physical Education,C
1309.0,Math,B
1309.0,Science,A
1309.0,History,A
1309.0,English,C
1309.0,Physical Education,A
1310.0,Math,B
1310.0,Science,B
1310.0,History,B
1310.0,English,B
1310.0,Physical Education,C
1311.0,Math,F
1311.0,Science,D
1311.0,History,C
1311.0,English,F
1311.0,Physical Education,F
1312.0,Math,F
1312.0,Science,B
1312.0,History,A
1312.0,English,A
1312.0,Physical Education,C
1313.0,Math,A
1313.0,Science,C
1313.0,History,A
1313.0,English,B
1313.0,Physical Education,A
1314.0,Math,B
1314.0,Science,B
1314.0,History,D
1314.0,English,D
1314.0,Physical Education,B
1315.0,Math,C
1315.0,Science,F
1315.0,History,D
1315.0,English,B
1315.0,Physical Education,C
1316.0,Math,C
1316.0,Science,F
1316.0,History,A
1316.0,English,B
1316.0,Physical Education,D
1317.0,Math,F
1317.0,Science,D
1317.0,History,F
1317.0,English,B
1317.0,Physical Education,D
1318.0,Math,D
1318.0,Science,C
1318.0,History,C
1318.0,English,A
1318.0,Physical Education,C
1319.0,Math,C
1319.0,Science,F
1319.0,History,F
1319.0,English,A
1319.0,Physical Education,B
1320.0,Math,B
1320.0,Science,F
1320.0,History,A
1320.0,English,A
1320.0,Physical Education,A
1321.0,Math,F
1321.0,Science,B
1321.0,History,F
1321.0,English,D
1321.0,Physical Education,C
1322.0,Math,A
1322.0,Science,B
1322.0,History,A
1322.0,English,B
1322.0,Physical Education,C
1323.0,Math,F
1323.0,Science,F
1323.0,History,B
1323.0,English,A
1323.0,Physical Education,A
1324.0,Math,A
1324.0,Science,F
1324.0,History,D
1324.0,English,F
1324.0,Physical Education,F
1325.0,Math,F
1325.0,Science,D
1325.0,History,A
1325.0,English,F
1325.0,Physical Education,A
1326.0,Math,B
1326.0,Science,D
1326.0,History,B
1326.0,English,A
1326.0,Physical Education,C
1327.0,Math,C
1327.0,Science,B
1327.0,History,F
1327.0,English,B
1327.0,Physical Education,B
1328.0,Math,D
1328.0,Science,B
1328.0,History,A
1328.0,English,B
1328.0,Physical Education,A
1329.0,Math,C
1329.0,Science,C
1329.0,History,A
1329.0,English,A
1329.0,Physical Education,F
1330.0,Math,F
1330.0,Science,B
1330.0,History,B
1330.0,English,F
1330.0,Physical Education,A
1331.0,Math,B
1331.0,Science,C
1331.0,History,F
1331.0,English,F
1331.0,Physical Education,C
1332.0,Math,B
1332.0,Science,F
1332.0,History,B
1332.0,English,F
1332.0,Physical Education,B
1333.0,Math,D
1333.0,Science,D
1333.0,History,D
1333.0,English,B
1333.0,Physical Education,A
1334.0,Math,F
1334.0,Science,D
1334.0,History,A
1334.0,English,F
1334.0,Physical Education,B
1335.0,Math,A
1335.0,Science,C
1335.0,History,D
1335.0,English,D
1335.0,Physical Education,D
1336.0,Math,D
1336.0,Science,D
1336.0,History,F
1336.0,English,D
1336.0,Physical Education,B
1337.0,Math,B
1337.0,Science,B
1337.0,History,F
1337.0,English,A
1337.0,Physical Education,F
1338.0,Math,D
1338.0,Science,C
1338.0,History,C
1338.0,English,F
1338.0,Physical Education,D
1339.0,Math,F
1339.0,Science,F
1339.0,History,C
1339.0,English,F
1339.0,Physical Education,D
1340.0,Math,A
1340.0,Science,D
1340.0,History,C
1340.0,English,C
1340.0,Physical Education,D
1341.0,Math,B
1341.0,Science,A
1341.0,History,C
1341.0,English,D
1341.0,Physical Education,B
1342.0,Math,C
1342.0,Science,D
1342.0,History,C
1342.0,English,B
1342.0,Physical Education,B
1343.0,Math,A
1343.0,Science,D
1343.0,History,B
1343.0,English,D
1343.0,Physical Education,C
1344.0,Math,B
1344.0,Science,D
1344.0,History,A
1344.0,English,B
1344.0,Physical Education,C
1345.0,Math,F
1345.0,Science,A
1345.0,History,B
1345.0,English,F
1345.0,Physical Education,F
1346.0,Math,A
1346.0,Science,D
1346.0,History,C
1346.0,English,C
1346.0,Physical Education,F
1347.0,Math,A
1347.0,Science,C
1347.0,History,F
1347.0,English,B
1347.0,Physical Education,C
1348.0,Math,A
1348.0,Science,A
1348.0,History,F
1348.0,English,C
1348.0,Physical Education,D
1349.0,Math,B
1349.0,Science,F
1349.0,History,B
1349.0,English,B
1349.0,Physical Education,B
1350.0,Math,B
1350.0,Science,C
1350.0,History,D
1350.0,English,A
1350.0,Physical Education,B
1351.0,Math,B
1351.0,Science,A
1351.0,History,B
1351.0,English,C
1351.0,Physical Education,F
1352.0,Math,D
1352.0,Science,A
1352.0,History,B
1352.0,English,B
1352.0,Physical Education,C
1353.0,Math,A
1353.0,Science,D
1353.0,History,B
1353.0,English,B
1353.0,Physical Education,D
1354.0,Math,D
1354.0,Science,B
1354.0,History,B
1354.0,English,B
1354.0,Physical Education,A
1355.0,Math,C
1355.0,Science,B
1355.0,History,A
1355.0,English,C
1355.0,Physical Education,D
1356.0,Math,A
1356.0,Science,A
1356.0,History,B
1356.0,English,F
1356.0,Physical Education,A
1357.0,Math,C
1357.0,Science,C
1357.0,History,F
1357.0,English,F
1357.0,Physical Education,B
1358.0,Math,D
1358.0,Science,F
1358.0,History,A
1358.0,English,C
1358.0,Physical Education,F
1359.0,Math,D
1359.0,Science,F
1359.0,History,B
1359.0,English,A
1359.0,Physical Education,D
1360.0,Math,A
1360.0,Science,B
1360.0,History,F
1360.0,English,D
1360.0,Physical Education,A
1361.0,Math,D
1361.0,Science,F
1361.0,History,B
1361.0,English,A
1361.0,Physical Education,B
1362.0,Math,D
1362.0,Science,C
1362.0,History,F
1362.0,English,F
1362.0,Physical Education,B
1363.0,Math,D
1363.0,Science,D
1363.0,History,A
1363.0,English,B
1363.0,Physical Education,B
1364.0,Math,F
1364.0,Science,B
1364.0,History,C
1364.0,English,D
1364.0,Physical Education,A
1365.0,Math,F
1365.0,Science,F
1365.0,History,F
1365.0,English,F
1365.0,Physical Education,B
1366.0,Math,C
1366.0,Science,B
1366.0,History,B
1366.0,English,C
1366.0,Physical Education,F
1367.0,Math,C
1367.0,Science,A
1367.0,History,A
1367.0,English,D
1367.0,Physical Education,F
1368.0,Math,A
1368.0,Science,C
1368.0,History,B
1368.0,English,F
1368.0,Physical Education,A
1369.0,Math,D
1369.0,Science,B
1369.0,History,D
1369.0,English,D
1369.0,Physical Education,C
1370.0,Math,F
1370.0,Science,A
1370.0,History,D
1370.0,English,C
1370.0,Physical Education,D
1371.0,Math,F
1371.0,Science,D
1371.0,History,A
1371.0,English,D
1371.0,Physical Education,A
1372.0,Math,B
1372.0,Science,D
1372.0,History,B
1372.0,English,D
1372.0,Physical Education,C
1373.0,Math,F
1373.0,Science,F
1373.0,History,A
1373.0,English,F
1373.0,Physical Education,C
1374.0,Math,C
1374.0,Science,C
1374.0,History,A
1374.0,English,B
1374.0,Physical Education,F
1375.0,Math,B
1375.0,Science,A
1375.0,History,A
1375.0,English,B
1375.0,Physical Education,F
1376.0,Math,B
1376.0,Science,B
1376.0,History,F
1376.0,English,A
1376.0,Physical Education,B
1377.0,Math,C
1377.0,Science,A
1377.0,History,C
1377.0,English,F
1377.0,Physical Education,F
1378.0,Math,A
1378.0,Science,C
1378.0,History,C
1378.0,English,F
1378.0,Physical Education,D
1379.0,Math,D
1379.0,Science,D
1379.0,History,C
1379.0,English,C
1379.0,Physical Education,F
1380.0,Math,A
1380.0,Science,F
1380.0,History,C
1380.0,English,C
1380.0,Physical Education,D
1381.0,Math,A
1381.0,Science,C
1381.0,History,D
1381.0,English,D
1381.0,Physical Education,D
1382.0,Math,B
1382.0,Science,B
1382.0,History,D
1382.0,English,A
1382.0,Physical Education,B
1383.0,Math,D
1383.0,Science,C
1383.0,History,A
1383.0,English,A
1383.0,Physical Education,C
1384.0,Math,B
1384.0,Science,B
1384.0,History,A
1384.0,English,B
1384.0,Physical Education,C
1385.0,Math,C
1385.0,Science,F
1385.0,History,B
1385.0,English,B
1385.0,Physical Education,C
1386.0,Math,D
1386.0,Science,A
1386.0,History,A
1386.0,English,B
1386.0,Physical Education,F
1387.0,Math,C
1387.0,Science,F
1387.0,History,F
1387.0,English,F
1387.0,Physical Education,B
1388.0,Math,A
1388.0,Science,F
1388.0,History,F
1388.0,English,C
1388.0,Physical Education,A
1389.0,Math,D
1389.0,Science,B
1389.0,History,F
1389.0,English,D
1389.0,Physical Education,C
1390.0,Math,B
1390.0,Science,A
1390.0,History,B
1390.0,English,F
1390.0,Physical Education,A
1391.0,Math,D
1391.0,Science,B
1391.0,History,A
1391.0,English,C
1391.0,Physical Education,B
1392.0,Math,D
1392.0,Science,B
1392.0,History,B
1392.0,English,A
1392.0,Physical Education,D
1393.0,Math,B
1393.0,Science,B
1393.0,History,F
1393.0,English,D
1393.0,Physical Education,D
1394.0,Math,F
1394.0,Science,C
1394.0,History,B
1394.0,English,B
1394.0,Physical Education,D
1395.0,Math,B
1395.0,Science,D
1395.0,History,F
1395.0,English,D
1395.0,Physical Education,B
1396.0,Math,A
1396.0,Science,C
1396.0,History,B
1396.0,English,F
1396.0,Physical Education,F
1397.0,Math,B
1397.0,Science,D
1397.0,History,C
1397.0,English,A
1397.0,Physical Education,B
1398.0,Math,D
1398.0,Science,F
1398.0,History,B
1398.0,English,A
1398.0,Physical Education,C
1399.0,Math,C
1399.0,Science,C
1399.0,History,C
1399.0,English,A
1399.0,Physical Education,F
1400.0,Math,D
1400.0,Science,A
1400.0,History,F
1400.0,English,C
1400.0,Physical Education,D
1401.0,Math,B
1401.0,Science,F
1401.0,History,C
1401.0,English,C
1401.0,Physical Education,F
1402.0,Math,A
1402.0,Science,A
1402.0,History,A
1402.0,English,A
1402.0,Physical Education,C
1403.0,Math,C
1403.0,Science,F
1403.0,History,B
1403.0,English,B
1403.0,Physical Education,D
1404.0,Math,C
1404.0,Science,D
1404.0,History,C
1404.0,English,A
1404.0,Physical Education,B
1405.0,Math,D
1405.0,Science,A
1405.0,History,F
1405.0,English,F
1405.0,Physical Education,B
1406.0,Math,C
1406.0,Science,C
1406.0,History,C
1406.0,English,C
1406.0,Physical Education,A
1407.0,Math,C
1407.0,Science,D
1407.0,History,A
1407.0,English,C
1407.0,Physical Education,D
1408.0,Math,B
1408.0,Science,B
1408.0,History,B
1408.0,English,C
1408.0,Physical Education,C
1409.0,Math,A
1409.0,Science,F
1409.0,History,B
1409.0,English,B
1409.0,Physical Education,F
1410.0,Math,F
1410.0,Science,D
1410.0,History,A
1410.0,English,C
1410.0,Physical Education,F
1411.0,Math,A
1411.0,Science,D
1411.0,History,F
1411.0,English,F
1411.0,Physical Education,A
1412.0,Math,D
1412.0,Science,D
1412.0,History,F
1412.0,English,C
1412.0,Physical Education,F
1413.0,Math,C
1413.0,Science,D
1413.0,History,C
1413.0,English,A
1413.0,Physical Education,A
1414.0,Math,C
1414.0,Science,B
1414.0,History,B
1414.0,English,D
1414.0,Physical Education,C
1415.0,Math,F
1415.0,Science,A
1415.0,History,A
1415.0,English,A
1415.0,Physical Education,A
1416.0,Math,B
1416.0,Science,A
1416.0,History,C
1416.0,English,C
1416.0,Physical Education,B
1417.0,Math,C
1417.0,Science,F
1417.0,History,A
1417.0,English,B
1417.0,Physical Education,D
1418.0,Math,D
1418.0,Science,A
1418.0,History,D
1418.0,English,F
1418.0,Physical Education,D
1419.0,Math,D
1419.0,Science,B
1419.0,History,D
1419.0,English,B
1419.0,Physical Education,F
1420.0,Math,A
1420.0,Science,D
1420.0,History,C
1420.0,English,A
1420.0,Physical Education,D
1421.0,Math,B
1421.0,Science,B
1421.0,History,B
1421.0,English,A
1421.0,Physical Education,A
1422.0,Math,C
1422.0,Science,D
1422.0,History,A
1422.0,English,C
1422.0,Physical Education,B
1423.0,Math,C
1423.0,Science,F
1423.0,History,B
1423.0,English,D
1423.0,Physical Education,D
1424.0,Math,D
1424.0,Science,A
1424.0,History,F
1424.0,English,A
1424.0,Physical Education,F
1425.0,Math,B
1425.0,Science,F
1425.0,History,C
1425.0,English,C
1425.0,Physical Education,C
1426.0,Math,B
1426.0,Science,B
1426.0,History,A
1426.0,English,B
1426.0,Physical Education,F
1427.0,Math,D
1427.0,Science,C
1427.0,History,D
1427.0,English,A
1427.0,Physical Education,C
1428.0,Math,A
1428.0,Science,C
1428.0,History,F
1428.0,English,F
1428.0,Physical Education,B
1429.0,Math,C
1429.0,Science,D
1429.0,History,F
1429.0,English,B
1429.0,Physical Education,B
1430.0,Math,C
1430.0,Science,C
1430.0,History,D
1430.0,English,A
1430.0,Physical Education,C
1431.0,Math,F
1431.0,Science,A
1431.0,History,C
1431.0,English,D
1431.0,Physical Education,A
1432.0,Math,D
1432.0,Science,B
1432.0,History,C
1432.0,English,C
1432.0,Physical Education,F
1433.0,Math,B
1433.0,Science,D
1433.0,History,B
1433.0,English,B
1433.0,Physical Education,F
1434.0,Math,F
1434.0,Science,F
1434.0,History,B
1434.0,English,D
1434.0,Physical Education,C
1435.0,Math,B
1435.0,Science,D
1435.0,History,D
1435.0,English,F
1435.0,Physical Education,B
1436.0,Math,C
1436.0,Science,C
1436.0,History,B
1436.0,English,F
1436.0,Physical Education,B
1437.0,Math,C
1437.0,Science,D
1437.0,History,D
1437.0,English,A
1437.0,Physical Education,D
1438.0,Math,D
1438.0,Science,F
1438.0,History,D
1438.0,English,B
1438.0,Physical Education,D
1439.0,Math,A
1439.0,Science,C
1439.0,History,F
1439.0,English,F
1439.0,Physical Education,C
1440.0,Math,F
1440.0,Science,D
1440.0,History,B
1440.0,English,C
1440.0,Physical Education,B
1441.0,Math,B
1441.0,Science,D
1441.0,History,B
1441.0,English,A
1441.0,Physical Education,B
1442.0,Math,C
1442.0,Science,F
1442.0,History,C
1442.0,English,C
1442.0,Physical Education,F
1443.0,Math,D
1443.0,Science,B
1443.0,History,B
1443.0,English,B
1443.0,Physical Education,F
1444.0,Math,A
1444.0,Science,C
1444.0,History,A
1444.0,English,C
1444.0,Physical Education,C
1445.0,Math,C
1445.0,Science,A
1445.0,History,D
1445.0,English,A
1445.0,Physical Education,D
1446.0,Math,A
1446.0,Science,D
1446.0,History,A
1446.0,English,A
1446.0,Physical Education,C
1447.0,Math,F
1447.0,Science,A
1447.0,History,B
1447.0,English,B
1447.0,Physical Education,A
1448.0,Math,F
1448.0,Science,D
1448.0,History,B
1448.0,English,A
1448.0,Physical Education,C
1449.0,Math,B
1449.0,Science,D
1449.0,History,C
1449.0,English,C
1449.0,Physical Education,D
1450.0,Math,A
1450.0,Science,A
1450.0,History,C
1450.0,English,D
1450.0,Physical Education,C
1451.0,Math,A
1451.0,Science,B
1451.0,History,B
1451.0,English,B
1451.0,Physical Education,D
1452.0,Math,F
1452.0,Science,D
1452.0,History,D
1452.0,English,B
1452.0,Physical Education,C
1453.0,Math,A
1453.0,Science,B
1453.0,History,F
1453.0,English,F
1453.0,Physical Education,D
1454.0,Math,D
1454.0,Science,D
1454.0,History,A
1454.0,English,D
1454.0,Physical Education,A
1455.0,Math,A
1455.0,Science,F
1455.0,History,D
1455.0,English,C
1455.0,Physical Education,D
1456.0,Math,F
1456.0,Science,F
1456.0,History,B
1456.0,English,A
1456.0,Physical Education,A
1457.0,Math,B
1457.0,Science,C
1457.0,History,A
1457.0,English,F
1457.0,Physical Education,A
1458.0,Math,F
1458.0,Science,B
1458.0,History,C
1458.0,English,F
1458.0,Physical Education,F
1459.0,Math,D
1459.0,Science,C
1459.0,History,C
1459.0,English,C
1459.0,Physical Education,D
1460.0,Math,D
1460.0,Science,D
1460.0,History,F
1460.0,English,B
1460.0,Physical Education,A
1461.0,Math,F
1461.0,Science,B
1461.0,History,B
1461.0,English,C
1461.0,Physical Education,F
1462.0,Math,D
1462.0,Science,D
1462.0,History,B
1462.0,English,A
1462.0,Physical Education,C
1463.0,Math,F
1463.0,Science,B
1463.0,History,C
1463.0,English,D
1463.0,Physical Education,D
1464.0,Math,F
1464.0,Science,A
1464.0,History,C
1464.0,English,F
1464.0,Physical Education,A
1465.0,Math,F
1465.0,Science,F
1465.0,History,B
1465.0,English,F
1465.0,Physical Education,A
1466.0,Math,B
1466.0,Science,C
1466.0,History,A
1466.0,English,B
1466.0,Physical Education,B
1467.0,Math,B
1467.0,Science,B
1467.0,History,F
1467.0,English,F
1467.0,Physical Education,B
1468.0,Math,F
1468.0,Science,C
1468.0,History,D
1468.0,English,D
1468.0,Physical Education,C
1469.0,Math,A
1469.0,Science,A
1469.0,History,B
1469.0,English,F
1469.0,Physical Education,D
1470.0,Math,F
1470.0,Science,F
1470.0,History,F
1470.0,English,F
1470.0,Physical Education,B
1471.0,Math,B
1471.0,Science,A
1471.0,History,D
1471.0,English,D
1471.0,Physical Education,F
1472.0,Math,D
1472.0,Science,C
1472.0,History,F
1472.0,English,A
1472.0,Physical Education,D
1473.0,Math,A
1473.0,Science,D
1473.0,History,A
1473.0,English,F
1473.0,Physical Education,D
1474.0,Math,D
1474.0,Science,D
1474.0,History,A
1474.0,English,C
1474.0,Physical Education,D
1475.0,Math,B
1475.0,Science,B
1475.0,History,F
1475.0,English,C
1475.0,Physical Education,D
1476.0,Math,C
1476.0,Science,B
1476.0,History,F
1476.0,English,F
1476.0,Physical Education,F
1477.0,Math,F
1477.0,Science,A
1477.0,History,F
1477.0,English,D
1477.0,Physical Education,B
1478.0,Math,A
1478.0,Science,A
1478.0,History,A
1478.0,English,C
1478.0,Physical Education,B
1479.0,Math,A
1479.0,Science,B
1479.0,History,C
1479.0,English,B
1479.0,Physical Education,A
1480.0,Math,B
1480.0,Science,B
1480.0,History,B
1480.0,English,B
1480.0,Physical Education,A
1481.0,Math,F
1481.0,Science,A
1481.0,History,C
1481.0,English,F
1481.0,Physical Education,C
1482.0,Math,B
1482.0,Science,D
1482.0,History,C
1482.0,English,F
1482.0,Physical Education,B
1483.0,Math,D
1483.0,Science,B
1483.0,History,D
1483.0,English,C
1483.0,Physical Education,A
1484.0,Math,B
1484.0,Science,D
1484.0,History,D
1484.0,English,D
1484.0,Physical Education,C
1485.0,Math,D
1485.0,Science,F
1485.0,History,A
1485.0,English,A
1485.0,Physical Education,B
1486.0,Math,C
1486.0,Science,F
1486.0,History,F
1486.0,English,B
1486.0,Physical Education,A
1487.0,Math,B
1487.0,Science,A
1487.0,History,C
1487.0,English,B
1487.0,Physical Education,A
1488.0,Math,F
1488.0,Science,A
1488.0,History,B
1488.0,English,C
1488.0,Physical Education,B
1489.0,Math,B
1489.0,Science,B
1489.0,History,B
1489.0,English,F
1489.0,Physical Education,F
1490.0,Math,C
1490.0,Science,B
1490.0,History,C
1490.0,English,C
1490.0,Physical Education,B
1491.0,Math,B
1491.0,Science,F
1491.0,History,A
1491.0,English,B
1491.0,Physical Education,D
1492.0,Math,D
1492.0,Science,D
1492.0,History,B
1492.0,English,C
1492.0,Physical Education,B
1493.0,Math,F
1493.0,Science,B
1493.0,History,F
1493.0,English,B
1493.0,Physical Education,A
1494.0,Math,B
1494.0,Science,C
1494.0,History,D
1494.0,English,D
1494.0,Physical Education,F
1495.0,Math,B
1495.0,Science,D
1495.0,History,D
1495.0,English,C
1495.0,Physical Education,D
1496.0,Math,D
1496.0,Science,B
1496.0,History,A
1496.0,English,A
1496.0,Physical Education,F
1497.0,Math,F
1497.0,Science,C
1497.0,History,D
1497.0,English,B
1497.0,Physical Education,C
1498.0,Math,B
1498.0,Science,A
1498.0,History,B
1498.0,English,B
1498.0,Physical Education,C
1499.0,Math,C
1499.0,Science,C
1499.0,History,A
1499.0,English,D
1499.0,Physical Education,F
1500.0,Math,B
1500.0,Science,D
1500.0,History,F
1500.0,English,B
1500.0,Physical Education,B
1501.0,Math,D
1501.0,Science,A
1501.0,History,F
1501.0,English,C
1501.0,Physical Education,B
1502.0,Math,D
1502.0,Science,B
1502.0,History,F
1502.0,English,A
1502.0,Physical Education,F
1503.0,Math,A
1503.0,Science,B
1503.0,History,A
1503.0,English,D
1503.0,Physical Education,B
1504.0,Math,B
1504.0,Science,F
1504.0,History,C
1504.0,English,F
1504.0,Physical Education,D
1505.0,Math,B
1505.0,Science,F
1505.0,History,D
1505.0,English,B
1505.0,Physical Education,D
1506.0,Math,D
1506.0,Science,D
1506.0,History,C
1506.0,English,B
1506.0,Physical Education,F
1507.0,Math,A
1507.0,Science,D
1507.0,History,A
1507.0,English,D
1507.0,Physical Education,D
1508.0,Math,D
1508.0,Science,A
1508.0,History,A
1508.0,English,A
1508.0,Physical Education,B
1509.0,Math,D
1509.0,Science,F
1509.0,History,F
1509.0,English,D
1509.0,Physical Education,D
1510.0,Math,F
1510.0,Science,C
1510.0,History,A
1510.0,English,B
1510.0,Physical Education,A
1511.0,Math,B
1511.0,Science,C
1511.0,History,A
1511.0,English,D
1511.0,Physical Education,A
1512.0,Math,F
1512.0,Science,C
1512.0,History,F
1512.0,English,D
1512.0,Physical Education,C
1513.0,Math,C
1513.0,Science,F
1513.0,History,A
1513.0,English,C
1513.0,Physical Education,F
1514.0,Math,A
1514.0,Science,A
1514.0,History,F
1514.0,English,C
1514.0,Physical Education,D
1515.0,Math,F
1515.0,Science,A
1515.0,History,A
1515.0,English,B
1515.0,Physical Education,D
1516.0,Math,B
1516.0,Science,D
1516.0,History,C
1516.0,English,B
1516.0,Physical Education,D
1517.0,Math,A
1517.0,Science,A
1517.0,History,A
1517.0,English,A
1517.0,Physical Education,D
1518.0,Math,F
1518.0,Science,A
1518.0,History,F
1518.0,English,A
1518.0,Physical Education,B
1519.0,Math,A
1519.0,Science,D
1519.0,History,C
1519.0,English,D
1519.0,Physical Education,D
1520.0,Math,A
1520.0,Science,B
1520.0,History,B
1520.0,English,C
1520.0,Physical Education,F
1521.0,Math,A
1521.0,Science,A
1521.0,History,B
1521.0,English,D
1521.0,Physical Education,C
1522.0,Math,B
1522.0,Science,A
1522.0,History,B
1522.0,English,C
1522.0,Physical Education,D
1523.0,Math,B
1523.0,Science,D
1523.0,History,C
1523.0,English,A
1523.0,Physical Education,F
1524.0,Math,D
1524.0,Science,B
1524.0,History,D
1524.0,English,C
1524.0,Physical Education,C
1525.0,Math,F
1525.0,Science,A
1525.0,History,A
1525.0,English,F
1525.0,Physical Education,C
1526.0,Math,D
1526.0,Science,A
1526.0,History,D
1526.0,English,C
1526.0,Physical Education,C
1527.0,Math,D
1527.0,Science,F
1527.0,History,F
1527.0,English,F
1527.0,Physical Education,F
1528.0,Math,F
1528.0,Science,D
1528.0,History,C
1528.0,English,B
1528.0,Physical Education,A
1529.0,Math,F
1529.0,Science,D
1529.0,History,F
1529.0,English,D
1529.0,Physical Education,B
1530.0,Math,D
1530.0,Science,A
1530.0,History,A
1530.0,English,A
1530.0,Physical Education,A
1531.0,Math,B
1531.0,Science,C
1531.0,History,B
1531.0,English,B
1531.0,Physical Education,C
1532.0,Math,F
1532.0,Science,C
1532.0,History,F
1532.0,English,C
1532.0,Physical Education,A
1533.0,Math,D
1533.0,Science,C
1533.0,History,C
1533.0,English,B
1533.0,Physical Education,C
1534.0,Math,D
1534.0,Science,C
1534.0,History,A
1534.0,English,A
1534.0,Physical Education,C
1535.0,Math,C
1535.0,Science,F
1535.0,History,A
1535.0,English,C
1535.0,Physical Education,F
1536.0,Math,D
1536.0,Science,C
1536.0,History,D
1536.0,English,F
1536.0,Physical Education,D
1537.0,Math,A
1537.0,Science,F
1537.0,History,A
1537.0,English,C
1537.0,Physical Education,D
1538.0,Math,D
1538.0,Science,F
1538.0,History,F
1538.0,English,B
1538.0,Physical Education,B
1539.0,Math,C
1539.0,Science,B
1539.0,History,A
1539.0,English,C
1539.0,Physical Education,D
1540.0,Math,B
1540.0,Science,A
1540.0,History,C
1540.0,English,A
1540.0,Physical Education,F
1541.0,Math,B
1541.0,Science,B
1541.0,History,B
1541.0,English,C
1541.0,Physical Education,C
1542.0,Math,C
1542.0,Science,A
1542.0,History,D
1542.0,English,F
1542.0,Physical Education,F
1543.0,Math,D
1543.0,Science,F
1543.0,History,B
1543.0,English,D
1543.0,Physical Education,D
1544.0,Math,B
1544.0,Science,C
1544.0,History,B
1544.0,English,B
1544.0,Physical Education,A
1545.0,Math,D
1545.0,Science,C
1545.0,History,F
1545.0,English,F
1545.0,Physical Education,B
1546.0,Math,B
1546.0,Science,D
1546.0,History,F
1546.0,English,D
1546.0,Physical Education,F
1547.0,Math,A
1547.0,Science,F
1547.0,History,B
1547.0,English,B
1547.0,Physical Education,A
1548.0,Math,A
1548.0,Science,B
1548.0,History,A
1548.0,English,C
1548.0,Physical Education,B
1549.0,Math,F
1549.0,Science,C
1549.0,History,D
1549.0,English,D
1549.0,Physical Education,B
1550.0,Math,C
1550.0,Science,A
1550.0,History,A
1550.0,English,A
1550.0,Physical Education,F
1551.0,Math,D
1551.0,Science,C
1551.0,History,D
1551.0,English,A
1551.0,Physical Education,B
1552.0,Math,A
1552.0,Science,C
1552.0,History,F
1552.0,English,A
1552.0,Physical Education,C
1553.0,Math,B
1553.0,Science,D
1553.0,History,A
1553.0,English,C
1553.0,Physical Education,A
1554.0,Math,D
1554.0,Science,C
1554.0,History,C
1554.0,English,D
1554.0,Physical Education,D
1555.0,Math,D
1555.0,Science,D
1555.0,History,F
1555.0,English,B
1555.0,Physical Education,F
1556.0,Math,C
1556.0,Science,D
1556.0,History,A
1556.0,English,C
1556.0,Physical Education,B
1557.0,Math,F
1557.0,Science,C
1557.0,History,F
1557.0,English,F
1557.0,Physical Education,F
1558.0,Math,F
1558.0,Science,D
1558.0,History,D
1558.0,English,D
1558.0,Physical Education,B
1559.0,Math,C
1559.0,Science,A
1559.0,History,D
1559.0,English,C
1559.0,Physical Education,D
1560.0,Math,D
1560.0,Science,A
1560.0,History,C
1560.0,English,A
1560.0,Physical Education,B
1561.0,Math,D
1561.0,Science,A
1561.0,History,C
1561.0,English,A
1561.0,Physical Education,F
1562.0,Math,F
1562.0,Science,A
1562.0,History,D
1562.0,English,C
1562.0,Physical Education,B
1563.0,Math,C
1563.0,Science,A
1563.0,History,D
1563.0,English,C
1563.0,Physical Education,F
1564.0,Math,B
1564.0,Science,A
1564.0,History,C
1564.0,English,A
1564.0,Physical Education,C
1565.0,Math,D
1565.0,Science,B
1565.0,History,C
1565.0,English,B
1565.0,Physical Education,A
1566.0,Math,A
1566.0,Science,C
1566.0,History,F
1566.0,English,F
1566.0,Physical Education,F
1567.0,Math,A
1567.0,Science,A
1567.0,History,C
1567.0,English,F
1567.0,Physical Education,B
1568.0,Math,B
1568.0,Science,F
1568.0,History,D
1568.0,English,C
1568.0,Physical Education,D
1569.0,Math,A
1569.0,Science,B
1569.0,History,D
1569.0,English,F
1569.0,Physical Education,B
1570.0,Math,D
1570.0,Science,D
1570.0,History,D
1570.0,English,C
1570.0,Physical Education,D
1571.0,Math,A
1571.0,Science,F
1571.0,History,C
1571.0,English,C
1571.0,Physical Education,C
1572.0,Math,A
1572.0,Science,F
1572.0,History,F
1572.0,English,F
1572.0,Physical Education,D
1573.0,Math,F
1573.0,Science,D
1573.0,History,C
1573.0,English,D
1573.0,Physical Education,F
1574.0,Math,D
1574.0,Science,C
1574.0,History,C
1574.0,English,C
1574.0,Physical Education,F
1575.0,Math,D
1575.0,Science,C
1575.0,History,B
1575.0,English,F
1575.0,Physical Education,D
1576.0,Math,B
1576.0,Science,C
1576.0,History,C
1576.0,English,B
1576.0,Physical Education,F
1577.0,Math,A
1577.0,Science,D
1577.0,History,C
1577.0,English,F
1577.0,Physical Education,C
1578.0,Math,C
1578.0,Science,F
1578.0,History,B
1578.0,English,B
1578.0,Physical Education,D
1579.0,Math,B
1579.0,Science,B
1579.0,History,D
1579.0,English,D
1579.0,Physical Education,A
1580.0,Math,B
1580.0,Science,F
1580.0,History,A
1580.0,English,A
1580.0,Physical Education,F
1581.0,Math,D
1581.0,Science,C
1581.0,History,F
1581.0,English,D
1581.0,Physical Education,A
1582.0,Math,D
1582.0,Science,B
1582.0,History,F
1582.0,English,B
1582.0,Physical Education,C
1583.0,Math,C
1583.0,Science,C
1583.0,History,B
1583.0,English,A
1583.0,Physical Education,A
1584.0,Math,F
1584.0,Science,A
1584.0,History,F
1584.0,English,D
1584.0,Physical Education,D
1585.0,Math,F
1585.0,Science,D
1585.0,History,F
1585.0,English,C
1585.0,Physical Education,B
1586.0,Math,A
1586.0,Science,B
1586.0,History,C
1586.0,English,A
1586.0,Physical Education,B
1587.0,Math,A
1587.0,Science,C
1587.0,History,F
1587.0,English,F
1587.0,Physical Education,C
1588.0,Math,D
1588.0,Science,D
1588.0,History,A
1588.0,English,C
1588.0,Physical Education,D
1589.0,Math,A
1589.0,Science,F
1589.0,History,D
1589.0,English,B
1589.0,Physical Education,C
1590.0,Math,F
1590.0,Science,F
1590.0,History,F
1590.0,English,A
1590.0,Physical Education,A
1591.0,Math,A
1591.0,Science,F
1591.0,History,D
1591.0,English,B
1591.0,Physical Education,D
1592.0,Math,A
1592.0,Science,A
1592.0,History,C
1592.0,English,D
1592.0,Physical Education,F
1593.0,Math,D
1593.0,Science,C
1593.0,History,F
1593.0,English,B
1593.0,Physical Education,D
1594.0,Math,D
1594.0,Science,D
1594.0,History,B
1594.0,English,A
1594.0,Physical Education,A
1595.0,Math,A
1595.0,Science,F
1595.0,History,C
1595.0,English,D
1595.0,Physical Education,F
1596.0,Math,D
1596.0,Science,C
1596.0,History,A
1596.0,English,B
1596.0,Physical Education,D
1597.0,Math,A
1597.0,Science,C
1597.0,History,D
1597.0,English,C
1597.0,Physical Education,D
1598.0,Math,A
1598.0,Science,F
1598.0,History,B
1598.0,English,B
1598.0,Physical Education,C
1599.0,Math,C
1599.0,Science,A
1599.0,History,C
1599.0,English,C
1599.0,Physical Education,D
1600.0,Math,A
1600.0,Science,D
1600.0,History,B
1600.0,English,D
1600.0,Physical Education,B
1601.0,Math,C
1601.0,Science,C
1601.0,History,C
1601.0,English,D
1601.0,Physical Education,C
1602.0,Math,F
1602.0,Science,C
1602.0,History,F
1602.0,English,B
1602.0,Physical Education,F
1603.0,Math,D
1603.0,Science,B
1603.0,History,C
1603.0,English,C
1603.0,Physical Education,B
1604.0,Math,D
1604.0,Science,C
1604.0,History,D
1604.0,English,C
1604.0,Physical Education,B
1605.0,Math,F
1605.0,Science,B
1605.0,History,C
1605.0,English,C
1605.0,Physical Education,C
1606.0,Math,F
1606.0,Science,A
1606.0,History,D
1606.0,English,D
1606.0,Physical Education,F
1607.0,Math,A
1607.0,Science,A
1607.0,History,A
1607.0,English,B
1607.0,Physical Education,B
1608.0,Math,A
1608.0,Science,B
1608.0,History,D
1608.0,English,C
1608.0,Physical Education,F
1609.0,Math,B
1609.0,Science,F
1609.0,History,F
1609.0,English,C
1609.0,Physical Education,A
1610.0,Math,D
1610.0,Science,B
1610.0,History,A
1610.0,English,A
1610.0,Physical Education,D
1611.0,Math,F
1611.0,Science,D
1611.0,History,C
1611.0,English,F
1611.0,Physical Education,F
1612.0,Math,F
1612.0,Science,F
1612.0,History,D
1612.0,English,F
1612.0,Physical Education,F
1613.0,Math,C
1613.0,Science,B
1613.0,History,C
1613.0,English,B
1613.0,Physical Education,D
1614.0,Math,A
1614.0,Science,D
1614.0,History,F
1614.0,English,C
1614.0,Physical Education,A
1615.0,Math,B
1615.0,Science,B
1615.0,History,A
1615.0,English,B
1615.0,Physical Education,A
1616.0,Math,F
1616.0,Science,D
1616.0,History,C
1616.0,English,B
1616.0,Physical Education,A
1617.0,Math,D
1617.0,Science,D
1617.0,History,B
1617.0,English,D
1617.0,Physical Education,F
1618.0,Math,A
1618.0,Science,A
1618.0,History,D
1618.0,English,F
1618.0,Physical Education,A
1619.0,Math,B
1619.0,Science,B
1619.0,History,D
1619.0,English,F
1619.0,Physical Education,A
1620.0,Math,A
1620.0,Science,C
1620.0,History,D
1620.0,English,A
1620.0,Physical Education,D
1621.0,Math,F
1621.0,Science,B
1621.0,History,C
1621.0,English,F
1621.0,Physical Education,D
1622.0,Math,C
1622.0,Science,A
1622.0,History,F
1622.0,English,D
1622.0,Physical Education,D
1623.0,Math,D
1623.0,Science,F
1623.0,History,B
1623.0,English,B
1623.0,Physical Education,C
1624.0,Math,D
1624.0,Science,A
1624.0,History,C
1624.0,English,D
1624.0,Physical Education,C
1625.0,Math,D
1625.0,Science,F
1625.0,History,A
1625.0,English,C
1625.0,Physical Education,D
1626.0,Math,A
1626.0,Science,D
1626.0,History,A
1626.0,English,A
1626.0,Physical Education,B
1627.0,Math,F
1627.0,Science,A
1627.0,History,A
1627.0,English,C
1627.0,Physical Education,C
1628.0,Math,B
1628.0,Science,F
1628.0,History,F
1628.0,English,F
1628.0,Physical Education,F
1629.0,Math,D
1629.0,Science,D
1629.0,History,A
1629.0,English,F
1629.0,Physical Education,D
1630.0,Math,B
1630.0,Science,F
1630.0,History,A
1630.0,English,B
1630.0,Physical Education,D
1631.0,Math,A
1631.0,Science,D
1631.0,History,D
1631.0,English,A
1631.0,Physical Education,B
1632.0,Math,D
1632.0,Science,A
1632.0,History,B
1632.0,English,F
1632.0,Physical Education,B
1633.0,Math,F
1633.0,Science,B
1633.0,History,F
1633.0,English,C
1633.0,Physical Education,D
1634.0,Math,C
1634.0,Science,B
1634.0,History,B
1634.0,English,A
1634.0,Physical Education,D
1635.0,Math,B
1635.0,Science,B
1635.0,History,C
1635.0,English,A
1635.0,Physical Education,C
1636.0,Math,C
1636.0,Science,F
1636.0,History,F
1636.0,English,A
1636.0,Physical Education,D
1637.0,Math,A
1637.0,Science,B
1637.0,History,F
1637.0,English,A
1637.0,Physical Education,F
1638.0,Math,B
1638.0,Science,D
1638.0,History,F
1638.0,English,A
1638.0,Physical Education,A
1639.0,Math,B
1639.0,Science,F
1639.0,History,C
1639.0,English,C
1639.0,Physical Education,C
1640.0,Math,D
1640.0,Science,F
1640.0,History,B
1640.0,English,A
1640.0,Physical Education,B
1641.0,Math,C
1641.0,Science,C
1641.0,History,C
1641.0,English,D
1641.0,Physical Education,C
1642.0,Math,D
1642.0,Science,D
1642.0,History,A
1642.0,English,C
1642.0,Physical Education,B
1643.0,Math,B
1643.0,Science,D
1643.0,History,B
1643.0,English,F
1643.0,Physical Education,D
1644.0,Math,A
1644.0,Science,B
1644.0,History,A
1644.0,English,D
1644.0,Physical Education,F
1645.0,Math,C
1645.0,Science,A
1645.0,History,A
1645.0,English,D
1645.0,Physical Education,D
1646.0,Math,D
1646.0,Science,C
1646.0,History,C
1646.0,English,B
1646.0,Physical Education,F
1647.0,Math,C
1647.0,Science,C
1647.0,History,B
1647.0,English,B
1647.0,Physical Education,C
1648.0,Math,F
1648.0,Science,C
1648.0,History,F
1648.0,English,D
1648.0,Physical Education,F
1649.0,Math,B
1649.0,Science,C
1649.0,History,F
1649.0,English,D
1649.0,Physical Education,A
1650.0,Math,F
1650.0,Science,D
1650.0,History,D
1650.0,English,A
1650.0,Physical Education,B
1651.0,Math,B
1651.0,Science,C
1651.0,History,A
1651.0,English,D
1651.0,Physical Education,B
1652.0,Math,C
1652.0,Science,A
1652.0,History,F
1652.0,English,C
1652.0,Physical Education,A
1653.0,Math,C
1653.0,Science,D
1653.0,History,F
1653.0,English,D
1653.0,Physical Education,D
1654.0,Math,F
1654.0,Science,B
1654.0,History,D
1654.0,English,F
1654.0,Physical Education,B
1655.0,Math,C
1655.0,Science,A
1655.0,History,F
1655.0,English,A
1655.0,Physical Education,A
1656.0,Math,F
1656.0,Science,B
1656.0,History,D
1656.0,English,A
1656.0,Physical Education,F
1657.0,Math,C
1657.0,Science,C
1657.0,History,C
1657.0,English,C
1657.0,Physical Education,C
1658.0,Math,C
1658.0,Science,D
1658.0,History,F
1658.0,English,C
1658.0,Physical Education,A
1659.0,Math,D
1659.0,Science,A
1659.0,History,B
1659.0,English,D
1659.0,Physical Education,D
1660.0,Math,B
1660.0,Science,D
1660.0,History,D
1660.0,English,F
1660.0,Physical Education,C
1661.0,Math,F
1661.0,Science,C
1661.0,History,B
1661.0,English,B
1661.0,Physical Education,B
1662.0,Math,C
1662.0,Science,B
1662.0,History,F
1662.0,English,D
1662.0,Physical Education,F
1663.0,Math,D
1663.0,Science,A
1663.0,History,D
1663.0,English,B
1663.0,Physical Education,B
1664.0,Math,F
1664.0,Science,D
1664.0,History,C
1664.0,English,F
1664.0,Physical Education,D
1665.0,Math,D
1665.0,Science,C
1665.0,History,B
1665.0,English,D
1665.0,Physical Education,A
1666.0,Math,F
1666.0,Science,F
1666.0,History,C
1666.0,English,F
1666.0,Physical Education,A
1667.0,Math,C
1667.0,Science,A
1667.0,History,C
1667.0,English,A
1667.0,Physical Education,C
1668.0,Math,C
1668.0,Science,D
1668.0,History,D
1668.0,English,D
1668.0,Physical Education,B
1669.0,Math,C
1669.0,Science,C
1669.0,History,B
1669.0,English,D
1669.0,Physical Education,B
1670.0,Math,B
1670.0,Science,A
1670.0,History,B
1670.0,English,D
1670.0,Physical Education,A
1671.0,Math,A
1671.0,Science,A
1671.0,History,A
1671.0,English,F
1671.0,Physical Education,B
1672.0,Math,D
1672.0,Science,B
1672.0,History,F
1672.0,English,F
1672.0,Physical Education,B
1673.0,Math,F
1673.0,Science,A
1673.0,History,C
1673.0,English,C
1673.0,Physical Education,A
1674.0,Math,F
1674.0,Science,A
1674.0,History,B
1674.0,English,B
1674.0,Physical Education,C
1675.0,Math,B
1675.0,Science,B
1675.0,History,D
1675.0,English,B
1675.0,Physical Education,D
1676.0,Math,D
1676.0,Science,F
1676.0,History,D
1676.0,English,D
1676.0,Physical Education,C
1677.0,Math,C
1677.0,Science,B
1677.0,History,B
1677.0,English,F
1677.0,Physical Education,D
1678.0,Math,D
1678.0,Science,A
1678.0,History,C
1678.0,English,A
1678.0,Physical Education,F
1679.0,Math,A
1679.0,Science,F
1679.0,History,B
1679.0,English,D
1679.0,Physical Education,F
1680.0,Math,D
1680.0,Science,C
1680.0,History,C
1680.0,English,B
1680.0,Physical Education,A
1681.0,Math,D
1681.0,Science,A
1681.0,History,B
1681.0,English,A
1681.0,Physical Education,B
1682.0,Math,C
1682.0,Science,D
1682.0,History,A
1682.0,English,A
1682.0,Physical Education,B
1683.0,Math,B
1683.0,Science,C
1683.0,History,D
1683.0,English,B
1683.0,Physical Education,A
1684.0,Math,B
1684.0,Science,A
1684.0,History,C
1684.0,English,D
1684.0,Physical Education,B
1685.0,Math,D
1685.0,Science,F
1685.0,History,F
1685.0,English,B
1685.0,Physical Education,B
1686.0,Math,B
1686.0,Science,D
1686.0,History,D
1686.0,English,D
1686.0,Physical Education,C
1687.0,Math,A
1687.0,Science,B
1687.0,History,B
1687.0,English,B
1687.0,Physical Education,B
1688.0,Math,C
1688.0,Science,C
1688.0,History,D
1688.0,English,D
1688.0,Physical Education,B
1689.0,Math,B
1689.0,Science,A
1689.0,History,C
1689.0,English,C
1689.0,Physical Education,F
1690.0,Math,F
1690.0,Science,D
1690.0,History,D
1690.0,English,A
1690.0,Physical Education,B
1691.0,Math,A
1691.0,Science,B
1691.0,History,C
1691.0,English,A
1691.0,Physical Education,F
1692.0,Math,A
1692.0,Science,C
1692.0,History,C
1692.0,English,C
1692.0,Physical Education,A
1693.0,Math,D
1693.0,Science,F
1693.0,History,B
1693.0,English,A
1693.0,Physical Education,B
1694.0,Math,B
1694.0,Science,F
1694.0,History,A
1694.0,English,A
1694.0,Physical Education,D
1695.0,Math,D
1695.0,Science,C
1695.0,History,D
1695.0,English,B
1695.0,Physical Education,D
1696.0,Math,B
1696.0,Science,C
1696.0,History,B
1696.0,English,C
1696.0,Physical Education,A
1697.0,Math,F
1697.0,Science,F
1697.0,History,D
1697.0,English,F
1697.0,Physical Education,F
1698.0,Math,B
1698.0,Science,A
1698.0,History,C
1698.0,English,A
1698.0,Physical Education,F
1699.0,Math,A
1699.0,Science,B
1699.0,History,A
1699.0,English,A
1699.0,Physical Education,C
1700.0,Math,A
1700.0,Science,D
1700.0,History,F
1700.0,English,D
1700.0,Physical Education,D
1701.0,Math,C
1701.0,Science,C
1701.0,History,B
1701.0,English,D
1701.0,Physical Education,C
1702.0,Math,D
1702.0,Science,B
1702.0,History,A
1702.0,English,D
1702.0,Physical Education,A
1703.0,Math,B
1703.0,Science,B
1703.0,History,D
1703.0,English,B
1703.0,Physical Education,D
1704.0,Math,A
1704.0,Science,F
1704.0,History,D
1704.0,English,F
1704.0,Physical Education,F
1705.0,Math,F
1705.0,Science,B
1705.0,History,C
1705.0,English,B
1705.0,Physical Education,C
1706.0,Math,D
1706.0,Science,D
1706.0,History,F
1706.0,English,B
1706.0,Physical Education,B
1707.0,Math,A
1707.0,Science,D
1707.0,History,F
1707.0,English,D
1707.0,Physical Education,A
1708.0,Math,D
1708.0,Science,D
1708.0,History,B
1708.0,English,D
1708.0,Physical Education,A
1709.0,Math,A
1709.0,Science,F
1709.0,History,A
1709.0,English,D
1709.0,Physical Education,C
1710.0,Math,F
1710.0,Science,F
1710.0,History,B
1710.0,English,D
1710.0,Physical Education,B
1711.0,Math,F
1711.0,Science,D
1711.0,History,F
1711.0,English,D
1711.0,Physical Education,A
1712.0,Math,D
1712.0,Science,A
1712.0,History,B
1712.0,English,B
1712.0,Physical Education,B
1713.0,Math,B
1713.0,Science,D
1713.0,History,C
1713.0,English,C
1713.0,Physical Education,C
1714.0,Math,C
1714.0,Science,F
1714.0,History,B
1714.0,English,D
1714.0,Physical Education,B
1715.0,Math,D
1715.0,Science,C
1715.0,History,D
1715.0,English,C
1715.0,Physical Education,F
1716.0,Math,F
1716.0,Science,B
1716.0,History,B
1716.0,English,F
1716.0,Physical Education,F
1717.0,Math,F
1717.0,Science,C
1717.0,History,B
1717.0,English,B
1717.0,Physical Education,D
1718.0,Math,C
1718.0,Science,A
1718.0,History,C
1718.0,English,A
1718.0,Physical Education,C
1719.0,Math,D
1719.0,Science,A
1719.0,History,A
1719.0,English,F
1719.0,Physical Education,D
1720.0,Math,A
1720.0,Science,A
1720.0,History,F
1720.0,English,F
1720.0,Physical Education,F
1721.0,Math,A
1721.0,Science,A
1721.0,History,C
1721.0,English,A
1721.0,Physical Education,D
1722.0,Math,F
1722.0,Science,D
1722.0,History,B
1722.0,English,B
1722.0,Physical Education,D
1723.0,Math,B
1723.0,Science,B
1723.0,History,C
1723.0,English,F
1723.0,Physical Education,F
1724.0,Math,F
1724.0,Science,A
1724.0,History,B
1724.0,English,C
1724.0,Physical Education,A
1725.0,Math,C
1725.0,Science,F
1725.0,History,D
1725.0,English,D
1725.0,Physical Education,B
1726.0,Math,A
1726.0,Science,B
1726.0,History,A
1726.0,English,B
1726.0,Physical Education,D
1727.0,Math,F
1727.0,Science,F
1727.0,History,A
1727.0,English,D
1727.0,Physical Education,A
1728.0,Math,D
1728.0,Science,B
1728.0,History,B
1728.0,English,C
1728.0,Physical Education,B
1729.0,Math,C
1729.0,Science,C
1729.0,History,F
1729.0,English,A
1729.0,Physical Education,F
1730.0,Math,B
1730.0,Science,A
1730.0,History,D
1730.0,English,D
1730.0,Physical Education,A
1731.0,Math,C
1731.0,Science,A
1731.0,History,D
1731.0,English,F
1731.0,Physical Education,F
1732.0,Math,B
1732.0,Science,A
1732.0,History,D
1732.0,English,B
1732.0,Physical Education,D
1733.0,Math,A
1733.0,Science,A
1733.0,History,C
1733.0,English,D
1733.0,Physical Education,F
1734.0,Math,F
1734.0,Science,C
1734.0,History,F
1734.0,English,C
1734.0,Physical Education,A
1735.0,Math,D
1735.0,Science,B
1735.0,History,C
1735.0,English,D
1735.0,Physical Education,F
1736.0,Math,F
1736.0,Science,B
1736.0,History,F
1736.0,English,C
1736.0,Physical Education,C
1737.0,Math,A
1737.0,Science,B
1737.0,History,A
1737.0,English,A
1737.0,Physical Education,F
1738.0,Math,A
1738.0,Science,B
1738.0,History,B
1738.0,English,A
1738.0,Physical Education,C
1739.0,Math,F
1739.0,Science,F
1739.0,History,F
1739.0,English,F
1739.0,Physical Education,C
1740.0,Math,C
1740.0,Science,F
1740.0,History,C
1740.0,English,B
1740.0,Physical Education,B
1741.0,Math,B
1741.0,Science,A
1741.0,History,C
1741.0,English,D
1741.0,Physical Education,C
1742.0,Math,D
1742.0,Science,C
1742.0,History,D
1742.0,English,B
1742.0,Physical Education,C
1743.0,Math,B
1743.0,Science,D
1743.0,History,D
1743.0,English,A
1743.0,Physical Education,A
1744.0,Math,C
1744.0,Science,F
1744.0,History,C
1744.0,English,F
1744.0,Physical Education,A
1745.0,Math,B
1745.0,Science,F
1745.0,History,C
1745.0,English,B
1745.0,Physical Education,D
1746.0,Math,B
1746.0,Science,A
1746.0,History,D
1746.0,English,C
1746.0,Physical Education,F
1747.0,Math,F
1747.0,Science,A
1747.0,History,C
1747.0,English,C
1747.0,Physical Education,D
1748.0,Math,A
1748.0,Science,A
1748.0,History,A
1748.0,English,F
1748.0,Physical Education,D
1749.0,Math,C
1749.0,Science,B
1749.0,History,A
1749.0,English,D
1749.0,Physical Education,D
1750.0,Math,A
1750.0,Science,B
1750.0,History,A
1750.0,English,F
1750.0,Physical Education,A
1751.0,Math,D
1751.0,Science,B
1751.0,History,C
1751.0,English,C
1751.0,Physical Education,C
1752.0,Math,D
1752.0,Science,D
1752.0,History,B
1752.0,English,B
1752.0,Physical Education,D
1753.0,Math,F
1753.0,Science,D
1753.0,History,C
1753.0,English,F
1753.0,Physical Education,B
1754.0,Math,B
1754.0,Science,C
1754.0,History,D
1754.0,English,C
1754.0,Physical Education,F
1755.0,Math,C
1755.0,Science,F
1755.0,History,F
1755.0,English,D
1755.0,Physical Education,D
1756.0,Math,C
1756.0,Science,C
1756.0,History,A
1756.0,English,A
1756.0,Physical Education,F
1757.0,Math,D
1757.0,Science,D
1757.0,History,D
1757.0,English,C
1757.0,Physical Education,B
1758.0,Math,C
1758.0,Science,A
1758.0,History,F
1758.0,English,A
1758.0,Physical Education,A
1759.0,Math,B
1759.0,Science,F
1759.0,History,F
1759.0,English,D
1759.0,Physical Education,D
1760.0,Math,A
1760.0,Science,A
1760.0,History,B
1760.0,English,C
1760.0,Physical Education,A
1761.0,Math,D
1761.0,Science,A
1761.0,History,D
1761.0,English,F
1761.0,Physical Education,C
1762.0,Math,D
1762.0,Science,C
1762.0,History,F
1762.0,English,D
1762.0,Physical Education,D
1763.0,Math,F
1763.0,Science,B
1763.0,History,C
1763.0,English,A
1763.0,Physical Education,F
1764.0,Math,F
1764.0,Science,A
1764.0,History,A
1764.0,English,A
1764.0,Physical Education,F
1765.0,Math,F
1765.0,Science,C
1765.0,History,F
1765.0,English,A
1765.0,Physical Education,C
1766.0,Math,A
1766.0,Science,B
1766.0,History,F
1766.0,English,D
1766.0,Physical Education,C
1767.0,Math,A
1767.0,Science,C
1767.0,History,A
1767.0,English,B
1767.0,Physical Education,C
1768.0,Math,A
1768.0,Science,D
1768.0,History,D
1768.0,English,B
1768.0,Physical Education,D
1769.0,Math,C
1769.0,Science,F
1769.0,History,C
1769.0,English,C
1769.0,Physical Education,C
1770.0,Math,B
1770.0,Science,A
1770.0,History,C
1770.0,English,C
1770.0,Physical Education,F
1771.0,Math,D
1771.0,Science,F
1771.0,History,F
1771.0,English,C
1771.0,Physical Education,A
1772.0,Math,C
1772.0,Science,D
1772.0,History,C
1772.0,English,F
1772.0,Physical Education,D
1773.0,Math,F
1773.0,Science,F
1773.0,History,F
1773.0,English,C
1773.0,Physical Education,B
1774.0,Math,A
1774.0,Science,C
1774.0,History,D
1774.0,English,F
1774.0,Physical Education,B
1775.0,Math,C
1775.0,Science,F
1775.0,History,A
1775.0,English,A
1775.0,Physical Education,F
1776.0,Math,B
1776.0,Science,C
1776.0,History,D
1776.0,English,C
1776.0,Physical Education,A
1777.0,Math,A
1777.0,Science,D
1777.0,History,D
1777.0,English,C
1777.0,Physical Education,D
1778.0,Math,B
1778.0,Science,C
1778.0,History,A
1778.0,English,D
1778.0,Physical Education,C
1779.0,Math,D
1779.0,Science,D
1779.0,History,B
1779.0,English,D
1779.0,Physical Education,A
1780.0,Math,D
1780.0,Science,B
1780.0,History,B
1780.0,English,C
1780.0,Physical Education,A
1781.0,Math,D
1781.0,Science,C
1781.0,History,B
1781.0,English,C
1781.0,Physical Education,C
1782.0,Math,C
1782.0,Science,B
1782.0,History,D
1782.0,English,A
1782.0,Physical Education,C
1783.0,Math,A
1783.0,Science,C
1783.0,History,C
1783.0,English,C
1783.0,Physical Education,F
1784.0,Math,C
1784.0,Science,B
1784.0,History,D
1784.0,English,B
1784.0,Physical Education,A
1785.0,Math,F
1785.0,Science,D
1785.0,History,A
1785.0,English,F
1785.0,Physical Education,C
1786.0,Math,B
1786.0,Science,B
1786.0,History,D
1786.0,English,F
1786.0,Physical Education,A
1787.0,Math,C
1787.0,Science,D
1787.0,History,F
1787.0,English,F
1787.0,Physical Education,F
1788.0,Math,F
1788.0,Science,A
1788.0,History,D
1788.0,English,A
1788.0,Physical Education,A
1789.0,Math,B
1789.0,Science,C
1789.0,History,C
1789.0,English,D
1789.0,Physical Education,B
1790.0,Math,A
1790.0,Science,C
1790.0,History,A
1790.0,English,A
1790.0,Physical Education,F
1791.0,Math,A
1791.0,Science,D
1791.0,History,D
1791.0,English,F
1791.0,Physical Education,B
1792.0,Math,B
1792.0,Science,F
1792.0,History,D
1792.0,English,C
1792.0,Physical Education,C
1793.0,Math,D
1793.0,Science,B
1793.0,History,C
1793.0,English,A
1793.0,Physical Education,C
1794.0,Math,F
1794.0,Science,A
1794.0,History,B
1794.0,English,F
1794.0,Physical Education,D
1795.0,Math,C
1795.0,Science,D
1795.0,History,F
1795.0,English,A
1795.0,Physical Education,A
1796.0,Math,F
1796.0,Science,B
1796.0,History,C
1796.0,English,C
1796.0,Physical Education,C
1797.0,Math,B
1797.0,Science,B
1797.0,History,D
1797.0,English,B
1797.0,Physical Education,C
1798.0,Math,A
1798.0,Science,D
1798.0,History,F
1798.0,English,D
1798.0,Physical Education,C
1799.0,Math,C
1799.0,Science,D
1799.0,History,D
1799.0,English,F
1799.0,Physical Education,A
1800.0,Math,D
1800.0,Science,C
1800.0,History,D
1800.0,English,A
1800.0,Physical Education,A
1801.0,Math,B
1801.0,Science,C
1801.0,History,D
1801.0,English,F
1801.0,Physical Education,B
1802.0,Math,B
1802.0,Science,C
1802.0,History,A
1802.0,English,F
1802.0,Physical Education,B
1803.0,Math,B
1803.0,Science,A
1803.0,History,B
1803.0,English,A
1803.0,Physical Education,D
1804.0,Math,B
1804.0,Science,C
1804.0,History,A
1804.0,English,F
1804.0,Physical Education,B
1805.0,Math,F
1805.0,Science,B
1805.0,History,C
1805.0,English,C
1805.0,Physical Education,A
1806.0,Math,B
1806.0,Science,F
1806.0,History,B
1806.0,English,F
1806.0,Physical Education,A
1807.0,Math,C
1807.0,Science,A
1807.0,History,C
1807.0,English,C
1807.0,Physical Education,A
1808.0,Math,B
1808.0,Science,C
1808.0,History,A
1808.0,English,A
1808.0,Physical Education,C
1809.0,Math,B
1809.0,Science,A
1809.0,History,A
1809.0,English,A
1809.0,Physical Education,A
1810.0,Math,D
1810.0,Science,F
1810.0,History,B
1810.0,English,A
1810.0,Physical Education,A
1811.0,Math,F
1811.0,Science,B
1811.0,History,B
1811.0,English,D
1811.0,Physical Education,D
1812.0,Math,A
1812.0,Science,C
1812.0,History,F
1812.0,English,F
1812.0,Physical Education,C
1813.0,Math,D
1813.0,Science,C
1813.0,History,F
1813.0,English,B
1813.0,Physical Education,D
1814.0,Math,D
1814.0,Science,A
1814.0,History,B
1814.0,English,C
1814.0,Physical Education,F
1815.0,Math,A
1815.0,Science,C
1815.0,History,A
1815.0,English,F
1815.0,Physical Education,F
1816.0,Math,B
1816.0,Science,C
1816.0,History,C
1816.0,English,F
1816.0,Physical Education,F
1817.0,Math,B
1817.0,Science,F
1817.0,History,F
1817.0,English,D
1817.0,Physical Education,F
1818.0,Math,B
1818.0,Science,B
1818.0,History,C
1818.0,English,F
1818.0,Physical Education,D
1819.0,Math,B
1819.0,Science,F
1819.0,History,C
1819.0,English,B
1819.0,Physical Education,F
1820.0,Math,D
1820.0,Science,D
1820.0,History,D
1820.0,English,B
1820.0,Physical Education,D
1821.0,Math,C
1821.0,Science,B
1821.0,History,D
1821.0,English,D
1821.0,Physical Education,A
1822.0,Math,A
1822.0,Science,B
1822.0,History,D
1822.0,English,B
1822.0,Physical Education,A
1823.0,Math,A
1823.0,Science,A
1823.0,History,B
1823.0,English,B
1823.0,Physical Education,C
1824.0,Math,C
1824.0,Science,A
1824.0,History,A
1824.0,English,F
1824.0,Physical Education,B
1825.0,Math,C
1825.0,Science,C
1825.0,History,B
1825.0,English,B
1825.0,Physical Education,A
1826.0,Math,A
1826.0,Science,B
1826.0,History,B
1826.0,English,F
1826.0,Physical Education,D
1827.0,Math,F
1827.0,Science,A
1827.0,History,A
1827.0,English,D
1827.0,Physical Education,B
1828.0,Math,C
1828.0,Science,B
1828.0,History,C
1828.0,English,A
1828.0,Physical Education,B
1829.0,Math,D
1829.0,Science,D
1829.0,History,C
1829.0,English,A
1829.0,Physical Education,D
1830.0,Math,B
1830.0,Science,B
1830.0,History,D
1830.0,English,A
1830.0,Physical Education,F
1831.0,Math,B
1831.0,Science,B
1831.0,History,C
1831.0,English,D
1831.0,Physical Education,B
1832.0,Math,C
1832.0,Science,C
1832.0,History,C
1832.0,English,A
1832.0,Physical Education,C
1833.0,Math,D
1833.0,Science,C
1833.0,History,A
1833.0,English,F
1833.0,Physical Education,D
1834.0,Math,F
1834.0,Science,B
1834.0,History,B
1834.0,English,F
1834.0,Physical Education,D
1835.0,Math,A
1835.0,Science,D
1835.0,History,C
1835.0,English,F
1835.0,Physical Education,F
1836.0,Math,C
1836.0,Science,C
1836.0,History,D
1836.0,English,C
1836.0,Physical Education,C
1837.0,Math,C
1837.0,Science,A
1837.0,History,A
1837.0,English,A
1837.0,Physical Education,D
1838.0,Math,B
1838.0,Science,D
1838.0,History,B
1838.0,English,B
1838.0,Physical Education,C
1839.0,Math,A
1839.0,Science,A
1839.0,History,D
1839.0,English,B
1839.0,Physical Education,B
1840.0,Math,F
1840.0,Science,C
1840.0,History,C
1840.0,English,A
1840.0,Physical Education,D
1841.0,Math,B
1841.0,Science,A
1841.0,History,A
1841.0,English,F
1841.0,Physical Education,F
1842.0,Math,F
1842.0,Science,F
1842.0,History,C
1842.0,English,A
1842.0,Physical Education,A
1843.0,Math,F
1843.0,Science,C
1843.0,History,C
1843.0,English,A
1843.0,Physical Education,B
1844.0,Math,A
1844.0,Science,C
1844.0,History,A
1844.0,English,D
1844.0,Physical Education,A
1845.0,Math,F
1845.0,Science,A
1845.0,History,B
1845.0,English,C
1845.0,Physical Education,A
1846.0,Math,F
1846.0,Science,F
1846.0,History,F
1846.0,English,B
1846.0,Physical Education,A
1847.0,Math,C
1847.0,Science,B
1847.0,History,C
1847.0,English,D
1847.0,Physical Education,A
1848.0,Math,C
1848.0,Science,D
1848.0,History,B
1848.0,English,D
1848.0,Physical Education,A
1849.0,Math,A
1849.0,Science,A
1849.0,History,D
1849.0,English,F
1849.0,Physical Education,C
1850.0,Math,F
1850.0,Science,B
1850.0,History,A
1850.0,English,F
1850.0,Physical Education,A
1851.0,Math,A
1851.0,Science,C
1851.0,History,C
1851.0,English,C
1851.0,Physical Education,F
1852.0,Math,B
1852.0,Science,F
1852.0,History,D
1852.0,English,B
1852.0,Physical Education,B
1853.0,Math,C
1853.0,Science,A
1853.0,History,A
1853.0,English,C
1853.0,Physical Education,D
1854.0,Math,A
1854.0,Science,A
1854.0,History,A
1854.0,English,B
1854.0,Physical Education,F
1855.0,Math,D
1855.0,Science,F
1855.0,History,D
1855.0,English,A
1855.0,Physical Education,D
1856.0,Math,F
1856.0,Science,F
1856.0,History,B
1856.0,English,D
1856.0,Physical Education,F
1857.0,Math,C
1857.0,Science,C
1857.0,History,D
1857.0,English,C
1857.0,Physical Education,D
1858.0,Math,A
1858.0,Science,C
1858.0,History,D
1858.0,English,B
1858.0,Physical Education,C
1859.0,Math,C
1859.0,Science,A
1859.0,History,D
1859.0,English,C
1859.0,Physical Education,D
1860.0,Math,D
1860.0,Science,F
1860.0,History,D
1860.0,English,B
1860.0,Physical Education,A
1861.0,Math,F
1861.0,Science,D
1861.0,History,A
1861.0,English,D
1861.0,Physical Education,B
1862.0,Math,F
1862.0,Science,F
1862.0,History,A
1862.0,English,D
1862.0,Physical Education,B
1863.0,Math,A
1863.0,Science,C
1863.0,History,C
1863.0,English,D
1863.0,Physical Education,F
1864.0,Math,B
1864.0,Science,B
1864.0,History,C
1864.0,English,D
1864.0,Physical Education,C
1865.0,Math,A
1865.0,Science,A
1865.0,History,F
1865.0,English,F
1865.0,Physical Education,F
1866.0,Math,B
1866.0,Science,A
1866.0,History,B
1866.0,English,F
1866.0,Physical Education,C
1867.0,Math,B
1867.0,Science,D
1867.0,History,A
1867.0,English,D
1867.0,Physical Education,C
1868.0,Math,B
1868.0,Science,F
1868.0,History,C
1868.0,English,B
1868.0,Physical Education,A
1869.0,Math,A
1869.0,Science,B
1869.0,History,C
1869.0,English,A
1869.0,Physical Education,F
1870.0,Math,D
1870.0,Science,D
1870.0,History,B
1870.0,English,F
1870.0,Physical Education,C
1871.0,Math,C
1871.0,Science,A
1871.0,History,D
1871.0,English,C
1871.0,Physical Education,C
1872.0,Math,F
1872.0,Science,C
1872.0,History,C
1872.0,English,A
1872.0,Physical Education,F
1873.0,Math,F
1873.0,Science,C
1873.0,History,F
1873.0,English,D
1873.0,Physical Education,D
1874.0,Math,B
1874.0,Science,C
1874.0,History,F
1874.0,English,A
1874.0,Physical Education,C
1875.0,Math,A
1875.0,Science,C
1875.0,History,C
1875.0,English,C
1875.0,Physical Education,C
1876.0,Math,C
1876.0,Science,D
1876.0,History,D
1876.0,English,A
1876.0,Physical Education,C
1877.0,Math,D
1877.0,Science,C
1877.0,History,B
1877.0,English,F
1877.0,Physical Education,B
1878.0,Math,B
1878.0,Science,B
1878.0,History,D
1878.0,English,B
1878.0,Physical Education,F
1879.0,Math,A
1879.0,Science,A
1879.0,History,C
1879.0,English,F
1879.0,Physical Education,C
1880.0,Math,D
1880.0,Science,B
1880.0,History,D
1880.0,English,D
1880.0,Physical Education,B
1881.0,Math,C
1881.0,Science,C
1881.0,History,B
1881.0,English,C
1881.0,Physical Education,C
1882.0,Math,B
1882.0,Science,A
1882.0,History,B
1882.0,English,C
1882.0,Physical Education,C
1883.0,Math,D
1883.0,Science,C
1883.0,History,A
1883.0,English,F
1883.0,Physical Education,A
1884.0,Math,A
1884.0,Science,D
1884.0,History,B
1884.0,English,C
1884.0,Physical Education,D
1885.0,Math,A
1885.0,Science,C
1885.0,History,F
1885.0,English,C
1885.0,Physical Education,F
1886.0,Math,A
1886.0,Science,A
1886.0,History,D
1886.0,English,F
1886.0,Physical Education,C
1887.0,Math,F
1887.0,Science,D
1887.0,History,A
1887.0,English,A
1887.0,Physical Education,F
1888.0,Math,C
1888.0,Science,D
1888.0,History,F
1888.0,English,B
1888.0,Physical Education,F
1889.0,Math,B
1889.0,Science,A
1889.0,History,B
1889.0,English,D
1889.0,Physical Education,B
1890.0,Math,C
1890.0,Science,C
1890.0,History,D
1890.0,English,F
1890.0,Physical Education,D
1891.0,Math,F
1891.0,Science,F
1891.0,History,A
1891.0,English,F
1891.0,Physical Education,B
1892.0,Math,D
1892.0,Science,B
1892.0,History,F
1892.0,English,F
1892.0,Physical Education,F
1893.0,Math,D
1893.0,Science,F
1893.0,History,C
1893.0,English,D
1893.0,Physical Education,B
1894.0,Math,A
1894.0,Science,F
1894.0,History,A
1894.0,English,D
1894.0,Physical Education,A
1895.0,Math,C
1895.0,Science,C
1895.0,History,F
1895.0,English,D
1895.0,Physical Education,B
1896.0,Math,B
1896.0,Science,F
1896.0,History,B
1896.0,English,C
1896.0,Physical Education,D
1897.0,Math,C
1897.0,Science,A
1897.0,History,B
1897.0,English,D
1897.0,Physical Education,A
1898.0,Math,B
1898.0,Science,C
1898.0,History,D
1898.0,English,B
1898.0,Physical Education,F
1899.0,Math,B
1899.0,Science,F
1899.0,History,F
1899.0,English,A
1899.0,Physical Education,A
1900.0,Math,A
1900.0,Science,F
1900.0,History,B
1900.0,English,F
1900.0,Physical Education,A
1901.0,Math,A
1901.0,Science,F
1901.0,History,A
1901.0,English,C
1901.0,Physical Education,B
1902.0,Math,A
1902.0,Science,A
1902.0,History,B
1902.0,English,C
1902.0,Physical Education,A
1903.0,Math,D
1903.0,Science,D
1903.0,History,F
1903.0,English,C
1903.0,Physical Education,A
1904.0,Math,C
1904.0,Science,B
1904.0,History,C
1904.0,English,C
1904.0,Physical Education,C
1905.0,Math,D
1905.0,Science,D
1905.0,History,D
1905.0,English,D
1905.0,Physical Education,F
1906.0,Math,F
1906.0,Science,D
1906.0,History,F
1906.0,English,C
1906.0,Physical Education,B
1907.0,Math,B
1907.0,Science,F
1907.0,History,F
1907.0,English,A
1907.0,Physical Education,B
1908.0,Math,A
1908.0,Science,D
1908.0,History,C
1908.0,English,D
1908.0,Physical Education,F
1909.0,Math,F
1909.0,Science,F
1909.0,History,C
1909.0,English,C
1909.0,Physical Education,C
1910.0,Math,B
1910.0,Science,F
1910.0,History,D
1910.0,English,D
1910.0,Physical Education,A
1911.0,Math,D
1911.0,Science,D
1911.0,History,D
1911.0,English,B
1911.0,Physical Education,A
1912.0,Math,B
1912.0,Science,F
1912.0,History,B
1912.0,English,A
1912.0,Physical Education,A
1913.0,Math,D
1913.0,Science,B
1913.0,History,F
1913.0,English,F
1913.0,Physical Education,C
1914.0,Math,B
1914.0,Science,C
1914.0,History,F
1914.0,English,F
1914.0,Physical Education,B
1915.0,Math,C
1915.0,Science,B
1915.0,History,C
1915.0,English,F
1915.0,Physical Education,C
1916.0,Math,B
1916.0,Science,B
1916.0,History,B
1916.0,English,B
1916.0,Physical Education,F
1917.0,Math,D
1917.0,Science,B
1917.0,History,B
1917.0,English,A
1917.0,Physical Education,A
1918.0,Math,D
1918.0,Science,F
1918.0,History,D
1918.0,English,F
1918.0,Physical Education,C
1919.0,Math,D
1919.0,Science,C
1919.0,History,C
1919.0,English,A
1919.0,Physical Education,A
1920.0,Math,D
1920.0,Science,C
1920.0,History,C
1920.0,English,B
1920.0,Physical Education,F
1921.0,Math,D
1921.0,Science,C
1921.0,History,B
1921.0,English,C
1921.0,Physical Education,F
1922.0,Math,C
1922.0,Science,A
1922.0,History,A
1922.0,English,D
1922.0,Physical Education,D
1923.0,Math,B
1923.0,Science,B
1923.0,History,C
1923.0,English,C
1923.0,Physical Education,C
1924.0,Math,D
1924.0,Science,B
1924.0,History,B
1924.0,English,A
1924.0,Physical Education,D
1925.0,Math,C
1925.0,Science,A
1925.0,History,F
1925.0,English,C
1925.0,Physical Education,D
1926.0,Math,C
1926.0,Science,C
1926.0,History,F
1926.0,English,A
1926.0,Physical Education,C
1927.0,Math,D
1927.0,Science,B
1927.0,History,B
1927.0,English,A
1927.0,Physical Education,F
1928.0,Math,A
1928.0,Science,D
1928.0,History,D
1928.0,English,C
1928.0,Physical Education,B
1929.0,Math,C
1929.0,Science,F
1929.0,History,B
1929.0,English,F
1929.0,Physical Education,A
1930.0,Math,D
1930.0,Science,F
1930.0,History,A
1930.0,English,D
1930.0,Physical Education,F
1931.0,Math,C
1931.0,Science,D
1931.0,History,D
1931.0,English,C
1931.0,Physical Education,A
1932.0,Math,F
1932.0,Science,F
1932.0,History,F
1932.0,English,B
1932.0,Physical Education,A
1933.0,Math,C
1933.0,Science,D
1933.0,History,D
1933.0,English,D
1933.0,Physical Education,A
1934.0,Math,D
1934.0,Science,C
1934.0,History,D
1934.0,English,C
1934.0,Physical Education,C
1935.0,Math,B
1935.0,Science,B
1935.0,History,D
1935.0,English,F
1935.0,Physical Education,D
1936.0,Math,D
1936.0,Science,C
1936.0,History,B
1936.0,English,F
1936.0,Physical Education,F
1937.0,Math,A
1937.0,Science,B
1937.0,History,A
1937.0,English,A
1937.0,Physical Education,A
1938.0,Math,D
1938.0,Science,D
1938.0,History,C
1938.0,English,D
1938.0,Physical Education,B
1939.0,Math,F
1939.0,Science,B
1939.0,History,B
1939.0,English,D
1939.0,Physical Education,D
1940.0,Math,A
1940.0,Science,D
1940.0,History,B
1940.0,English,D
1940.0,Physical Education,C
1941.0,Math,C
1941.0,Science,D
1941.0,History,F
1941.0,English,F
1941.0,Physical Education,F
1942.0,Math,D
1942.0,Science,B
1942.0,History,B
1942.0,English,C
1942.0,Physical Education,C
1943.0,Math,A
1943.0,Science,B
1943.0,History,D
1943.0,English,B
1943.0,Physical Education,F
1944.0,Math,A
1944.0,Science,F
1944.0,History,C
1944.0,English,C
1944.0,Physical Education,C
1945.0,Math,C
1945.0,Science,D
1945.0,History,B
1945.0,English,A
1945.0,Physical Education,D
1946.0,Math,F
1946.0,Science,B
1946.0,History,B
1946.0,English,C
1946.0,Physical Education,C
1947.0,Math,F
1947.0,Science,B
1947.0,History,B
1947.0,English,C
1947.0,Physical Education,A
1948.0,Math,A
1948.0,Science,C
1948.0,History,B
1948.0,English,F
1948.0,Physical Education,F
1949.0,Math,B
1949.0,Science,D
1949.0,History,F
1949.0,English,C
1949.0,Physical Education,C
1950.0,Math,B
1950.0,Science,C
1950.0,History,C
1950.0,English,B
1950.0,Physical Education,D
1951.0,Math,B
1951.0,Science,A
1951.0,History,A
1951.0,English,C
1951.0,Physical Education,C
1952.0,Math,A
1952.0,Science,B
1952.0,History,A
1952.0,English,B
1952.0,Physical Education,F
1953.0,Math,C
1953.0,Science,C
1953.0,History,A
1953.0,English,F
1953.0,Physical Education,F
1954.0,Math,F
1954.0,Science,C
1954.0,History,A
1954.0,English,D
1954.0,Physical Education,C
1955.0,Math,B
1955.0,Science,D
1955.0,History,A
1955.0,English,C
1955.0,Physical Education,C
1956.0,Math,C
1956.0,Science,B
1956.0,History,B
1956.0,English,B
1956.0,Physical Education,D
1957.0,Math,D
1957.0,Science,D
1957.0,History,F
1957.0,English,A
1957.0,Physical Education,A
1958.0,Math,C
1958.0,Science,A
1958.0,History,C
1958.0,English,F
1958.0,Physical Education,D
1959.0,Math,B
1959.0,Science,B
1959.0,History,F
1959.0,English,B
1959.0,Physical Education,C
1960.0,Math,A
1960.0,Science,B
1960.0,History,A
1960.0,English,F
1960.0,Physical Education,C
1961.0,Math,A
1961.0,Science,C
1961.0,History,F
1961.0,English,F
1961.0,Physical Education,D
1962.0,Math,A
1962.0,Science,A
1962.0,History,A
1962.0,English,C
1962.0,Physical Education,D
1963.0,Math,A
1963.0,Science,F
1963.0,History,D
1963.0,English,D
1963.0,Physical Education,D
1964.0,Math,B
1964.0,Science,F
1964.0,History,A
1964.0,English,A
1964.0,Physical Education,B
1965.0,Math,A
1965.0,Science,B
1965.0,History,A
1965.0,English,C
1965.0,Physical Education,C
1966.0,Math,A
1966.0,Science,B
1966.0,History,A
1966.0,English,F
1966.0,Physical Education,F
1967.0,Math,B
1967.0,Science,A
1967.0,History,A
1967.0,English,A
1967.0,Physical Education,C
1968.0,Math,C
1968.0,Science,F
1968.0,History,C
1968.0,English,B
1968.0,Physical Education,F
1969.0,Math,D
1969.0,Science,B
1969.0,History,D
1969.0,English,D
1969.0,Physical Education,D
1970.0,Math,C
1970.0,Science,F
1970.0,History,B
1970.0,English,A
1970.0,Physical Education,D
1971.0,Math,C
1971.0,Science,D
1971.0,History,B
1971.0,English,A
1971.0,Physical Education,B
1972.0,Math,A
1972.0,Science,B
1972.0,History,C
1972.0,English,A
1972.0,Physical Education,A
1973.0,Math,B
1973.0,Science,F
1973.0,History,F
1973.0,English,A
1973.0,Physical Education,C
1974.0,Math,F
1974.0,Science,C
1974.0,History,F
1974.0,English,A
1974.0,Physical Education,B
1975.0,Math,B
1975.0,Science,F
1975.0,History,F
1975.0,English,F
1975.0,Physical Education,A
1976.0,Math,C
1976.0,Science,A
1976.0,History,F
1976.0,English,C
1976.0,Physical Education,B
1977.0,Math,C
1977.0,Science,C
1977.0,History,A
1977.0,English,B
1977.0,Physical Education,A
1978.0,Math,F
1978.0,Science,A
1978.0,History,A
1978.0,English,B
1978.0,Physical Education,B
1979.0,Math,A
1979.0,Science,D
1979.0,History,F
1979.0,English,A
1979.0,Physical Education,F
1980.0,Math,D
1980.0,Science,A
1980.0,History,A
1980.0,English,C
1980.0,Physical Education,A
1981.0,Math,C
1981.0,Science,C
1981.0,History,B
1981.0,English,B
1981.0,Physical Education,D
1982.0,Math,F
1982.0,Science,C
1982.0,History,D
1982.0,English,B
1982.0,Physical Education,A
1983.0,Math,D
1983.0,Science,A
1983.0,History,B
1983.0,English,C
1983.0,Physical Education,C
1984.0,Math,A
1984.0,Science,B
1984.0,History,B
1984.0,English,C
1984.0,Physical Education,C
1985.0,Math,F
1985.0,Science,F
1985.0,History,F
1985.0,English,A
1985.0,Physical Education,B
1986.0,Math,A
1986.0,Science,A
1986.0,History,B
1986.0,English,A
1986.0,Physical Education,C
1987.0,Math,B
1987.0,Science,C
1987.0,History,D
1987.0,English,D
1987.0,Physical Education,D
1988.0,Math,A
1988.0,Science,D
1988.0,History,C
1988.0,English,F
1988.0,Physical Education,A
1989.0,Math,B
1989.0,Science,C
1989.0,History,D
1989.0,English,D
1989.0,Physical Education,F
1990.0,Math,D
1990.0,Science,F
1990.0,History,A
1990.0,English,B
1990.0,Physical Education,B
1991.0,Math,B
1991.0,Science,B
1991.0,History,B
1991.0,English,A
1991.0,Physical Education,A
1992.0,Math,D
1992.0,Science,C
1992.0,History,D
1992.0,English,A
1992.0,Physical Education,D
1993.0,Math,C
1993.0,Science,A
1993.0,History,D
1993.0,English,C
1993.0,Physical Education,F
1994.0,Math,F
1994.0,Science,D
1994.0,History,D
1994.0,English,D
1994.0,Physical Education,B
1995.0,Math,F
1995.0,Science,B
1995.0,History,A
1995.0,English,F
1995.0,Physical Education,B
1996.0,Math,A
1996.0,Science,D
1996.0,History,A
1996.0,English,C
1996.0,Physical Education,C
1997.0,Math,A
1997.0,Science,D
1997.0,History,A
1997.0,English,C
1997.0,Physical Education,B
1998.0,Math,D
1998.0,Science,F
1998.0,History,C
1998.0,English,B
1998.0,Physical Education,C
1999.0,Math,A
1999.0,Science,D
1999.0,History,F
1999.0,English,A
1999.0,Physical Education,F
2000.0,Math,C
2000.0,Science,A
2000.0,History,B
2000.0,English,D
2000.0,Physical Education,D
2001.0,Math,B
2001.0,Science,F
2001.0,History,C
2001.0,English,F
2001.0,Physical Education,C
2002.0,Math,C
2002.0,Science,C
2002.0,History,D
2002.0,English,C
2002.0,Physical Education,B
2003.0,Math,B
2003.0,Science,A
2003.0,History,A
2003.0,English,F
2003.0,Physical Education,A
2004.0,Math,F
2004.0,Science,F
2004.0,History,A
2004.0,English,D
2004.0,Physical Education,A
2005.0,Math,D
2005.0,Science,F
2005.0,History,D
2005.0,English,C
2005.0,Physical Education,D
2006.0,Math,D
2006.0,Science,B
2006.0,History,A
2006.0,English,F
2006.0,Physical Education,F
2007.0,Math,C
2007.0,Science,C
2007.0,History,F
2007.0,English,C
2007.0,Physical Education,D
2008.0,Math,C
2008.0,Science,D
2008.0,History,F
2008.0,English,D
2008.0,Physical Education,C
2009.0,Math,D
2009.0,Science,D
2009.0,History,D
2009.0,English,C
2009.0,Physical Education,B
2010.0,Math,C
2010.0,Science,B
2010.0,History,F
2010.0,English,F
2010.0,Physical Education,D
2011.0,Math,F
2011.0,Science,F
2011.0,History,C
2011.0,English,D
2011.0,Physical Education,B
2012.0,Math,B
2012.0,Science,C
2012.0,History,A
2012.0,English,F
2012.0,Physical Education,C
2013.0,Math,B
2013.0,Science,C
2013.0,History,B
2013.0,English,A
2013.0,Physical Education,A
2014.0,Math,B
2014.0,Science,F
2014.0,History,B
2014.0,English,B
2014.0,Physical Education,B
2015.0,Math,C
2015.0,Science,B
2015.0,History,D
2015.0,English,D
2015.0,Physical Education,D
2016.0,Math,F
2016.0,Science,A
2016.0,History,A
2016.0,English,B
2016.0,Physical Education,D
2017.0,Math,C
2017.0,Science,A
2017.0,History,C
2017.0,English,C
2017.0,Physical Education,C
2018.0,Math,C
2018.0,Science,C
2018.0,History,C
2018.0,English,C
2018.0,Physical Education,C
2019.0,Math,D
2019.0,Science,A
2019.0,History,B
2019.0,English,F
2019.0,Physical Education,D
2020.0,Math,A
2020.0,Science,A
2020.0,History,D
2020.0,English,B
2020.0,Physical Education,D
2021.0,Math,D
2021.0,Science,B
2021.0,History,F
2021.0,English,F
2021.0,Physical Education,A
2022.0,Math,B
2022.0,Science,A
2022.0,History,D
2022.0,English,B
2022.0,Physical Education,D
2023.0,Math,D
2023.0,Science,A
2023.0,History,B
2023.0,English,F
2023.0,Physical Education,F
2024.0,Math,B
2024.0,Science,D
2024.0,History,A
2024.0,English,C
2024.0,Physical Education,B
2025.0,Math,F
2025.0,Science,C
2025.0,History,C
2025.0,English,D
2025.0,Physical Education,B
2026.0,Math,F
2026.0,Science,D
2026.0,History,D
2026.0,English,F
2026.0,Physical Education,C
2027.0,Math,C
2027.0,Science,A
2027.0,History,A
2027.0,English,B
2027.0,Physical Education,F
2028.0,Math,F
2028.0,Science,B
2028.0,History,B
2028.0,English,D
2028.0,Physical Education,C
2029.0,Math,D
2029.0,Science,C
2029.0,History,D
2029.0,English,A
2029.0,Physical Education,C
2030.0,Math,A
2030.0,Science,D
2030.0,History,A
2030.0,English,F
2030.0,Physical Education,F
2031.0,Math,B
2031.0,Science,B
2031.0,History,A
2031.0,English,F
2031.0,Physical Education,F
2032.0,Math,A
2032.0,Science,D
2032.0,History,F
2032.0,English,C
2032.0,Physical Education,B
2033.0,Math,C
2033.0,Science,D
2033.0,History,C
2033.0,English,F
2033.0,Physical Education,B
2034.0,Math,C
2034.0,Science,F
2034.0,History,F
2034.0,English,C
2034.0,Physical Education,D
2035.0,Math,C
2035.0,Science,F
2035.0,History,C
2035.0,English,F
2035.0,Physical Education,B
2036.0,Math,B
2036.0,Science,A
2036.0,History,B
2036.0,English,D
2036.0,Physical Education,A
2037.0,Math,A
2037.0,Science,B
2037.0,History,D
2037.0,English,D
2037.0,Physical Education,D
2038.0,Math,B
2038.0,Science,A
2038.0,History,D
2038.0,English,D
2038.0,Physical Education,D
2039.0,Math,B
2039.0,Science,C
2039.0,History,C
2039.0,English,C
2039.0,Physical Education,D
2040.0,Math,D
2040.0,Science,B
2040.0,History,B
2040.0,English,F
2040.0,Physical Education,A
2041.0,Math,F
2041.0,Science,B
2041.0,History,D
2041.0,English,D
2041.0,Physical Education,B
2042.0,Math,B
2042.0,Science,C
2042.0,History,D
2042.0,English,C
2042.0,Physical Education,A
2043.0,Math,A
2043.0,Science,C
2043.0,History,C
2043.0,English,F
2043.0,Physical Education,C
2044.0,Math,B
2044.0,Science,D
2044.0,History,F
2044.0,English,B
2044.0,Physical Education,F
2045.0,Math,F
2045.0,Science,B
2045.0,History,B
2045.0,English,F
2045.0,Physical Education,D
2046.0,Math,D
2046.0,Science,B
2046.0,History,D
2046.0,English,D
2046.0,Physical Education,F
2047.0,Math,C
2047.0,Science,F
2047.0,History,A
2047.0,English,C
2047.0,Physical Education,B
2048.0,Math,A
2048.0,Science,C
2048.0,History,B
2048.0,English,D
2048.0,Physical Education,B
2049.0,Math,C
2049.0,Science,C
2049.0,History,A
2049.0,English,A
2049.0,Physical Education,F
2050.0,Math,C
2050.0,Science,A
2050.0,History,F
2050.0,English,F
2050.0,Physical Education,B
2051.0,Math,C
2051.0,Science,B
2051.0,History,C
2051.0,English,B
2051.0,Physical Education,B
2052.0,Math,F
2052.0,Science,A
2052.0,History,B
2052.0,English,B
2052.0,Physical Education,D
2053.0,Math,B
2053.0,Science,B
2053.0,History,C
2053.0,English,B
2053.0,Physical Education,F
2054.0,Math,D
2054.0,Science,B
2054.0,History,B
2054.0,English,D
2054.0,Physical Education,B
2055.0,Math,B
2055.0,Science,A
2055.0,History,C
2055.0,English,D
2055.0,Physical Education,C
2056.0,Math,C
2056.0,Science,F
2056.0,History,C
2056.0,English,F
2056.0,Physical Education,A
2057.0,Math,C
2057.0,Science,A
2057.0,History,B
2057.0,English,A
2057.0,Physical Education,B
2058.0,Math,C
2058.0,Science,B
2058.0,History,B
2058.0,English,D
2058.0,Physical Education,D
2059.0,Math,C
2059.0,Science,A
2059.0,History,B
2059.0,English,B
2059.0,Physical Education,A
2060.0,Math,B
2060.0,Science,C
2060.0,History,F
2060.0,English,A
2060.0,Physical Education,A
2061.0,Math,D
2061.0,Science,C
2061.0,History,F
2061.0,English,F
2061.0,Physical Education,F
2062.0,Math,A
2062.0,Science,C
2062.0,History,D
2062.0,English,A
2062.0,Physical Education,F
2063.0,Math,D
2063.0,Science,D
2063.0,History,B
2063.0,English,F
2063.0,Physical Education,D
2064.0,Math,D
2064.0,Science,F
2064.0,History,C
2064.0,English,D
2064.0,Physical Education,B
2065.0,Math,B
2065.0,Science,F
2065.0,History,D
2065.0,English,A
2065.0,Physical Education,C
2066.0,Math,D
2066.0,Science,A
2066.0,History,A
2066.0,English,F
2066.0,Physical Education,F
2067.0,Math,A
2067.0,Science,F
2067.0,History,B
2067.0,English,F
2067.0,Physical Education,F
2068.0,Math,A
2068.0,Science,A
2068.0,History,D
2068.0,English,D
2068.0,Physical Education,D
2069.0,Math,F
2069.0,Science,D
2069.0,History,C
2069.0,English,B
2069.0,Physical Education,F
2070.0,Math,B
2070.0,Science,A
2070.0,History,F
2070.0,English,D
2070.0,Physical Education,C
2071.0,Math,C
2071.0,Science,F
2071.0,History,C
2071.0,English,D
2071.0,Physical Education,A
2072.0,Math,B
2072.0,Science,C
2072.0,History,B
2072.0,English,A
2072.0,Physical Education,F
2073.0,Math,F
2073.0,Science,B
2073.0,History,F
2073.0,English,C
2073.0,Physical Education,C
2074.0,Math,A
2074.0,Science,D
2074.0,History,D
2074.0,English,A
2074.0,Physical Education,B
2075.0,Math,D
2075.0,Science,B
2075.0,History,F
2075.0,English,A
2075.0,Physical Education,B
2076.0,Math,F
2076.0,Science,D
2076.0,History,F
2076.0,English,D
2076.0,Physical Education,D
2077.0,Math,F
2077.0,Science,A
2077.0,History,F
2077.0,English,C
2077.0,Physical Education,A
2078.0,Math,F
2078.0,Science,C
2078.0,History,B
2078.0,English,C
2078.0,Physical Education,D
2079.0,Math,C
2079.0,Science,A
2079.0,History,A
2079.0,English,D
2079.0,Physical Education,C
2080.0,Math,D
2080.0,Science,D
2080.0,History,A
2080.0,English,D
2080.0,Physical Education,F
2081.0,Math,C
2081.0,Science,C
2081.0,History,A
2081.0,English,B
2081.0,Physical Education,F
2082.0,Math,B
2082.0,Science,C
2082.0,History,A
2082.0,English,A
2082.0,Physical Education,A
2083.0,Math,C
2083.0,Science,D
2083.0,History,F
2083.0,English,C
2083.0,Physical Education,A
2084.0,Math,C
2084.0,Science,F
2084.0,History,F
2084.0,English,B
2084.0,Physical Education,A
2085.0,Math,D
2085.0,Science,C
2085.0,History,A
2085.0,English,A
2085.0,Physical Education,C
2086.0,Math,F
2086.0,Science,D
2086.0,History,D
2086.0,English,F
2086.0,Physical Education,F
2087.0,Math,D
2087.0,Science,C
2087.0,History,A
2087.0,English,A
2087.0,Physical Education,F
2088.0,Math,F
2088.0,Science,C
2088.0,History,C
2088.0,English,A
2088.0,Physical Education,C
2089.0,Math,F
2089.0,Science,C
2089.0,History,A
2089.0,English,F
2089.0,Physical Education,A
2090.0,Math,C
2090.0,Science,D
2090.0,History,C
2090.0,English,A
2090.0,Physical Education,F
2091.0,Math,F
2091.0,Science,F
2091.0,History,B
2091.0,English,C
2091.0,Physical Education,D
2092.0,Math,F
2092.0,Science,A
2092.0,History,A
2092.0,English,B
2092.0,Physical Education,D
2093.0,Math,F
2093.0,Science,C
2093.0,History,A
2093.0,English,D
2093.0,Physical Education,A
2094.0,Math,F
2094.0,Science,F
2094.0,History,B
2094.0,English,A
2094.0,Physical Education,D
2095.0,Math,D
2095.0,Science,C
2095.0,History,F
2095.0,English,F
2095.0,Physical Education,B
2096.0,Math,B
2096.0,Science,B
2096.0,History,F
2096.0,English,F
2096.0,Physical Education,A
2097.0,Math,F
2097.0,Science,A
2097.0,History,A
2097.0,English,F
2097.0,Physical Education,B
2098.0,Math,D
2098.0,Science,B
2098.0,History,B
2098.0,English,F
2098.0,Physical Education,B
2099.0,Math,D
2099.0,Science,B
2099.0,History,B
2099.0,English,D
2099.0,Physical Education,D
2100.0,Math,B
2100.0,Science,F
2100.0,History,D
2100.0,English,C
2100.0,Physical Education,A
2101.0,Math,F
2101.0,Science,B
2101.0,History,A
2101.0,English,C
2101.0,Physical Education,A
2102.0,Math,B
2102.0,Science,F
2102.0,History,D
2102.0,English,F
2102.0,Physical Education,C
2103.0,Math,C
2103.0,Science,C
2103.0,History,D
2103.0,English,C
2103.0,Physical Education,A
2104.0,Math,A
2104.0,Science,B
2104.0,History,D
2104.0,English,C
2104.0,Physical Education,A
2105.0,Math,F
2105.0,Science,F
2105.0,History,B
2105.0,English,B
2105.0,Physical Education,A
2106.0,Math,A
2106.0,Science,B
2106.0,History,F
2106.0,English,F
2106.0,Physical Education,F
2107.0,Math,B
2107.0,Science,F
2107.0,History,B
2107.0,English,F
2107.0,Physical Education,F
2108.0,Math,D
2108.0,Science,D
2108.0,History,B
2108.0,English,C
2108.0,Physical Education,D
2109.0,Math,B
2109.0,Science,F
2109.0,History,A
2109.0,English,F
2109.0,Physical Education,F
2110.0,Math,C
2110.0,Science,A
2110.0,History,C
2110.0,English,A
2110.0,Physical Education,A
2111.0,Math,C
2111.0,Science,A
2111.0,History,A
2111.0,English,B
2111.0,Physical Education,D
2112.0,Math,A
2112.0,Science,A
2112.0,History,D
2112.0,English,F
2112.0,Physical Education,B
2113.0,Math,C
2113.0,Science,A
2113.0,History,B
2113.0,English,A
2113.0,Physical Education,C
2114.0,Math,D
2114.0,Science,C
2114.0,History,F
2114.0,English,A
2114.0,Physical Education,C
2115.0,Math,A
2115.0,Science,B
2115.0,History,C
2115.0,English,C
2115.0,Physical Education,C
2116.0,Math,C
2116.0,Science,A
2116.0,History,A
2116.0,English,A
2116.0,Physical Education,C
2117.0,Math,B
2117.0,Science,C
2117.0,History,B
2117.0,English,C
2117.0,Physical Education,D
2118.0,Math,F
2118.0,Science,C
2118.0,History,C
2118.0,English,C
2118.0,Physical Education,F
2119.0,Math,A
2119.0,Science,D
2119.0,History,B
2119.0,English,C
2119.0,Physical Education,B
2120.0,Math,F
2120.0,Science,B
2120.0,History,D
2120.0,English,F
2120.0,Physical Education,C
2121.0,Math,B
2121.0,Science,F
2121.0,History,A
2121.0,English,C
2121.0,Physical Education,B
2122.0,Math,D
2122.0,Science,D
2122.0,History,C
2122.0,English,F
2122.0,Physical Education,F
2123.0,Math,D
2123.0,Science,A
2123.0,History,F
2123.0,English,B
2123.0,Physical Education,B
2124.0,Math,B
2124.0,Science,B
2124.0,History,B
2124.0,English,D
2124.0,Physical Education,A
2125.0,Math,F
2125.0,Science,A
2125.0,History,C
2125.0,English,D
2125.0,Physical Education,D
2126.0,Math,B
2126.0,Science,A
2126.0,History,D
2126.0,English,D
2126.0,Physical Education,F
2127.0,Math,D
2127.0,Science,D
2127.0,History,F
2127.0,English,B
2127.0,Physical Education,D
2128.0,Math,A
2128.0,Science,C
2128.0,History,A
2128.0,English,B
2128.0,Physical Education,D
2129.0,Math,A
2129.0,Science,D
2129.0,History,B
2129.0,English,C
2129.0,Physical Education,D
2130.0,Math,F
2130.0,Science,B
2130.0,History,A
2130.0,English,B
2130.0,Physical Education,A
2131.0,Math,D
2131.0,Science,D
2131.0,History,B
2131.0,English,C
2131.0,Physical Education,F
2132.0,Math,C
2132.0,Science,B
2132.0,History,B
2132.0,English,C
2132.0,Physical Education,C
2133.0,Math,F
2133.0,Science,B
2133.0,History,F
2133.0,English,A
2133.0,Physical Education,B
2134.0,Math,B
2134.0,Science,D
2134.0,History,A
2134.0,English,C
2134.0,Physical Education,D
2135.0,Math,D
2135.0,Science,F
2135.0,History,A
2135.0,English,A
2135.0,Physical Education,C
2136.0,Math,D
2136.0,Science,B
2136.0,History,C
2136.0,English,D
2136.0,Physical Education,D
2137.0,Math,D
2137.0,Science,B
2137.0,History,F
2137.0,English,A
2137.0,Physical Education,F
2138.0,Math,F
2138.0,Science,A
2138.0,History,F
2138.0,English,B
2138.0,Physical Education,D
2139.0,Math,D
2139.0,Science,D
2139.0,History,D
2139.0,English,D
2139.0,Physical Education,A
2140.0,Math,A
2140.0,Science,C
2140.0,History,D
2140.0,English,D
2140.0,Physical Education,F
2141.0,Math,F
2141.0,Science,A
2141.0,History,F
2141.0,English,D
2141.0,Physical Education,F
2142.0,Math,D
2142.0,Science,A
2142.0,History,A
2142.0,English,B
2142.0,Physical Education,D
2143.0,Math,D
2143.0,Science,B
2143.0,History,D
2143.0,English,C
2143.0,Physical Education,A
2144.0,Math,F
2144.0,Science,F
2144.0,History,B
2144.0,English,C
2144.0,Physical Education,C
2145.0,Math,A
2145.0,Science,C
2145.0,History,B
2145.0,English,F
2145.0,Physical Education,B
2146.0,Math,D
2146.0,Science,B
2146.0,History,B
2146.0,English,F
2146.0,Physical Education,C
2147.0,Math,B
2147.0,Science,C
2147.0,History,D
2147.0,English,C
2147.0,Physical Education,A
2148.0,Math,C
2148.0,Science,C
2148.0,History,A
2148.0,English,F
2148.0,Physical Education,D
2149.0,Math,C
2149.0,Science,C
2149.0,History,C
2149.0,English,F
2149.0,Physical Education,C
2150.0,Math,B
2150.0,Science,D
2150.0,History,B
2150.0,English,D
2150.0,Physical Education,D
2151.0,Math,A
2151.0,Science,A
2151.0,History,C
2151.0,English,B
2151.0,Physical Education,B
2152.0,Math,F
2152.0,Science,C
2152.0,History,B
2152.0,English,D
2152.0,Physical Education,D
2153.0,Math,A
2153.0,Science,F
2153.0,History,B
2153.0,English,A
2153.0,Physical Education,C
2154.0,Math,D
2154.0,Science,A
2154.0,History,C
2154.0,English,C
2154.0,Physical Education,B
2155.0,Math,A
2155.0,Science,F
2155.0,History,F
2155.0,English,A
2155.0,Physical Education,C
2156.0,Math,B
2156.0,Science,F
2156.0,History,B
2156.0,English,B
2156.0,Physical Education,D
2157.0,Math,A
2157.0,Science,A
2157.0,History,D
2157.0,English,A
2157.0,Physical Education,F
2158.0,Math,D
2158.0,Science,A
2158.0,History,B
2158.0,English,F
2158.0,Physical Education,B
2159.0,Math,C
2159.0,Science,B
2159.0,History,D
2159.0,English,F
2159.0,Physical Education,A
2160.0,Math,A
2160.0,Science,F
2160.0,History,A
2160.0,English,D
2160.0,Physical Education,A
2161.0,Math,D
2161.0,Science,D
2161.0,History,A
2161.0,English,F
2161.0,Physical Education,F
2162.0,Math,A
2162.0,Science,C
2162.0,History,A
2162.0,English,A
2162.0,Physical Education,C
2163.0,Math,C
2163.0,Science,D
2163.0,History,F
2163.0,English,F
2163.0,Physical Education,D
2164.0,Math,F
2164.0,Science,C
2164.0,History,A
2164.0,English,A
2164.0,Physical Education,A
2165.0,Math,D
2165.0,Science,A
2165.0,History,C
2165.0,English,C
2165.0,Physical Education,D
2166.0,Math,A
2166.0,Science,A
2166.0,History,A
2166.0,English,F
2166.0,Physical Education,D
2167.0,Math,A
2167.0,Science,B
2167.0,History,F
2167.0,English,A
2167.0,Physical Education,A
2168.0,Math,C
2168.0,Science,F
2168.0,History,C
2168.0,English,B
2168.0,Physical Education,C
2169.0,Math,B
2169.0,Science,A
2169.0,History,B
2169.0,English,B
2169.0,Physical Education,F
2170.0,Math,C
2170.0,Science,F
2170.0,History,C
2170.0,English,D
2170.0,Physical Education,F
2171.0,Math,D
2171.0,Science,C
2171.0,History,D
2171.0,English,F
2171.0,Physical Education,F
2172.0,Math,D
2172.0,Science,B
2172.0,History,C
2172.0,English,A
2172.0,Physical Education,C
2173.0,Math,A
2173.0,Science,F
2173.0,History,C
2173.0,English,F
2173.0,Physical Education,C
2174.0,Math,F
2174.0,Science,B
2174.0,History,D
2174.0,English,C
2174.0,Physical Education,D
2175.0,Math,B
2175.0,Science,D
2175.0,History,A
2175.0,English,D
2175.0,Physical Education,A
2176.0,Math,D
2176.0,Science,A
2176.0,History,F
2176.0,English,A
2176.0,Physical Education,C
2177.0,Math,D
2177.0,Science,D
2177.0,History,A
2177.0,English,A
2177.0,Physical Education,A
2178.0,Math,A
2178.0,Science,F
2178.0,History,A
2178.0,English,F
2178.0,Physical Education,C
2179.0,Math,D
2179.0,Science,B
2179.0,History,A
2179.0,English,D
2179.0,Physical Education,A
2180.0,Math,D
2180.0,Science,C
2180.0,History,A
2180.0,English,A
2180.0,Physical Education,A
2181.0,Math,F
2181.0,Science,F
2181.0,History,D
2181.0,English,A
2181.0,Physical Education,D
2182.0,Math,A
2182.0,Science,D
2182.0,History,A
2182.0,English,F
2182.0,Physical Education,F
2183.0,Math,B
2183.0,Science,B
2183.0,History,F
2183.0,English,B
2183.0,Physical Education,C
2184.0,Math,D
2184.0,Science,C
2184.0,History,A
2184.0,English,B
2184.0,Physical Education,A
2185.0,Math,D
2185.0,Science,F
2185.0,History,A
2185.0,English,A
2185.0,Physical Education,D
2186.0,Math,C
2186.0,Science,F
2186.0,History,D
2186.0,English,F
2186.0,Physical Education,C
2187.0,Math,A
2187.0,Science,C
2187.0,History,C
2187.0,English,D
2187.0,Physical Education,D
2188.0,Math,D
2188.0,Science,A
2188.0,History,A
2188.0,English,F
2188.0,Physical Education,A
2189.0,Math,C
2189.0,Science,D
2189.0,History,B
2189.0,English,A
2189.0,Physical Education,C
2190.0,Math,F
2190.0,Science,D
2190.0,History,D
2190.0,English,A
2190.0,Physical Education,F
2191.0,Math,A
2191.0,Science,C
2191.0,History,D
2191.0,English,F
2191.0,Physical Education,A
2192.0,Math,B
2192.0,Science,B
2192.0,History,D
2192.0,English,C
2192.0,Physical Education,F
2193.0,Math,A
2193.0,Science,A
2193.0,History,D
2193.0,English,B
2193.0,Physical Education,C
2194.0,Math,B
2194.0,Science,A
2194.0,History,F
2194.0,English,B
2194.0,Physical Education,A
2195.0,Math,A
2195.0,Science,F
2195.0,History,F
2195.0,English,D
2195.0,Physical Education,A
2196.0,Math,A
2196.0,Science,F
2196.0,History,B
2196.0,English,B
2196.0,Physical Education,D
2197.0,Math,D
2197.0,Science,A
2197.0,History,D
2197.0,English,A
2197.0,Physical Education,B
2198.0,Math,A
2198.0,Science,F
2198.0,History,C
2198.0,English,A
2198.0,Physical Education,D
2199.0,Math,F
2199.0,Science,B
2199.0,History,A
2199.0,English,C
2199.0,Physical Education,C
2200.0,Math,B
2200.0,Science,D
2200.0,History,D
2200.0,English,A
2200.0,Physical Education,A
2201.0,Math,D
2201.0,Science,B
2201.0,History,C
2201.0,English,D
2201.0,Physical Education,F
2202.0,Math,C
2202.0,Science,F
2202.0,History,C
2202.0,English,B
2202.0,Physical Education,A
2203.0,Math,B
2203.0,Science,A
2203.0,History,B
2203.0,English,C
2203.0,Physical Education,B
2204.0,Math,B
2204.0,Science,D
2204.0,History,A
2204.0,English,F
2204.0,Physical Education,D
2205.0,Math,C
2205.0,Science,D
2205.0,History,C
2205.0,English,C
2205.0,Physical Education,C
2206.0,Math,F
2206.0,Science,A
2206.0,History,A
2206.0,English,D
2206.0,Physical Education,F
2207.0,Math,F
2207.0,Science,B
2207.0,History,A
2207.0,English,F
2207.0,Physical Education,B
2208.0,Math,D
2208.0,Science,B
2208.0,History,B
2208.0,English,B
2208.0,Physical Education,B
2209.0,Math,A
2209.0,Science,A
2209.0,History,D
2209.0,English,B
2209.0,Physical Education,F
2210.0,Math,B
2210.0,Science,C
2210.0,History,F
2210.0,English,F
2210.0,Physical Education,A
2211.0,Math,A
2211.0,Science,A
2211.0,History,A
2211.0,English,B
2211.0,Physical Education,C
2212.0,Math,D
2212.0,Science,F
2212.0,History,A
2212.0,English,F
2212.0,Physical Education,F
2213.0,Math,F
2213.0,Science,F
2213.0,History,A
2213.0,English,D
2213.0,Physical Education,C
2214.0,Math,A
2214.0,Science,B
2214.0,History,C
2214.0,English,F
2214.0,Physical Education,C
2215.0,Math,F
2215.0,Science,C
2215.0,History,F
2215.0,English,A
2215.0,Physical Education,B
2216.0,Math,B
2216.0,Science,B
2216.0,History,F
2216.0,English,F
2216.0,Physical Education,F
2217.0,Math,D
2217.0,Science,B
2217.0,History,B
2217.0,English,F
2217.0,Physical Education,B
2218.0,Math,A
2218.0,Science,A
2218.0,History,F
2218.0,English,D
2218.0,Physical Education,D
2219.0,Math,B
2219.0,Science,A
2219.0,History,B
2219.0,English,D
2219.0,Physical Education,C
2220.0,Math,D
2220.0,Science,A
2220.0,History,F
2220.0,English,D
2220.0,Physical Education,A
2221.0,Math,B
2221.0,Science,F
2221.0,History,F
2221.0,English,C
2221.0,Physical Education,D
2222.0,Math,F
2222.0,Science,B
2222.0,History,C
2222.0,English,A
2222.0,Physical Education,A
2223.0,Math,B
2223.0,Science,A
2223.0,History,D
2223.0,English,F
2223.0,Physical Education,D
2224.0,Math,C
2224.0,Science,B
2224.0,History,D
2224.0,English,C
2224.0,Physical Education,D
2225.0,Math,A
2225.0,Science,F
2225.0,History,A
2225.0,English,B
2225.0,Physical Education,D
2226.0,Math,F
2226.0,Science,D
2226.0,History,A
2226.0,English,F
2226.0,Physical Education,F
2227.0,Math,F
2227.0,Science,B
2227.0,History,F
2227.0,English,D
2227.0,Physical Education,C
2228.0,Math,F
2228.0,Science,A
2228.0,History,D
2228.0,English,F
2228.0,Physical Education,F
2229.0,Math,A
2229.0,Science,F
2229.0,History,B
2229.0,English,D
2229.0,Physical Education,D
2230.0,Math,B
2230.0,Science,A
2230.0,History,A
2230.0,English,D
2230.0,Physical Education,C
2231.0,Math,B
2231.0,Science,B
2231.0,History,F
2231.0,English,A
2231.0,Physical Education,A
2232.0,Math,A
2232.0,Science,F
2232.0,History,A
2232.0,English,D
2232.0,Physical Education,B
2233.0,Math,D
2233.0,Science,B
2233.0,History,D
2233.0,English,A
2233.0,Physical Education,D
2234.0,Math,A
2234.0,Science,C
2234.0,History,C
2234.0,English,D
2234.0,Physical Education,C
2235.0,Math,F
2235.0,Science,A
2235.0,History,B
2235.0,English,C
2235.0,Physical Education,F
2236.0,Math,C
2236.0,Science,F
2236.0,History,D
2236.0,English,B
2236.0,Physical Education,C
2237.0,Math,B
2237.0,Science,C
2237.0,History,B
2237.0,English,C
2237.0,Physical Education,F
2238.0,Math,B
2238.0,Science,A
2238.0,History,B
2238.0,English,A
2238.0,Physical Education,B
2239.0,Math,C
2239.0,Science,B
2239.0,History,F
2239.0,English,B
2239.0,Physical Education,C
2240.0,Math,C
2240.0,Science,C
2240.0,History,F
2240.0,English,F
2240.0,Physical Education,B
2241.0,Math,D
2241.0,Science,C
2241.0,History,A
2241.0,English,B
2241.0,Physical Education,B
2242.0,Math,F
2242.0,Science,D
2242.0,History,A
2242.0,English,C
2242.0,Physical Education,D
2243.0,Math,B
2243.0,Science,A
2243.0,History,F
2243.0,English,C
2243.0,Physical Education,C
2244.0,Math,D
2244.0,Science,A
2244.0,History,F
2244.0,English,B
2244.0,Physical Education,F
2245.0,Math,D
2245.0,Science,C
2245.0,History,A
2245.0,English,A
2245.0,Physical Education,A
2246.0,Math,D
2246.0,Science,B
2246.0,History,D
2246.0,English,B
2246.0,Physical Education,D
2247.0,Math,C
2247.0,Science,C
2247.0,History,D
2247.0,English,D
2247.0,Physical Education,D
2248.0,Math,D
2248.0,Science,C
2248.0,History,F
2248.0,English,F
2248.0,Physical Education,A
2249.0,Math,D
2249.0,Science,F
2249.0,History,C
2249.0,English,F
2249.0,Physical Education,A
2250.0,Math,B
2250.0,Science,D
2250.0,History,B
2250.0,English,B
2250.0,Physical Education,C
2251.0,Math,A
2251.0,Science,B
2251.0,History,F
2251.0,English,D
2251.0,Physical Education,F
2252.0,Math,A
2252.0,Science,B
2252.0,History,A
2252.0,English,D
2252.0,Physical Education,A
2253.0,Math,F
2253.0,Science,F
2253.0,History,C
2253.0,English,C
2253.0,Physical Education,C
2254.0,Math,D
2254.0,Science,F
2254.0,History,F
2254.0,English,C
2254.0,Physical Education,A
2255.0,Math,A
2255.0,Science,C
2255.0,History,D
2255.0,English,D
2255.0,Physical Education,F
2256.0,Math,F
2256.0,Science,C
2256.0,History,D
2256.0,English,C
2256.0,Physical Education,D
2257.0,Math,F
2257.0,Science,B
2257.0,History,A
2257.0,English,D
2257.0,Physical Education,A
2258.0,Math,A
2258.0,Science,C
2258.0,History,F
2258.0,English,F
2258.0,Physical Education,A
2259.0,Math,B
2259.0,Science,C
2259.0,History,B
2259.0,English,B
2259.0,Physical Education,D
2260.0,Math,D
2260.0,Science,F
2260.0,History,D
2260.0,English,B
2260.0,Physical Education,D
2261.0,Math,B
2261.0,Science,B
2261.0,History,C
2261.0,English,C
2261.0,Physical Education,D
2262.0,Math,D
2262.0,Science,F
2262.0,History,A
2262.0,English,B
2262.0,Physical Education,A
2263.0,Math,B
2263.0,Science,A
2263.0,History,D
2263.0,English,B
2263.0,Physical Education,F
2264.0,Math,C
2264.0,Science,B
2264.0,History,F
2264.0,English,F
2264.0,Physical Education,A
2265.0,Math,A
2265.0,Science,F
2265.0,History,D
2265.0,English,B
2265.0,Physical Education,C
2266.0,Math,D
2266.0,Science,D
2266.0,History,F
2266.0,English,F
2266.0,Physical Education,B
2267.0,Math,A
2267.0,Science,A
2267.0,History,C
2267.0,English,A
2267.0,Physical Education,B
2268.0,Math,B
2268.0,Science,D
2268.0,History,D
2268.0,English,B
2268.0,Physical Education,C
2269.0,Math,C
2269.0,Science,F
2269.0,History,C
2269.0,English,D
2269.0,Physical Education,C
2270.0,Math,C
2270.0,Science,F
2270.0,History,A
2270.0,English,B
2270.0,Physical Education,C
2271.0,Math,D
2271.0,Science,F
2271.0,History,C
2271.0,English,F
2271.0,Physical Education,A
2272.0,Math,A
2272.0,Science,F
2272.0,History,D
2272.0,English,F
2272.0,Physical Education,A
2273.0,Math,B
2273.0,Science,C
2273.0,History,F
2273.0,English,C
2273.0,Physical Education,F
2274.0,Math,C
2274.0,Science,D
2274.0,History,A
2274.0,English,D
2274.0,Physical Education,C
2275.0,Math,C
2275.0,Science,F
2275.0,History,B
2275.0,English,B
2275.0,Physical Education,F
2276.0,Math,B
2276.0,Science,C
2276.0,History,D
2276.0,English,C
2276.0,Physical Education,B
2277.0,Math,F
2277.0,Science,A
2277.0,History,F
2277.0,English,B
2277.0,Physical Education,C
2278.0,Math,B
2278.0,Science,F
2278.0,History,D
2278.0,English,B
2278.0,Physical Education,A
2279.0,Math,D
2279.0,Science,C
2279.0,History,C
2279.0,English,C
2279.0,Physical Education,B
2280.0,Math,D
2280.0,Science,B
2280.0,History,A
2280.0,English,F
2280.0,Physical Education,F
2281.0,Math,C
2281.0,Science,D
2281.0,History,D
2281.0,English,F
2281.0,Physical Education,A
2282.0,Math,B
2282.0,Science,A
2282.0,History,D
2282.0,English,F
2282.0,Physical Education,B
2283.0,Math,D
2283.0,Science,C
2283.0,History,F
2283.0,English,D
2283.0,Physical Education,D
2284.0,Math,D
2284.0,Science,C
2284.0,History,F
2284.0,English,A
2284.0,Physical Education,D
2285.0,Math,C
2285.0,Science,F
2285.0,History,B
2285.0,English,D
2285.0,Physical Education,B
2286.0,Math,D
2286.0,Science,F
2286.0,History,C
2286.0,English,C
2286.0,Physical Education,C
2287.0,Math,F
2287.0,Science,D
2287.0,History,C
2287.0,English,B
2287.0,Physical Education,F
2288.0,Math,C
2288.0,Science,C
2288.0,History,D
2288.0,English,A
2288.0,Physical Education,A
2289.0,Math,F
2289.0,Science,C
2289.0,History,B
2289.0,English,B
2289.0,Physical Education,F
2290.0,Math,A
2290.0,Science,F
2290.0,History,B
2290.0,English,A
2290.0,Physical Education,B
2291.0,Math,F
2291.0,Science,C
2291.0,History,C
2291.0,English,A
2291.0,Physical Education,B
2292.0,Math,B
2292.0,Science,A
2292.0,History,A
2292.0,English,A
2292.0,Physical Education,B
2293.0,Math,B
2293.0,Science,C
2293.0,History,A
2293.0,English,D
2293.0,Physical Education,B
2294.0,Math,C
2294.0,Science,C
2294.0,History,C
2294.0,English,D
2294.0,Physical Education,D
2295.0,Math,C
2295.0,Science,F
2295.0,History,B
2295.0,English,F
2295.0,Physical Education,D
2296.0,Math,A
2296.0,Science,B
2296.0,History,F
2296.0,English,A
2296.0,Physical Education,C
2297.0,Math,A
2297.0,Science,B
2297.0,History,B
2297.0,English,A
2297.0,Physical Education,B
2298.0,Math,B
2298.0,Science,F
2298.0,History,A
2298.0,English,C
2298.0,Physical Education,F
2299.0,Math,A
2299.0,Science,A
2299.0,History,C
2299.0,English,A
2299.0,Physical Education,B
2300.0,Math,F
2300.0,Science,C
2300.0,History,A
2300.0,English,B
2300.0,Physical Education,B
2301.0,Math,C
2301.0,Science,B
2301.0,History,A
2301.0,English,F
2301.0,Physical Education,C
2302.0,Math,F
2302.0,Science,A
2302.0,History,A
2302.0,English,F
2302.0,Physical Education,F
2303.0,Math,F
2303.0,Science,B
2303.0,History,F
2303.0,English,D
2303.0,Physical Education,F
2304.0,Math,F
2304.0,Science,A
2304.0,History,D
2304.0,English,C
2304.0,Physical Education,C
2305.0,Math,C
2305.0,Science,D
2305.0,History,A
2305.0,English,A
2305.0,Physical Education,F
2306.0,Math,A
2306.0,Science,F
2306.0,History,B
2306.0,English,F
2306.0,Physical Education,D
2307.0,Math,A
2307.0,Science,F
2307.0,History,B
2307.0,English,A
2307.0,Physical Education,C
2308.0,Math,F
2308.0,Science,D
2308.0,History,A
2308.0,English,C
2308.0,Physical Education,F
2309.0,Math,C
2309.0,Science,A
2309.0,History,A
2309.0,English,C
2309.0,Physical Education,D
2310.0,Math,F
2310.0,Science,A
2310.0,History,F
2310.0,English,B
2310.0,Physical Education,C
2311.0,Math,A
2311.0,Science,F
2311.0,History,F
2311.0,English,A
2311.0,Physical Education,A
2312.0,Math,B
2312.0,Science,F
2312.0,History,D
2312.0,English,F
2312.0,Physical Education,D
2313.0,Math,A
2313.0,Science,D
2313.0,History,B
2313.0,English,F
2313.0,Physical Education,B
2314.0,Math,C
2314.0,Science,B
2314.0,History,A
2314.0,English,F
2314.0,Physical Education,F
2315.0,Math,B
2315.0,Science,B
2315.0,History,F
2315.0,English,D
2315.0,Physical Education,C
2316.0,Math,D
2316.0,Science,F
2316.0,History,D
2316.0,English,D
2316.0,Physical Education,F
2317.0,Math,B
2317.0,Science,C
2317.0,History,C
2317.0,English,A
2317.0,Physical Education,D
2318.0,Math,F
2318.0,Science,B
2318.0,History,F
2318.0,English,D
2318.0,Physical Education,D
2319.0,Math,A
2319.0,Science,F
2319.0,History,A
2319.0,English,B
2319.0,Physical Education,C
2320.0,Math,D
2320.0,Science,F
2320.0,History,F
2320.0,English,B
2320.0,Physical Education,A
2321.0,Math,C
2321.0,Science,C
2321.0,History,A
2321.0,English,A
2321.0,Physical Education,B
2322.0,Math,C
2322.0,Science,F
2322.0,History,C
2322.0,English,A
2322.0,Physical Education,F
2323.0,Math,B
2323.0,Science,F
2323.0,History,F
2323.0,English,A
2323.0,Physical Education,C
2324.0,Math,D
2324.0,Science,A
2324.0,History,C
2324.0,English,D
2324.0,Physical Education,F
2325.0,Math,B
2325.0,Science,C
2325.0,History,D
2325.0,English,A
2325.0,Physical Education,B
2326.0,Math,B
2326.0,Science,C
2326.0,History,B
2326.0,English,F
2326.0,Physical Education,B
2327.0,Math,F
2327.0,Science,A
2327.0,History,A
2327.0,English,B
2327.0,Physical Education,D
2328.0,Math,B
2328.0,Science,D
2328.0,History,B
2328.0,English,F
2328.0,Physical Education,D
2329.0,Math,C
2329.0,Science,B
2329.0,History,D
2329.0,English,A
2329.0,Physical Education,A
2330.0,Math,C
2330.0,Science,D
2330.0,History,F
2330.0,English,C
2330.0,Physical Education,D
2331.0,Math,D
2331.0,Science,F
2331.0,History,C
2331.0,English,D
2331.0,Physical Education,C
2332.0,Math,F
2332.0,Science,D
2332.0,History,C
2332.0,English,A
2332.0,Physical Education,F
2333.0,Math,B
2333.0,Science,F
2333.0,History,C
2333.0,English,A
2333.0,Physical Education,A
2334.0,Math,D
2334.0,Science,A
2334.0,History,D
2334.0,English,F
2334.0,Physical Education,D
2335.0,Math,A
2335.0,Science,F
2335.0,History,B
2335.0,English,F
2335.0,Physical Education,D
2336.0,Math,D
2336.0,Science,A
2336.0,History,B
2336.0,English,C
2336.0,Physical Education,D
2337.0,Math,B
2337.0,Science,C
2337.0,History,D
2337.0,English,A
2337.0,Physical Education,C
2338.0,Math,C
2338.0,Science,A
2338.0,History,F
2338.0,English,C
2338.0,Physical Education,A
2339.0,Math,D
2339.0,Science,F
2339.0,History,F
2339.0,English,A
2339.0,Physical Education,A
2340.0,Math,C
2340.0,Science,F
2340.0,History,D
2340.0,English,D
2340.0,Physical Education,C
2341.0,Math,B
2341.0,Science,F
2341.0,History,D
2341.0,English,C
2341.0,Physical Education,F
2342.0,Math,B
2342.0,Science,B
2342.0,History,D
2342.0,English,B
2342.0,Physical Education,F
2343.0,Math,C
2343.0,Science,D
2343.0,History,D
2343.0,English,D
2343.0,Physical Education,C
2344.0,Math,C
2344.0,Science,D
2344.0,History,A
2344.0,English,D
2344.0,Physical Education,B
2345.0,Math,D
2345.0,Science,D
2345.0,History,F
2345.0,English,B
2345.0,Physical Education,F
2346.0,Math,B
2346.0,Science,A
2346.0,History,A
2346.0,English,D
2346.0,Physical Education,B
2347.0,Math,F
2347.0,Science,B
2347.0,History,A
2347.0,English,D
2347.0,Physical Education,F
2348.0,Math,C
2348.0,Science,C
2348.0,History,B
2348.0,English,A
2348.0,Physical Education,C
2349.0,Math,B
2349.0,Science,F
2349.0,History,D
2349.0,English,F
2349.0,Physical Education,D
2350.0,Math,C
2350.0,Science,F
2350.0,History,F
2350.0,English,C
2350.0,Physical Education,C
2351.0,Math,D
2351.0,Science,A
2351.0,History,A
2351.0,English,D
2351.0,Physical Education,D
2352.0,Math,F
2352.0,Science,F
2352.0,History,D
2352.0,English,A
2352.0,Physical Education,F
2353.0,Math,B
2353.0,Science,B
2353.0,History,A
2353.0,English,A
2353.0,Physical Education,D
2354.0,Math,D
2354.0,Science,C
2354.0,History,B
2354.0,English,A
2354.0,Physical Education,A
2355.0,Math,D
2355.0,Science,A
2355.0,History,B
2355.0,English,A
2355.0,Physical Education,D
2356.0,Math,F
2356.0,Science,C
2356.0,History,B
2356.0,English,F
2356.0,Physical Education,F
2357.0,Math,C
2357.0,Science,A
2357.0,History,B
2357.0,English,C
2357.0,Physical Education,F
2358.0,Math,F
2358.0,Science,F
2358.0,History,D
2358.0,English,F
2358.0,Physical Education,A
2359.0,Math,F
2359.0,Science,C
2359.0,History,A
2359.0,English,A
2359.0,Physical Education,F
2360.0,Math,C
2360.0,Science,C
2360.0,History,D
2360.0,English,C
2360.0,Physical Education,F
2361.0,Math,A
2361.0,Science,B
2361.0,History,C
2361.0,English,A
2361.0,Physical Education,B
2362.0,Math,F
2362.0,Science,B
2362.0,History,D
2362.0,English,D
2362.0,Physical Education,C
2363.0,Math,B
2363.0,Science,D
2363.0,History,D
2363.0,English,B
2363.0,Physical Education,A
2364.0,Math,C
2364.0,Science,D
2364.0,History,D
2364.0,English,C
2364.0,Physical Education,B
2365.0,Math,F
2365.0,Science,D
2365.0,History,A
2365.0,English,F
2365.0,Physical Education,D
2366.0,Math,D
2366.0,Science,A
2366.0,History,F
2366.0,English,B
2366.0,Physical Education,B
2367.0,Math,C
2367.0,Science,A
2367.0,History,D
2367.0,English,C
2367.0,Physical Education,B
2368.0,Math,B
2368.0,Science,B
2368.0,History,A
2368.0,English,B
2368.0,Physical Education,C
2369.0,Math,B
2369.0,Science,D
2369.0,History,B
2369.0,English,C
2369.0,Physical Education,F
2370.0,Math,C
2370.0,Science,A
2370.0,History,B
2370.0,English,B
2370.0,Physical Education,C
2371.0,Math,D
2371.0,Science,D
2371.0,History,C
2371.0,English,B
2371.0,Physical Education,A
2372.0,Math,C
2372.0,Science,A
2372.0,History,B
2372.0,English,A
2372.0,Physical Education,A
2373.0,Math,D
2373.0,Science,F
2373.0,History,A
2373.0,English,A
2373.0,Physical Education,B
2374.0,Math,F
2374.0,Science,C
2374.0,History,A
2374.0,English,B
2374.0,Physical Education,F
2375.0,Math,F
2375.0,Science,B
2375.0,History,C
2375.0,English,D
2375.0,Physical Education,C
2376.0,Math,D
2376.0,Science,B
2376.0,History,F
2376.0,English,A
2376.0,Physical Education,B
2377.0,Math,D
2377.0,Science,A
2377.0,History,D
2377.0,English,C
2377.0,Physical Education,F
2378.0,Math,C
2378.0,Science,F
2378.0,History,C
2378.0,English,B
2378.0,Physical Education,F
2379.0,Math,D
2379.0,Science,F
2379.0,History,F
2379.0,English,F
2379.0,Physical Education,A
2380.0,Math,C
2380.0,Science,B
2380.0,History,B
2380.0,English,D
2380.0,Physical Education,D
2381.0,Math,F
2381.0,Science,D
2381.0,History,F
2381.0,English,A
2381.0,Physical Education,A
2382.0,Math,F
2382.0,Science,F
2382.0,History,B
2382.0,English,D
2382.0,Physical Education,C
2383.0,Math,B
2383.0,Science,D
2383.0,History,F
2383.0,English,C
2383.0,Physical Education,D
2384.0,Math,D
2384.0,Science,F
2384.0,History,B
2384.0,English,C
2384.0,Physical Education,B
2385.0,Math,D
2385.0,Science,F
2385.0,History,F
2385.0,English,A
2385.0,Physical Education,A
2386.0,Math,A
2386.0,Science,B
2386.0,History,C
2386.0,English,D
2386.0,Physical Education,C
2387.0,Math,D
2387.0,Science,D
2387.0,History,B
2387.0,English,B
2387.0,Physical Education,B
2388.0,Math,A
2388.0,Science,C
2388.0,History,F
2388.0,English,C
2388.0,Physical Education,A
2389.0,Math,F
2389.0,Science,B
2389.0,History,F
2389.0,English,A
2389.0,Physical Education,A
2390.0,Math,F
2390.0,Science,B
2390.0,History,D
2390.0,English,A
2390.0,Physical Education,F
2391.0,Math,D
2391.0,Science,C
2391.0,History,B
2391.0,English,C
2391.0,Physical Education,A
2392.0,Math,F
2392.0,Science,A
2392.0,History,A
2392.0,English,A
2392.0,Physical Education,B
2393.0,Math,A
2393.0,Science,C
2393.0,History,F
2393.0,English,B
2393.0,Physical Education,F
2394.0,Math,C
2394.0,Science,D
2394.0,History,D
2394.0,English,A
2394.0,Physical Education,B
2395.0,Math,A
2395.0,Science,A
2395.0,History,C
2395.0,English,D
2395.0,Physical Education,F
2396.0,Math,D
2396.0,Science,F
2396.0,History,D
2396.0,English,D
2396.0,Physical Education,F
2397.0,Math,A
2397.0,Science,D
2397.0,History,F
2397.0,English,B
2397.0,Physical Education,F
2398.0,Math,C
2398.0,Science,B
2398.0,History,A
2398.0,English,A
2398.0,Physical Education,D
2399.0,Math,A
2399.0,Science,C
2399.0,History,C
2399.0,English,D
2399.0,Physical Education,F
2400.0,Math,B
2400.0,Science,B
2400.0,History,F
2400.0,English,A
2400.0,Physical Education,C
2401.0,Math,F
2401.0,Science,B
2401.0,History,C
2401.0,English,A
2401.0,Physical Education,C
2402.0,Math,D
2402.0,Science,D
2402.0,History,A
2402.0,English,D
2402.0,Physical Education,B
2403.0,Math,C
2403.0,Science,F
2403.0,History,B
2403.0,English,A
2403.0,Physical Education,C
2404.0,Math,C
2404.0,Science,F
2404.0,History,A
2404.0,English,D
2404.0,Physical Education,B
2405.0,Math,D
2405.0,Science,C
2405.0,History,C
2405.0,English,A
2405.0,Physical Education,F
2406.0,Math,D
2406.0,Science,A
2406.0,History,C
2406.0,English,C
2406.0,Physical Education,F
2407.0,Math,C
2407.0,Science,F
2407.0,History,C
2407.0,English,F
2407.0,Physical Education,D
2408.0,Math,F
2408.0,Science,D
2408.0,History,D
2408.0,English,F
2408.0,Physical Education,F
2409.0,Math,F
2409.0,Science,C
2409.0,History,B
2409.0,English,F
2409.0,Physical Education,B
2410.0,Math,D
2410.0,Science,C
2410.0,History,D
2410.0,English,F
2410.0,Physical Education,B
2411.0,Math,B
2411.0,Science,A
2411.0,History,C
2411.0,English,D
2411.0,Physical Education,B
2412.0,Math,B
2412.0,Science,D
2412.0,History,B
2412.0,English,B
2412.0,Physical Education,F
2413.0,Math,D
2413.0,Science,D
2413.0,History,D
2413.0,English,A
2413.0,Physical Education,C
2414.0,Math,F
2414.0,Science,B
2414.0,History,F
2414.0,English,A
2414.0,Physical Education,D
2415.0,Math,A
2415.0,Science,A
2415.0,History,F
2415.0,English,F
2415.0,Physical Education,F
2416.0,Math,B
2416.0,Science,C
2416.0,History,B
2416.0,English,D
2416.0,Physical Education,D
2417.0,Math,F
2417.0,Science,B
2417.0,History,A
2417.0,English,A
2417.0,Physical Education,C
2418.0,Math,A
2418.0,Science,D
2418.0,History,F
2418.0,English,D
2418.0,Physical Education,B
2419.0,Math,B
2419.0,Science,B
2419.0,History,D
2419.0,English,B
2419.0,Physical Education,A
2420.0,Math,F
2420.0,Science,F
2420.0,History,C
2420.0,English,A
2420.0,Physical Education,B
2421.0,Math,B
2421.0,Science,C
2421.0,History,F
2421.0,English,B
2421.0,Physical Education,D
2422.0,Math,B
2422.0,Science,F
2422.0,History,F
2422.0,English,A
2422.0,Physical Education,F
2423.0,Math,D
2423.0,Science,A
2423.0,History,D
2423.0,English,B
2423.0,Physical Education,A
2424.0,Math,F
2424.0,Science,C
2424.0,History,D
2424.0,English,A
2424.0,Physical Education,A
2425.0,Math,D
2425.0,Science,A
2425.0,History,B
2425.0,English,B
2425.0,Physical Education,B
2426.0,Math,C
2426.0,Science,F
2426.0,History,C
2426.0,English,F
2426.0,Physical Education,C
2427.0,Math,A
2427.0,Science,B
2427.0,History,B
2427.0,English,A
2427.0,Physical Education,C
2428.0,Math,D
2428.0,Science,D
2428.0,History,D
2428.0,English,B
2428.0,Physical Education,D
2429.0,Math,F
2429.0,Science,F
2429.0,History,D
2429.0,English,C
2429.0,Physical Education,A
2430.0,Math,F
2430.0,Science,D
2430.0,History,D
2430.0,English,B
2430.0,Physical Education,D
2431.0,Math,B
2431.0,Science,A
2431.0,History,F
2431.0,English,F
2431.0,Physical Education,D
2432.0,Math,B
2432.0,Science,B
2432.0,History,F
2432.0,English,F
2432.0,Physical Education,B
2433.0,Math,C
2433.0,Science,D
2433.0,History,C
2433.0,English,A
2433.0,Physical Education,C
2434.0,Math,B
2434.0,Science,A
2434.0,History,A
2434.0,English,B
2434.0,Physical Education,D
2435.0,Math,B
2435.0,Science,F
2435.0,History,B
2435.0,English,B
2435.0,Physical Education,A
2436.0,Math,B
2436.0,Science,F
2436.0,History,D
2436.0,English,D
2436.0,Physical Education,F
2437.0,Math,A
2437.0,Science,B
2437.0,History,C
2437.0,English,D
2437.0,Physical Education,B
2438.0,Math,A
2438.0,Science,B
2438.0,History,B
2438.0,English,F
2438.0,Physical Education,A
2439.0,Math,A
2439.0,Science,F
2439.0,History,B
2439.0,English,D
2439.0,Physical Education,F
2440.0,Math,F
2440.0,Science,A
2440.0,History,B
2440.0,English,A
2440.0,Physical Education,F
2441.0,Math,C
2441.0,Science,A
2441.0,History,D
2441.0,English,B
2441.0,Physical Education,D
2442.0,Math,A
2442.0,Science,F
2442.0,History,F
2442.0,English,D
2442.0,Physical Education,C
2443.0,Math,B
2443.0,Science,A
2443.0,History,C
2443.0,English,D
2443.0,Physical Education,C
2444.0,Math,B
2444.0,Science,D
2444.0,History,A
2444.0,English,B
2444.0,Physical Education,F
2445.0,Math,B
2445.0,Science,C
2445.0,History,D
2445.0,English,C
2445.0,Physical Education,B
2446.0,Math,B
2446.0,Science,F
2446.0,History,D
2446.0,English,F
2446.0,Physical Education,A
2447.0,Math,A
2447.0,Science,C
2447.0,History,D
2447.0,English,C
2447.0,Physical Education,D
2448.0,Math,F
2448.0,Science,F
2448.0,History,F
2448.0,English,D
2448.0,Physical Education,F
2449.0,Math,B
2449.0,Science,F
2449.0,History,C
2449.0,English,A
2449.0,Physical Education,B
2450.0,Math,B
2450.0,Science,F
2450.0,History,A
2450.0,English,D
2450.0,Physical Education,A
2451.0,Math,C
2451.0,Science,D
2451.0,History,C
2451.0,English,D
2451.0,Physical Education,F
2452.0,Math,D
2452.0,Science,B
2452.0,History,A
2452.0,English,A
2452.0,Physical Education,C
2453.0,Math,F
2453.0,Science,D
2453.0,History,A
2453.0,English,D
2453.0,Physical Education,B
2454.0,Math,A
2454.0,Science,C
2454.0,History,D
2454.0,English,B
2454.0,Physical Education,D
2455.0,Math,B
2455.0,Science,A
2455.0,History,D
2455.0,English,D
2455.0,Physical Education,A
2456.0,Math,D
2456.0,Science,C
2456.0,History,F
2456.0,English,A
2456.0,Physical Education,B
2457.0,Math,F
2457.0,Science,F
2457.0,History,D
2457.0,English,B
2457.0,Physical Education,B
2458.0,Math,A
2458.0,Science,B
2458.0,History,A
2458.0,English,F
2458.0,Physical Education,D
2459.0,Math,B
2459.0,Science,A
2459.0,History,D
2459.0,English,A
2459.0,Physical Education,B
2460.0,Math,C
2460.0,Science,F
2460.0,History,F
2460.0,English,C
2460.0,Physical Education,B
2461.0,Math,C
2461.0,Science,F
2461.0,History,B
2461.0,English,F
2461.0,Physical Education,B
2462.0,Math,B
2462.0,Science,F
2462.0,History,F
2462.0,English,D
2462.0,Physical Education,B
2463.0,Math,C
2463.0,Science,D
2463.0,History,F
2463.0,English,C
2463.0,Physical Education,F
2464.0,Math,A
2464.0,Science,D
2464.0,History,D
2464.0,English,C
2464.0,Physical Education,A
2465.0,Math,D
2465.0,Science,F
2465.0,History,C
2465.0,English,C
2465.0,Physical Education,A
2466.0,Math,C
2466.0,Science,B
2466.0,History,A
2466.0,English,F
2466.0,Physical Education,C
2467.0,Math,A
2467.0,Science,C
2467.0,History,B
2467.0,English,F
2467.0,Physical Education,D
2468.0,Math,B
2468.0,Science,B
2468.0,History,A
2468.0,English,F
2468.0,Physical Education,C
2469.0,Math,C
2469.0,Science,D
2469.0,History,B
2469.0,English,B
2469.0,Physical Education,D
2470.0,Math,C
2470.0,Science,C
2470.0,History,D
2470.0,English,B
2470.0,Physical Education,B
2471.0,Math,C
2471.0,Science,B
2471.0,History,B
2471.0,English,D
2471.0,Physical Education,C
2472.0,Math,F
2472.0,Science,A
2472.0,History,F
2472.0,English,A
2472.0,Physical Education,B
2473.0,Math,B
2473.0,Science,C
2473.0,History,F
2473.0,English,B
2473.0,Physical Education,A
2474.0,Math,F
2474.0,Science,B
2474.0,History,C
2474.0,English,B
2474.0,Physical Education,B
2475.0,Math,D
2475.0,Science,B
2475.0,History,D
2475.0,English,A
2475.0,Physical Education,A
2476.0,Math,D
2476.0,Science,A
2476.0,History,C
2476.0,English,C
2476.0,Physical Education,A
2477.0,Math,B
2477.0,Science,A
2477.0,History,F
2477.0,English,B
2477.0,Physical Education,D
2478.0,Math,B
2478.0,Science,D
2478.0,History,C
2478.0,English,F
2478.0,Physical Education,A
2479.0,Math,C
2479.0,Science,C
2479.0,History,C
2479.0,English,F
2479.0,Physical Education,C
2480.0,Math,C
2480.0,Science,F
2480.0,History,F
2480.0,English,D
2480.0,Physical Education,C
2481.0,Math,B
2481.0,Science,C
2481.0,History,C
2481.0,English,A
2481.0,Physical Education,D
2482.0,Math,C
2482.0,Science,D
2482.0,History,C
2482.0,English,C
2482.0,Physical Education,C
2483.0,Math,D
2483.0,Science,A
2483.0,History,A
2483.0,English,C
2483.0,Physical Education,F
2484.0,Math,A
2484.0,Science,B
2484.0,History,B
2484.0,English,A
2484.0,Physical Education,C
2485.0,Math,C
2485.0,Science,D
2485.0,History,A
2485.0,English,C
2485.0,Physical Education,F
2486.0,Math,F
2486.0,Science,C
2486.0,History,F
2486.0,English,D
2486.0,Physical Education,D
2487.0,Math,C
2487.0,Science,F
2487.0,History,B
2487.0,English,F
2487.0,Physical Education,D
2488.0,Math,D
2488.0,Science,D
2488.0,History,B
2488.0,English,D
2488.0,Physical Education,A
2489.0,Math,A
2489.0,Science,B
2489.0,History,A
2489.0,English,C
2489.0,Physical Education,F
2490.0,Math,C
2490.0,Science,D
2490.0,History,F
2490.0,English,A
2490.0,Physical Education,B
2491.0,Math,A
2491.0,Science,F
2491.0,History,D
2491.0,English,A
2491.0,Physical Education,F
2492.0,Math,A
2492.0,Science,C
2492.0,History,B
2492.0,English,D
2492.0,Physical Education,A
2493.0,Math,B
2493.0,Science,A
2493.0,History,D
2493.0,English,A
2493.0,Physical Education,D
2494.0,Math,D
2494.0,Science,A
2494.0,History,F
2494.0,English,D
2494.0,Physical Education,B
2495.0,Math,F
2495.0,Science,F
2495.0,History,F
2495.0,English,A
2495.0,Physical Education,A
2496.0,Math,F
2496.0,Science,B
2496.0,History,A
2496.0,English,A
2496.0,Physical Education,F
2497.0,Math,A
2497.0,Science,F
2497.0,History,A
2497.0,English,A
2497.0,Physical Education,F
2498.0,Math,C
2498.0,Science,D
2498.0,History,B
2498.0,English,B
2498.0,Physical Education,C
2499.0,Math,A
2499.0,Science,A
2499.0,History,F
2499.0,English,B
2499.0,Physical Education,F
2500.0,Math,C
2500.0,Science,A
2500.0,History,B
2500.0,English,A
2500.0,Physical Education,F
2501.0,Math,A
2501.0,Science,C
2501.0,History,C
2501.0,English,D
2501.0,Physical Education,B
2502.0,Math,A
2502.0,Science,D
2502.0,History,F
2502.0,English,D
2502.0,Physical Education,C
2503.0,Math,F
2503.0,Science,F
2503.0,History,C
2503.0,English,D
2503.0,Physical Education,D
2504.0,Math,D
2504.0,Science,F
2504.0,History,D
2504.0,English,C
2504.0,Physical Education,B
2505.0,Math,C
2505.0,Science,C
2505.0,History,F
2505.0,English,A
2505.0,Physical Education,D
2506.0,Math,F
2506.0,Science,D
2506.0,History,D
2506.0,English,A
2506.0,Physical Education,F
2507.0,Math,B
2507.0,Science,D
2507.0,History,C
2507.0,English,D
2507.0,Physical Education,A
2508.0,Math,F
2508.0,Science,A
2508.0,History,F
2508.0,English,F
2508.0,Physical Education,D
2509.0,Math,F
2509.0,Science,C
2509.0,History,C
2509.0,English,C
2509.0,Physical Education,A
2510.0,Math,A
2510.0,Science,D
2510.0,History,D
2510.0,English,C
2510.0,Physical Education,B
2511.0,Math,C
2511.0,Science,C
2511.0,History,D
2511.0,English,A
2511.0,Physical Education,F
2512.0,Math,B
2512.0,Science,C
2512.0,History,B
2512.0,English,C
2512.0,Physical Education,B
2513.0,Math,D
2513.0,Science,C
2513.0,History,A
2513.0,English,C
2513.0,Physical Education,C
2514.0,Math,F
2514.0,Science,C
2514.0,History,C
2514.0,English,C
2514.0,Physical Education,A
2515.0,Math,B
2515.0,Science,B
2515.0,History,A
2515.0,English,F
2515.0,Physical Education,F
2516.0,Math,B
2516.0,Science,D
2516.0,History,C
2516.0,English,C
2516.0,Physical Education,F
2517.0,Math,C
2517.0,Science,B
2517.0,History,C
2517.0,English,B
2517.0,Physical Education,A
2518.0,Math,D
2518.0,Science,A
2518.0,History,A
2518.0,English,A
2518.0,Physical Education,D
2519.0,Math,F
2519.0,Science,F
2519.0,History,B
2519.0,English,D
2519.0,Physical Education,D
2520.0,Math,B
2520.0,Science,F
2520.0,History,A
2520.0,English,F
2520.0,Physical Education,B
2521.0,Math,A
2521.0,Science,C
2521.0,History,D
2521.0,English,F
2521.0,Physical Education,B
2522.0,Math,B
2522.0,Science,D
2522.0,History,B
2522.0,English,B
2522.0,Physical Education,C
2523.0,Math,B
2523.0,Science,C
2523.0,History,C
2523.0,English,A
2523.0,Physical Education,C
2524.0,Math,A
2524.0,Science,B
2524.0,History,A
2524.0,English,B
2524.0,Physical Education,B
2525.0,Math,B
2525.0,Science,A
2525.0,History,B
2525.0,English,D
2525.0,Physical Education,B
2526.0,Math,D
2526.0,Science,D
2526.0,History,D
2526.0,English,C
2526.0,Physical Education,F
2527.0,Math,F
2527.0,Science,D
2527.0,History,B
2527.0,English,F
2527.0,Physical Education,C
2528.0,Math,D
2528.0,Science,D
2528.0,History,C
2528.0,English,B
2528.0,Physical Education,A
2529.0,Math,F
2529.0,Science,D
2529.0,History,B
2529.0,English,C
2529.0,Physical Education,F
2530.0,Math,F
2530.0,Science,F
2530.0,History,F
2530.0,English,F
2530.0,Physical Education,D
2531.0,Math,B
2531.0,Science,B
2531.0,History,C
2531.0,English,C
2531.0,Physical Education,B
2532.0,Math,C
2532.0,Science,A
2532.0,History,D
2532.0,English,B
2532.0,Physical Education,F
2533.0,Math,F
2533.0,Science,F
2533.0,History,F
2533.0,English,D
2533.0,Physical Education,F
2534.0,Math,D
2534.0,Science,B
2534.0,History,A
2534.0,English,B
2534.0,Physical Education,C
2535.0,Math,A
2535.0,Science,F
2535.0,History,C
2535.0,English,B
2535.0,Physical Education,D
2536.0,Math,B
2536.0,Science,B
2536.0,History,D
2536.0,English,B
2536.0,Physical Education,C
2537.0,Math,B
2537.0,Science,F
2537.0,History,C
2537.0,English,D
2537.0,Physical Education,D
2538.0,Math,B
2538.0,Science,B
2538.0,History,A
2538.0,English,B
2538.0,Physical Education,C
2539.0,Math,D
2539.0,Science,F
2539.0,History,B
2539.0,English,F
2539.0,Physical Education,B
2540.0,Math,A
2540.0,Science,F
2540.0,History,A
2540.0,English,A
2540.0,Physical Education,A
2541.0,Math,A
2541.0,Science,D
2541.0,History,B
2541.0,English,F
2541.0,Physical Education,D
2542.0,Math,F
2542.0,Science,D
2542.0,History,A
2542.0,English,B
2542.0,Physical Education,B
2543.0,Math,B
2543.0,Science,C
2543.0,History,C
2543.0,English,C
2543.0,Physical Education,B
2544.0,Math,D
2544.0,Science,F
2544.0,History,D
2544.0,English,A
2544.0,Physical Education,B
2545.0,Math,C
2545.0,Science,A
2545.0,History,A
2545.0,English,B
2545.0,Physical Education,C
2546.0,Math,D
2546.0,Science,D
2546.0,History,A
2546.0,English,F
2546.0,Physical Education,D
2547.0,Math,C
2547.0,Science,D
2547.0,History,C
2547.0,English,B
2547.0,Physical Education,C
2548.0,Math,D
2548.0,Science,D
2548.0,History,A
2548.0,English,C
2548.0,Physical Education,C
2549.0,Math,D
2549.0,Science,A
2549.0,History,A
2549.0,English,F
2549.0,Physical Education,C
2550.0,Math,B
2550.0,Science,F
2550.0,History,A
2550.0,English,C
2550.0,Physical Education,F
2551.0,Math,F
2551.0,Science,A
2551.0,History,C
2551.0,English,F
2551.0,Physical Education,A
2552.0,Math,A
2552.0,Science,A
2552.0,History,F
2552.0,English,B
2552.0,Physical Education,A
2553.0,Math,A
2553.0,Science,B
2553.0,History,A
2553.0,English,A
2553.0,Physical Education,A
2554.0,Math,F
2554.0,Science,F
2554.0,History,B
2554.0,English,B
2554.0,Physical Education,F
2555.0,Math,A
2555.0,Science,C
2555.0,History,D
2555.0,English,A
2555.0,Physical Education,A
2556.0,Math,F
2556.0,Science,C
2556.0,History,D
2556.0,English,A
2556.0,Physical Education,A
2557.0,Math,C
2557.0,Science,B
2557.0,History,F
2557.0,English,F
2557.0,Physical Education,B
2558.0,Math,F
2558.0,Science,D
2558.0,History,C
2558.0,English,F
2558.0,Physical Education,F
2559.0,Math,D
2559.0,Science,B
2559.0,History,A
2559.0,English,B
2559.0,Physical Education,C
2560.0,Math,B
2560.0,Science,C
2560.0,History,C
2560.0,English,D
2560.0,Physical Education,F
2561.0,Math,A
2561.0,Science,F
2561.0,History,A
2561.0,English,F
2561.0,Physical Education,A
2562.0,Math,C
2562.0,Science,F
2562.0,History,B
2562.0,English,C
2562.0,Physical Education,A
2563.0,Math,D
2563.0,Science,C
2563.0,History,A
2563.0,English,F
2563.0,Physical Education,F
2564.0,Math,D
2564.0,Science,C
2564.0,History,A
2564.0,English,B
2564.0,Physical Education,D
2565.0,Math,A
2565.0,Science,F
2565.0,History,C
2565.0,English,C
2565.0,Physical Education,A
2566.0,Math,C
2566.0,Science,D
2566.0,History,A
2566.0,English,D
2566.0,Physical Education,F
2567.0,Math,A
2567.0,Science,D
2567.0,History,F
2567.0,English,B
2567.0,Physical Education,D
2568.0,Math,A
2568.0,Science,A
2568.0,History,A
2568.0,English,D
2568.0,Physical Education,D
2569.0,Math,D
2569.0,Science,B
2569.0,History,F
2569.0,English,F
2569.0,Physical Education,C
2570.0,Math,C
2570.0,Science,C
2570.0,History,F
2570.0,English,A
2570.0,Physical Education,D
2571.0,Math,C
2571.0,Science,F
2571.0,History,F
2571.0,English,F
2571.0,Physical Education,B
2572.0,Math,C
2572.0,Science,C
2572.0,History,B
2572.0,English,C
2572.0,Physical Education,F
2573.0,Math,D
2573.0,Science,D
2573.0,History,D
2573.0,English,D
2573.0,Physical Education,F
2574.0,Math,C
2574.0,Science,A
2574.0,History,D
2574.0,English,D
2574.0,Physical Education,A
2575.0,Math,F
2575.0,Science,A
2575.0,History,C
2575.0,English,A
2575.0,Physical Education,A
2576.0,Math,B
2576.0,Science,D
2576.0,History,A
2576.0,English,F
2576.0,Physical Education,C
2577.0,Math,D
2577.0,Science,B
2577.0,History,C
2577.0,English,B
2577.0,Physical Education,B
2578.0,Math,F
2578.0,Science,F
2578.0,History,C
2578.0,English,D
2578.0,Physical Education,D
2579.0,Math,A
2579.0,Science,A
2579.0,History,D
2579.0,English,B
2579.0,Physical Education,C
2580.0,Math,D
2580.0,Science,D
2580.0,History,A
2580.0,English,C
2580.0,Physical Education,B
2581.0,Math,B
2581.0,Science,B
2581.0,History,D
2581.0,English,D
2581.0,Physical Education,A
2582.0,Math,C
2582.0,Science,A
2582.0,History,D
2582.0,English,F
2582.0,Physical Education,B
2583.0,Math,A
2583.0,Science,B
2583.0,History,B
2583.0,English,F
2583.0,Physical Education,B
2584.0,Math,A
2584.0,Science,D
2584.0,History,A
2584.0,English,A
2584.0,Physical Education,B
2585.0,Math,C
2585.0,Science,B
2585.0,History,D
2585.0,English,F
2585.0,Physical Education,F
2586.0,Math,C
2586.0,Science,D
2586.0,History,C
2586.0,English,A
2586.0,Physical Education,A
2587.0,Math,C
2587.0,Science,A
2587.0,History,B
2587.0,English,B
2587.0,Physical Education,A
2588.0,Math,F
2588.0,Science,A
2588.0,History,B
2588.0,English,F
2588.0,Physical Education,D
2589.0,Math,B
2589.0,Science,A
2589.0,History,F
2589.0,English,A
2589.0,Physical Education,F
2590.0,Math,A
2590.0,Science,F
2590.0,History,A
2590.0,English,C
2590.0,Physical Education,A
2591.0,Math,B
2591.0,Science,C
2591.0,History,B
2591.0,English,A
2591.0,Physical Education,F
2592.0,Math,A
2592.0,Science,A
2592.0,History,B
2592.0,English,B
2592.0,Physical Education,B
2593.0,Math,A
2593.0,Science,F
2593.0,History,B
2593.0,English,D
2593.0,Physical Education,F
2594.0,Math,B
2594.0,Science,A
2594.0,History,B
2594.0,English,B
2594.0,Physical Education,D
2595.0,Math,A
2595.0,Science,C
2595.0,History,A
2595.0,English,A
2595.0,Physical Education,A
2596.0,Math,D
2596.0,Science,F
2596.0,History,F
2596.0,English,D
2596.0,Physical Education,D
2597.0,Math,F
2597.0,Science,D
2597.0,History,B
2597.0,English,C
2597.0,Physical Education,C
2598.0,Math,C
2598.0,Science,F
2598.0,History,B
2598.0,English,A
2598.0,Physical Education,A
2599.0,Math,F
2599.0,Science,C
2599.0,History,B
2599.0,English,D
2599.0,Physical Education,F
2600.0,Math,C
2600.0,Science,F
2600.0,History,C
2600.0,English,F
2600.0,Physical Education,B
2601.0,Math,A
2601.0,Science,F
2601.0,History,C
2601.0,English,A
2601.0,Physical Education,A
2602.0,Math,B
2602.0,Science,B
2602.0,History,A
2602.0,English,A
2602.0,Physical Education,A
2603.0,Math,B
2603.0,Science,B
2603.0,History,B
2603.0,English,A
2603.0,Physical Education,D
2604.0,Math,F
2604.0,Science,C
2604.0,History,D
2604.0,English,A
2604.0,Physical Education,C
2605.0,Math,A
2605.0,Science,D
2605.0,History,C
2605.0,English,D
2605.0,Physical Education,F
2606.0,Math,F
2606.0,Science,B
2606.0,History,F
2606.0,English,C
2606.0,Physical Education,A
2607.0,Math,F
2607.0,Science,A
2607.0,History,C
2607.0,English,D
2607.0,Physical Education,A
2608.0,Math,F
2608.0,Science,A
2608.0,History,B
2608.0,English,C
2608.0,Physical Education,D
2609.0,Math,B
2609.0,Science,C
2609.0,History,D
2609.0,English,D
2609.0,Physical Education,C
2610.0,Math,B
2610.0,Science,F
2610.0,History,B
2610.0,English,B
2610.0,Physical Education,C
2611.0,Math,D
2611.0,Science,B
2611.0,History,C
2611.0,English,A
2611.0,Physical Education,F
2612.0,Math,F
2612.0,Science,B
2612.0,History,A
2612.0,English,A
2612.0,Physical Education,A
2613.0,Math,C
2613.0,Science,F
2613.0,History,A
2613.0,English,F
2613.0,Physical Education,A
2614.0,Math,D
2614.0,Science,B
2614.0,History,B
2614.0,English,B
2614.0,Physical Education,C
2615.0,Math,F
2615.0,Science,A
2615.0,History,D
2615.0,English,F
2615.0,Physical Education,B
2616.0,Math,F
2616.0,Science,D
2616.0,History,C
2616.0,English,A
2616.0,Physical Education,A
2617.0,Math,C
2617.0,Science,D
2617.0,History,D
2617.0,English,C
2617.0,Physical Education,B
2618.0,Math,F
2618.0,Science,C
2618.0,History,B
2618.0,English,B
2618.0,Physical Education,A
2619.0,Math,D
2619.0,Science,D
2619.0,History,D
2619.0,English,A
2619.0,Physical Education,B
2620.0,Math,F
2620.0,Science,D
2620.0,History,C
2620.0,English,D
2620.0,Physical Education,A
2621.0,Math,C
2621.0,Science,A
2621.0,History,D
2621.0,English,D
2621.0,Physical Education,B
2622.0,Math,C
2622.0,Science,C
2622.0,History,B
2622.0,English,D
2622.0,Physical Education,D
2623.0,Math,A
2623.0,Science,A
2623.0,History,C
2623.0,English,D
2623.0,Physical Education,A
2624.0,Math,B
2624.0,Science,F
2624.0,History,A
2624.0,English,F
2624.0,Physical Education,B
2625.0,Math,F
2625.0,Science,F
2625.0,History,F
2625.0,English,C
2625.0,Physical Education,D
2626.0,Math,C
2626.0,Science,C
2626.0,History,D
2626.0,English,C
2626.0,Physical Education,F
2627.0,Math,F
2627.0,Science,F
2627.0,History,F
2627.0,English,F
2627.0,Physical Education,D
2628.0,Math,C
2628.0,Science,D
2628.0,History,F
2628.0,English,A
2628.0,Physical Education,A
2629.0,Math,C
2629.0,Science,A
2629.0,History,C
2629.0,English,F
2629.0,Physical Education,C
2630.0,Math,C
2630.0,Science,D
2630.0,History,A
2630.0,English,A
2630.0,Physical Education,F
2631.0,Math,C
2631.0,Science,B
2631.0,History,F
2631.0,English,D
2631.0,Physical Education,A
2632.0,Math,D
2632.0,Science,C
2632.0,History,B
2632.0,English,D
2632.0,Physical Education,D
2633.0,Math,D
2633.0,Science,A
2633.0,History,F
2633.0,English,D
2633.0,Physical Education,C
2634.0,Math,F
2634.0,Science,F
2634.0,History,C
2634.0,English,A
2634.0,Physical Education,B
2635.0,Math,D
2635.0,Science,C
2635.0,History,D
2635.0,English,A
2635.0,Physical Education,F
2636.0,Math,A
2636.0,Science,F
2636.0,History,C
2636.0,English,A
2636.0,Physical Education,F
2637.0,Math,C
2637.0,Science,C
2637.0,History,A
2637.0,English,C
2637.0,Physical Education,A
2638.0,Math,F
2638.0,Science,B
2638.0,History,B
2638.0,English,A
2638.0,Physical Education,D
2639.0,Math,B
2639.0,Science,B
2639.0,History,C
2639.0,English,A
2639.0,Physical Education,D
2640.0,Math,F
2640.0,Science,C
2640.0,History,A
2640.0,English,B
2640.0,Physical Education,C
2641.0,Math,D
2641.0,Science,B
2641.0,History,B
2641.0,English,B
2641.0,Physical Education,B
2642.0,Math,D
2642.0,Science,F
2642.0,History,D
2642.0,English,F
2642.0,Physical Education,A
2643.0,Math,A
2643.0,Science,C
2643.0,History,A
2643.0,English,C
2643.0,Physical Education,B
2644.0,Math,D
2644.0,Science,F
2644.0,History,F
2644.0,English,B
2644.0,Physical Education,D
2645.0,Math,B
2645.0,Science,C
2645.0,History,A
2645.0,English,B
2645.0,Physical Education,D
2646.0,Math,D
2646.0,Science,D
2646.0,History,D
2646.0,English,A
2646.0,Physical Education,C
2647.0,Math,B
2647.0,Science,B
2647.0,History,B
2647.0,English,B
2647.0,Physical Education,A
2648.0,Math,A
2648.0,Science,C
2648.0,History,C
2648.0,English,D
2648.0,Physical Education,C
2649.0,Math,C
2649.0,Science,C
2649.0,History,D
2649.0,English,A
2649.0,Physical Education,C
2650.0,Math,C
2650.0,Science,B
2650.0,History,F
2650.0,English,A
2650.0,Physical Education,D
2651.0,Math,B
2651.0,Science,B
2651.0,History,F
2651.0,English,F
2651.0,Physical Education,F
2652.0,Math,A
2652.0,Science,A
2652.0,History,F
2652.0,English,F
2652.0,Physical Education,D
2653.0,Math,B
2653.0,Science,D
2653.0,History,C
2653.0,English,A
2653.0,Physical Education,D
2654.0,Math,C
2654.0,Science,D
2654.0,History,B
2654.0,English,B
2654.0,Physical Education,D
2655.0,Math,F
2655.0,Science,C
2655.0,History,D
2655.0,English,F
2655.0,Physical Education,F
2656.0,Math,B
2656.0,Science,B
2656.0,History,B
2656.0,English,C
2656.0,Physical Education,F
2657.0,Math,F
2657.0,Science,A
2657.0,History,C
2657.0,English,A
2657.0,Physical Education,D
2658.0,Math,B
2658.0,Science,B
2658.0,History,B
2658.0,English,A
2658.0,Physical Education,B
2659.0,Math,D
2659.0,Science,D
2659.0,History,F
2659.0,English,A
2659.0,Physical Education,A
2660.0,Math,D
2660.0,Science,F
2660.0,History,F
2660.0,English,C
2660.0,Physical Education,F
2661.0,Math,D
2661.0,Science,C
2661.0,History,D
2661.0,English,C
2661.0,Physical Education,C
2662.0,Math,B
2662.0,Science,B
2662.0,History,F
2662.0,English,F
2662.0,Physical Education,C
2663.0,Math,A
2663.0,Science,B
2663.0,History,A
2663.0,English,B
2663.0,Physical Education,D
2664.0,Math,A
2664.0,Science,F
2664.0,History,F
2664.0,English,C
2664.0,Physical Education,C
2665.0,Math,A
2665.0,Science,D
2665.0,History,B
2665.0,English,F
2665.0,Physical Education,A
2666.0,Math,F
2666.0,Science,F
2666.0,History,A
2666.0,English,B
2666.0,Physical Education,D
2667.0,Math,A
2667.0,Science,C
2667.0,History,B
2667.0,English,F
2667.0,Physical Education,A
2668.0,Math,A
2668.0,Science,D
2668.0,History,A
2668.0,English,C
2668.0,Physical Education,C
2669.0,Math,C
2669.0,Science,A
2669.0,History,B
2669.0,English,A
2669.0,Physical Education,D
2670.0,Math,C
2670.0,Science,D
2670.0,History,A
2670.0,English,C
2670.0,Physical Education,C
2671.0,Math,F
2671.0,Science,A
2671.0,History,D
2671.0,English,B
2671.0,Physical Education,B
2672.0,Math,D
2672.0,Science,A
2672.0,History,F
2672.0,English,B
2672.0,Physical Education,F
2673.0,Math,B
2673.0,Science,F
2673.0,History,A
2673.0,English,B
2673.0,Physical Education,C
2674.0,Math,D
2674.0,Science,A
2674.0,History,B
2674.0,English,C
2674.0,Physical Education,B
2675.0,Math,F
2675.0,Science,A
2675.0,History,F
2675.0,English,F
2675.0,Physical Education,D
2676.0,Math,D
2676.0,Science,B
2676.0,History,C
2676.0,English,B
2676.0,Physical Education,B
2677.0,Math,C
2677.0,Science,D
2677.0,History,D
2677.0,English,B
2677.0,Physical Education,A
2678.0,Math,F
2678.0,Science,A
2678.0,History,A
2678.0,English,B
2678.0,Physical Education,F
2679.0,Math,C
2679.0,Science,D
2679.0,History,C
2679.0,English,C
2679.0,Physical Education,D
2680.0,Math,F
2680.0,Science,D
2680.0,History,A
2680.0,English,D
2680.0,Physical Education,C
2681.0,Math,C
2681.0,Science,A
2681.0,History,C
2681.0,English,C
2681.0,Physical Education,F
2682.0,Math,A
2682.0,Science,D
2682.0,History,C
2682.0,English,A
2682.0,Physical Education,A
2683.0,Math,B
2683.0,Science,A
2683.0,History,C
2683.0,English,F
2683.0,Physical Education,B
2684.0,Math,C
2684.0,Science,B
2684.0,History,A
2684.0,English,A
2684.0,Physical Education,D
2685.0,Math,A
2685.0,Science,B
2685.0,History,C
2685.0,English,D
2685.0,Physical Education,B
2686.0,Math,F
2686.0,Science,D
2686.0,History,B
2686.0,English,F
2686.0,Physical Education,B
2687.0,Math,D
2687.0,Science,A
2687.0,History,A
2687.0,English,C
2687.0,Physical Education,C
2688.0,Math,C
2688.0,Science,D
2688.0,History,D
2688.0,English,B
2688.0,Physical Education,B
2689.0,Math,D
2689.0,Science,A
2689.0,History,D
2689.0,English,A
2689.0,Physical Education,F
2690.0,Math,B
2690.0,Science,C
2690.0,History,B
2690.0,English,B
2690.0,Physical Education,D
2691.0,Math,C
2691.0,Science,C
2691.0,History,A
2691.0,English,A
2691.0,Physical Education,D
2692.0,Math,A
2692.0,Science,A
2692.0,History,F
2692.0,English,D
2692.0,Physical Education,C
2693.0,Math,C
2693.0,Science,A
2693.0,History,C
2693.0,English,D
2693.0,Physical Education,F
2694.0,Math,A
2694.0,Science,A
2694.0,History,A
2694.0,English,C
2694.0,Physical Education,B
2695.0,Math,F
2695.0,Science,D
2695.0,History,D
2695.0,English,D
2695.0,Physical Education,C
2696.0,Math,F
2696.0,Science,B
2696.0,History,C
2696.0,English,C
2696.0,Physical Education,F
2697.0,Math,A
2697.0,Science,B
2697.0,History,A
2697.0,English,D
2697.0,Physical Education,A
2698.0,Math,A
2698.0,Science,C
2698.0,History,D
2698.0,English,A
2698.0,Physical Education,F
2699.0,Math,A
2699.0,Science,B
2699.0,History,F
2699.0,English,D
2699.0,Physical Education,D
2700.0,Math,D
2700.0,Science,B
2700.0,History,A
2700.0,English,C
2700.0,Physical Education,F
2701.0,Math,D
2701.0,Science,D
2701.0,History,D
2701.0,English,C
2701.0,Physical Education,D
2702.0,Math,C
2702.0,Science,C
2702.0,History,B
2702.0,English,A
2702.0,Physical Education,A
2703.0,Math,F
2703.0,Science,F
2703.0,History,C
2703.0,English,F
2703.0,Physical Education,B
2704.0,Math,A
2704.0,Science,A
2704.0,History,A
2704.0,English,C
2704.0,Physical Education,C
2705.0,Math,B
2705.0,Science,F
2705.0,History,C
2705.0,English,C
2705.0,Physical Education,F
2706.0,Math,C
2706.0,Science,C
2706.0,History,B
2706.0,English,A
2706.0,Physical Education,D
2707.0,Math,B
2707.0,Science,C
2707.0,History,F
2707.0,English,A
2707.0,Physical Education,A
2708.0,Math,B
2708.0,Science,C
2708.0,History,D
2708.0,English,D
2708.0,Physical Education,F
2709.0,Math,B
2709.0,Science,F
2709.0,History,A
2709.0,English,C
2709.0,Physical Education,C
2710.0,Math,B
2710.0,Science,C
2710.0,History,C
2710.0,English,B
2710.0,Physical Education,A
2711.0,Math,B
2711.0,Science,F
2711.0,History,F
2711.0,English,D
2711.0,Physical Education,A
2712.0,Math,A
2712.0,Science,A
2712.0,History,F
2712.0,English,C
2712.0,Physical Education,D
2713.0,Math,C
2713.0,Science,D
2713.0,History,C
2713.0,English,A
2713.0,Physical Education,B
2714.0,Math,D
2714.0,Science,B
2714.0,History,A
2714.0,English,A
2714.0,Physical Education,F
2715.0,Math,B
2715.0,Science,F
2715.0,History,D
2715.0,English,D
2715.0,Physical Education,F
2716.0,Math,F
2716.0,Science,F
2716.0,History,D
2716.0,English,C
2716.0,Physical Education,D
2717.0,Math,F
2717.0,Science,D
2717.0,History,F
2717.0,English,C
2717.0,Physical Education,B
2718.0,Math,A
2718.0,Science,C
2718.0,History,C
2718.0,English,C
2718.0,Physical Education,A
2719.0,Math,D
2719.0,Science,D
2719.0,History,C
2719.0,English,D
2719.0,Physical Education,F
2720.0,Math,C
2720.0,Science,A
2720.0,History,C
2720.0,English,F
2720.0,Physical Education,F
2721.0,Math,D
2721.0,Science,C
2721.0,History,F
2721.0,English,F
2721.0,Physical Education,D
2722.0,Math,B
2722.0,Science,B
2722.0,History,F
2722.0,English,A
2722.0,Physical Education,F
2723.0,Math,B
2723.0,Science,F
2723.0,History,B
2723.0,English,A
2723.0,Physical Education,D
2724.0,Math,D
2724.0,Science,F
2724.0,History,F
2724.0,English,C
2724.0,Physical Education,A
2725.0,Math,F
2725.0,Science,A
2725.0,History,C
2725.0,English,B
2725.0,Physical Education,B
2726.0,Math,B
2726.0,Science,B
2726.0,History,B
2726.0,English,D
2726.0,Physical Education,A
2727.0,Math,D
2727.0,Science,D
2727.0,History,B
2727.0,English,F
2727.0,Physical Education,C
2728.0,Math,F
2728.0,Science,C
2728.0,History,F
2728.0,English,B
2728.0,Physical Education,A
2729.0,Math,F
2729.0,Science,C
2729.0,History,B
2729.0,English,B
2729.0,Physical Education,C
2730.0,Math,D
2730.0,Science,A
2730.0,History,B
2730.0,English,C
2730.0,Physical Education,F
2731.0,Math,B
2731.0,Science,D
2731.0,History,C
2731.0,English,B
2731.0,Physical Education,D
2732.0,Math,C
2732.0,Science,C
2732.0,History,B
2732.0,English,A
2732.0,Physical Education,B
2733.0,Math,D
2733.0,Science,B
2733.0,History,B
2733.0,English,F
2733.0,Physical Education,D
2734.0,Math,D
2734.0,Science,A
2734.0,History,C
2734.0,English,C
2734.0,Physical Education,F
2735.0,Math,A
2735.0,Science,B
2735.0,History,D
2735.0,English,D
2735.0,Physical Education,C
2736.0,Math,B
2736.0,Science,A
2736.0,History,D
2736.0,English,D
2736.0,Physical Education,A
2737.0,Math,B
2737.0,Science,C
2737.0,History,C
2737.0,English,D
2737.0,Physical Education,D
2738.0,Math,B
2738.0,Science,B
2738.0,History,A
2738.0,English,D
2738.0,Physical Education,F
2739.0,Math,D
2739.0,Science,C
2739.0,History,B
2739.0,English,B
2739.0,Physical Education,D
2740.0,Math,D
2740.0,Science,D
2740.0,History,A
2740.0,English,A
2740.0,Physical Education,B
2741.0,Math,A
2741.0,Science,A
2741.0,History,D
2741.0,English,A
2741.0,Physical Education,B
2742.0,Math,F
2742.0,Science,C
2742.0,History,D
2742.0,English,B
2742.0,Physical Education,A
2743.0,Math,D
2743.0,Science,C
2743.0,History,A
2743.0,English,C
2743.0,Physical Education,A
2744.0,Math,A
2744.0,Science,C
2744.0,History,A
2744.0,English,C
2744.0,Physical Education,F
2745.0,Math,F
2745.0,Science,D
2745.0,History,B
2745.0,English,A
2745.0,Physical Education,F
2746.0,Math,C
2746.0,Science,B
2746.0,History,B
2746.0,English,C
2746.0,Physical Education,D
2747.0,Math,B
2747.0,Science,B
2747.0,History,F
2747.0,English,D
2747.0,Physical Education,B
2748.0,Math,F
2748.0,Science,A
2748.0,History,A
2748.0,English,B
2748.0,Physical Education,B
2749.0,Math,F
2749.0,Science,A
2749.0,History,C
2749.0,English,C
2749.0,Physical Education,F
2750.0,Math,F
2750.0,Science,C
2750.0,History,B
2750.0,English,A
2750.0,Physical Education,B
2751.0,Math,D
2751.0,Science,A
2751.0,History,C
2751.0,English,C
2751.0,Physical Education,B
2752.0,Math,A
2752.0,Science,B
2752.0,History,A
2752.0,English,D
2752.0,Physical Education,A
2753.0,Math,A
2753.0,Science,A
2753.0,History,A
2753.0,English,F
2753.0,Physical Education,D
2754.0,Math,C
2754.0,Science,C
2754.0,History,C
2754.0,English,D
2754.0,Physical Education,B
2755.0,Math,D
2755.0,Science,F
2755.0,History,A
2755.0,English,F
2755.0,Physical Education,D
2756.0,Math,D
2756.0,Science,D
2756.0,History,D
2756.0,English,C
2756.0,Physical Education,A
2757.0,Math,A
2757.0,Science,F
2757.0,History,A
2757.0,English,C
2757.0,Physical Education,A
2758.0,Math,D
2758.0,Science,C
2758.0,History,D
2758.0,English,A
2758.0,Physical Education,D
2759.0,Math,B
2759.0,Science,D
2759.0,History,C
2759.0,English,D
2759.0,Physical Education,C
2760.0,Math,A
2760.0,Science,F
2760.0,History,A
2760.0,English,F
2760.0,Physical Education,C
2761.0,Math,C
2761.0,Science,A
2761.0,History,A
2761.0,English,F
2761.0,Physical Education,F
2762.0,Math,D
2762.0,Science,B
2762.0,History,A
2762.0,English,A
2762.0,Physical Education,C
2763.0,Math,D
2763.0,Science,C
2763.0,History,A
2763.0,English,D
2763.0,Physical Education,A
2764.0,Math,D
2764.0,Science,F
2764.0,History,C
2764.0,English,A
2764.0,Physical Education,D
2765.0,Math,F
2765.0,Science,F
2765.0,History,A
2765.0,English,F
2765.0,Physical Education,B
2766.0,Math,B
2766.0,Science,F
2766.0,History,A
2766.0,English,D
2766.0,Physical Education,F
2767.0,Math,D
2767.0,Science,B
2767.0,History,D
2767.0,English,D
2767.0,Physical Education,F
2768.0,Math,F
2768.0,Science,D
2768.0,History,C
2768.0,English,B
2768.0,Physical Education,C
2769.0,Math,D
2769.0,Science,B
2769.0,History,B
2769.0,English,F
2769.0,Physical Education,F
2770.0,Math,B
2770.0,Science,F
2770.0,History,D
2770.0,English,D
2770.0,Physical Education,C
2771.0,Math,F
2771.0,Science,C
2771.0,History,B
2771.0,English,B
2771.0,Physical Education,A
2772.0,Math,F
2772.0,Science,A
2772.0,History,D
2772.0,English,B
2772.0,Physical Education,F
2773.0,Math,D
2773.0,Science,A
2773.0,History,C
2773.0,English,F
2773.0,Physical Education,D
2774.0,Math,C
2774.0,Science,C
2774.0,History,D
2774.0,English,D
2774.0,Physical Education,C
2775.0,Math,B
2775.0,Science,A
2775.0,History,C
2775.0,English,D
2775.0,Physical Education,C
2776.0,Math,C
2776.0,Science,F
2776.0,History,B
2776.0,English,A
2776.0,Physical Education,C
2777.0,Math,A
2777.0,Science,B
2777.0,History,F
2777.0,English,B
2777.0,Physical Education,C
2778.0,Math,A
2778.0,Science,C
2778.0,History,C
2778.0,English,A
2778.0,Physical Education,A
2779.0,Math,D
2779.0,Science,C
2779.0,History,C
2779.0,English,A
2779.0,Physical Education,C
2780.0,Math,C
2780.0,Science,C
2780.0,History,B
2780.0,English,A
2780.0,Physical Education,D
2781.0,Math,B
2781.0,Science,B
2781.0,History,D
2781.0,English,A
2781.0,Physical Education,A
2782.0,Math,F
2782.0,Science,C
2782.0,History,A
2782.0,English,B
2782.0,Physical Education,D
2783.0,Math,F
2783.0,Science,F
2783.0,History,B
2783.0,English,C
2783.0,Physical Education,F
2784.0,Math,D
2784.0,Science,F
2784.0,History,D
2784.0,English,F
2784.0,Physical Education,A
2785.0,Math,D
2785.0,Science,A
2785.0,History,D
2785.0,English,C
2785.0,Physical Education,D
2786.0,Math,F
2786.0,Science,A
2786.0,History,A
2786.0,English,D
2786.0,Physical Education,F
2787.0,Math,B
2787.0,Science,A
2787.0,History,D
2787.0,English,C
2787.0,Physical Education,D
2788.0,Math,A
2788.0,Science,C
2788.0,History,C
2788.0,English,A
2788.0,Physical Education,B
2789.0,Math,F
2789.0,Science,B
2789.0,History,C
2789.0,English,D
2789.0,Physical Education,D
2790.0,Math,C
2790.0,Science,A
2790.0,History,F
2790.0,English,D
2790.0,Physical Education,C
2791.0,Math,B
2791.0,Science,B
2791.0,History,D
2791.0,English,F
2791.0,Physical Education,F
2792.0,Math,D
2792.0,Science,F
2792.0,History,C
2792.0,English,D
2792.0,Physical Education,A
2793.0,Math,D
2793.0,Science,A
2793.0,History,F
2793.0,English,B
2793.0,Physical Education,A
2794.0,Math,B
2794.0,Science,C
2794.0,History,B
2794.0,English,F
2794.0,Physical Education,C
2795.0,Math,F
2795.0,Science,D
2795.0,History,B
2795.0,English,D
2795.0,Physical Education,A
2796.0,Math,B
2796.0,Science,D
2796.0,History,C
2796.0,English,C
2796.0,Physical Education,F
2797.0,Math,B
2797.0,Science,F
2797.0,History,C
2797.0,English,C
2797.0,Physical Education,C
2798.0,Math,C
2798.0,Science,D
2798.0,History,A
2798.0,English,F
2798.0,Physical Education,D
2799.0,Math,C
2799.0,Science,C
2799.0,History,F
2799.0,English,D
2799.0,Physical Education,D
2800.0,Math,D
2800.0,Science,D
2800.0,History,D
2800.0,English,A
2800.0,Physical Education,D
2801.0,Math,B
2801.0,Science,D
2801.0,History,A
2801.0,English,D
2801.0,Physical Education,C
2802.0,Math,F
2802.0,Science,A
2802.0,History,F
2802.0,English,D
2802.0,Physical Education,B
2803.0,Math,B
2803.0,Science,C
2803.0,History,D
2803.0,English,B
2803.0,Physical Education,A
2804.0,Math,B
2804.0,Science,D
2804.0,History,F
2804.0,English,C
2804.0,Physical Education,D
2805.0,Math,F
2805.0,Science,F
2805.0,History,C
2805.0,English,A
2805.0,Physical Education,C
2806.0,Math,C
2806.0,Science,D
2806.0,History,B
2806.0,English,B
2806.0,Physical Education,F
2807.0,Math,D
2807.0,Science,B
2807.0,History,A
2807.0,English,B
2807.0,Physical Education,F
2808.0,Math,F
2808.0,Science,A
2808.0,History,F
2808.0,English,B
2808.0,Physical Education,C
2809.0,Math,D
2809.0,Science,D
2809.0,History,B
2809.0,English,C
2809.0,Physical Education,F
2810.0,Math,D
2810.0,Science,B
2810.0,History,D
2810.0,English,A
2810.0,Physical Education,C
2811.0,Math,F
2811.0,Science,A
2811.0,History,D
2811.0,English,A
2811.0,Physical Education,C
2812.0,Math,F
2812.0,Science,F
2812.0,History,C
2812.0,English,D
2812.0,Physical Education,A
2813.0,Math,B
2813.0,Science,A
2813.0,History,A
2813.0,English,B
2813.0,Physical Education,B
2814.0,Math,B
2814.0,Science,C
2814.0,History,A
2814.0,English,F
2814.0,Physical Education,C
2815.0,Math,B
2815.0,Science,A
2815.0,History,B
2815.0,English,C
2815.0,Physical Education,D
2816.0,Math,D
2816.0,Science,B
2816.0,History,C
2816.0,English,C
2816.0,Physical Education,C
2817.0,Math,B
2817.0,Science,B
2817.0,History,D
2817.0,English,A
2817.0,Physical Education,F
2818.0,Math,D
2818.0,Science,F
2818.0,History,B
2818.0,English,B
2818.0,Physical Education,A
2819.0,Math,B
2819.0,Science,D
2819.0,History,C
2819.0,English,C
2819.0,Physical Education,A
2820.0,Math,C
2820.0,Science,A
2820.0,History,C
2820.0,English,B
2820.0,Physical Education,D
2821.0,Math,A
2821.0,Science,B
2821.0,History,B
2821.0,English,D
2821.0,Physical Education,D
2822.0,Math,B
2822.0,Science,B
2822.0,History,A
2822.0,English,D
2822.0,Physical Education,D
2823.0,Math,D
2823.0,Science,A
2823.0,History,D
2823.0,English,D
2823.0,Physical Education,A
2824.0,Math,C
2824.0,Science,B
2824.0,History,F
2824.0,English,F
2824.0,Physical Education,A
2825.0,Math,D
2825.0,Science,F
2825.0,History,C
2825.0,English,A
2825.0,Physical Education,C
2826.0,Math,A
2826.0,Science,B
2826.0,History,B
2826.0,English,F
2826.0,Physical Education,C
2827.0,Math,B
2827.0,Science,B
2827.0,History,B
2827.0,English,C
2827.0,Physical Education,A
2828.0,Math,B
2828.0,Science,C
2828.0,History,A
2828.0,English,B
2828.0,Physical Education,A
2829.0,Math,A
2829.0,Science,A
2829.0,History,C
2829.0,English,C
2829.0,Physical Education,D
2830.0,Math,B
2830.0,Science,A
2830.0,History,B
2830.0,English,D
2830.0,Physical Education,B
2831.0,Math,F
2831.0,Science,F
2831.0,History,F
2831.0,English,D
2831.0,Physical Education,F
2832.0,Math,C
2832.0,Science,F
2832.0,History,C
2832.0,English,D
2832.0,Physical Education,C
2833.0,Math,B
2833.0,Science,A
2833.0,History,F
2833.0,English,F
2833.0,Physical Education,D
2834.0,Math,D
2834.0,Science,A
2834.0,History,C
2834.0,English,C
2834.0,Physical Education,D
2835.0,Math,C
2835.0,Science,D
2835.0,History,F
2835.0,English,B
2835.0,Physical Education,B
2836.0,Math,A
2836.0,Science,F
2836.0,History,C
2836.0,English,D
2836.0,Physical Education,F
2837.0,Math,F
2837.0,Science,A
2837.0,History,B
2837.0,English,C
2837.0,Physical Education,F
2838.0,Math,C
2838.0,Science,B
2838.0,History,B
2838.0,English,A
2838.0,Physical Education,B
2839.0,Math,A
2839.0,Science,B
2839.0,History,F
2839.0,English,D
2839.0,Physical Education,C
2840.0,Math,D
2840.0,Science,F
2840.0,History,B
2840.0,English,F
2840.0,Physical Education,D
2841.0,Math,D
2841.0,Science,C
2841.0,History,B
2841.0,English,F
2841.0,Physical Education,B
2842.0,Math,B
2842.0,Science,B
2842.0,History,D
2842.0,English,B
2842.0,Physical Education,A
2843.0,Math,C
2843.0,Science,B
2843.0,History,B
2843.0,English,C
2843.0,Physical Education,F
2844.0,Math,D
2844.0,Science,A
2844.0,History,A
2844.0,English,F
2844.0,Physical Education,A
2845.0,Math,B
2845.0,Science,A
2845.0,History,C
2845.0,English,D
2845.0,Physical Education,B
2846.0,Math,D
2846.0,Science,A
2846.0,History,C
2846.0,English,B
2846.0,Physical Education,C
2847.0,Math,A
2847.0,Science,D
2847.0,History,D
2847.0,English,B
2847.0,Physical Education,C
2848.0,Math,A
2848.0,Science,D
2848.0,History,D
2848.0,English,B
2848.0,Physical Education,F
2849.0,Math,B
2849.0,Science,B
2849.0,History,A
2849.0,English,B
2849.0,Physical Education,F
2850.0,Math,B
2850.0,Science,B
2850.0,History,F
2850.0,English,B
2850.0,Physical Education,D
2851.0,Math,C
2851.0,Science,F
2851.0,History,F
2851.0,English,D
2851.0,Physical Education,F
2852.0,Math,B
2852.0,Science,D
2852.0,History,C
2852.0,English,A
2852.0,Physical Education,F
2853.0,Math,D
2853.0,Science,F
2853.0,History,D
2853.0,English,B
2853.0,Physical Education,A
2854.0,Math,C
2854.0,Science,F
2854.0,History,A
2854.0,English,D
2854.0,Physical Education,D
2855.0,Math,F
2855.0,Science,F
2855.0,History,D
2855.0,English,A
2855.0,Physical Education,D
2856.0,Math,F
2856.0,Science,F
2856.0,History,C
2856.0,English,B
2856.0,Physical Education,B
2857.0,Math,C
2857.0,Science,C
2857.0,History,F
2857.0,English,C
2857.0,Physical Education,B
2858.0,Math,B
2858.0,Science,A
2858.0,History,F
2858.0,English,B
2858.0,Physical Education,C
2859.0,Math,B
2859.0,Science,B
2859.0,History,C
2859.0,English,B
2859.0,Physical Education,C
2860.0,Math,A
2860.0,Science,A
2860.0,History,A
2860.0,English,F
2860.0,Physical Education,B
2861.0,Math,C
2861.0,Science,B
2861.0,History,D
2861.0,English,D
2861.0,Physical Education,F
2862.0,Math,F
2862.0,Science,C
2862.0,History,A
2862.0,English,D
2862.0,Physical Education,C
2863.0,Math,A
2863.0,Science,D
2863.0,History,F
2863.0,English,F
2863.0,Physical Education,F
2864.0,Math,D
2864.0,Science,D
2864.0,History,D
2864.0,English,F
2864.0,Physical Education,D
2865.0,Math,F
2865.0,Science,A
2865.0,History,B
2865.0,English,D
2865.0,Physical Education,D
2866.0,Math,A
2866.0,Science,C
2866.0,History,D
2866.0,English,B
2866.0,Physical Education,F
2867.0,Math,D
2867.0,Science,F
2867.0,History,A
2867.0,English,A
2867.0,Physical Education,B
2868.0,Math,F
2868.0,Science,A
2868.0,History,B
2868.0,English,C
2868.0,Physical Education,D
2869.0,Math,A
2869.0,Science,A
2869.0,History,B
2869.0,English,F
2869.0,Physical Education,B
2870.0,Math,C
2870.0,Science,F
2870.0,History,A
2870.0,English,C
2870.0,Physical Education,D
2871.0,Math,F
2871.0,Science,B
2871.0,History,D
2871.0,English,B
2871.0,Physical Education,D
2872.0,Math,A
2872.0,Science,A
2872.0,History,C
2872.0,English,D
2872.0,Physical Education,B
2873.0,Math,B
2873.0,Science,A
2873.0,History,B
2873.0,English,D
2873.0,Physical Education,C
2874.0,Math,C
2874.0,Science,F
2874.0,History,D
2874.0,English,F
2874.0,Physical Education,C
2875.0,Math,C
2875.0,Science,B
2875.0,History,C
2875.0,English,C
2875.0,Physical Education,D
2876.0,Math,C
2876.0,Science,F
2876.0,History,F
2876.0,English,A
2876.0,Physical Education,F
2877.0,Math,D
2877.0,Science,C
2877.0,History,F
2877.0,English,C
2877.0,Physical Education,F
2878.0,Math,F
2878.0,Science,C
2878.0,History,D
2878.0,English,C
2878.0,Physical Education,A
2879.0,Math,D
2879.0,Science,C
2879.0,History,A
2879.0,English,C
2879.0,Physical Education,C
2880.0,Math,A
2880.0,Science,A
2880.0,History,D
2880.0,English,D
2880.0,Physical Education,A
2881.0,Math,F
2881.0,Science,C
2881.0,History,B
2881.0,English,B
2881.0,Physical Education,C
2882.0,Math,A
2882.0,Science,C
2882.0,History,F
2882.0,English,F
2882.0,Physical Education,C
2883.0,Math,F
2883.0,Science,C
2883.0,History,B
2883.0,English,B
2883.0,Physical Education,D
2884.0,Math,F
2884.0,Science,C
2884.0,History,D
2884.0,English,C
2884.0,Physical Education,B
2885.0,Math,F
2885.0,Science,C
2885.0,History,A
2885.0,English,C
2885.0,Physical Education,D
2886.0,Math,D
2886.0,Science,B
2886.0,History,D
2886.0,English,C
2886.0,Physical Education,B
2887.0,Math,D
2887.0,Science,B
2887.0,History,B
2887.0,English,C
2887.0,Physical Education,D
2888.0,Math,C
2888.0,Science,A
2888.0,History,D
2888.0,English,B
2888.0,Physical Education,D
2889.0,Math,B
2889.0,Science,B
2889.0,History,B
2889.0,English,C
2889.0,Physical Education,F
2890.0,Math,C
2890.0,Science,D
2890.0,History,D
2890.0,English,C
2890.0,Physical Education,D
2891.0,Math,D
2891.0,Science,C
2891.0,History,C
2891.0,English,D
2891.0,Physical Education,B
2892.0,Math,F
2892.0,Science,F
2892.0,History,F
2892.0,English,F
2892.0,Physical Education,D
2893.0,Math,A
2893.0,Science,F
2893.0,History,A
2893.0,English,D
2893.0,Physical Education,F
2894.0,Math,F
2894.0,Science,A
2894.0,History,B
2894.0,English,D
2894.0,Physical Education,F
2895.0,Math,B
2895.0,Science,B
2895.0,History,B
2895.0,English,F
2895.0,Physical Education,A
2896.0,Math,F
2896.0,Science,C
2896.0,History,A
2896.0,English,B
2896.0,Physical Education,C
2897.0,Math,D
2897.0,Science,A
2897.0,History,B
2897.0,English,C
2897.0,Physical Education,A
2898.0,Math,B
2898.0,Science,B
2898.0,History,A
2898.0,English,D
2898.0,Physical Education,A
2899.0,Math,C
2899.0,Science,F
2899.0,History,F
2899.0,English,B
2899.0,Physical Education,B
2900.0,Math,B
2900.0,Science,C
2900.0,History,C
2900.0,English,C
2900.0,Physical Education,F
2901.0,Math,B
2901.0,Science,C
2901.0,History,D
2901.0,English,F
2901.0,Physical Education,B
2902.0,Math,C
2902.0,Science,C
2902.0,History,C
2902.0,English,C
2902.0,Physical Education,D
2903.0,Math,B
2903.0,Science,A
2903.0,History,F
2903.0,English,D
2903.0,Physical Education,C
2904.0,Math,C
2904.0,Science,C
2904.0,History,A
2904.0,English,C
2904.0,Physical Education,A
2905.0,Math,A
2905.0,Science,B
2905.0,History,C
2905.0,English,B
2905.0,Physical Education,B
2906.0,Math,B
2906.0,Science,A
2906.0,History,F
2906.0,English,F
2906.0,Physical Education,C
2907.0,Math,A
2907.0,Science,F
2907.0,History,B
2907.0,English,D
2907.0,Physical Education,A
2908.0,Math,C
2908.0,Science,A
2908.0,History,C
2908.0,English,F
2908.0,Physical Education,F
2909.0,Math,D
2909.0,Science,C
2909.0,History,D
2909.0,English,A
2909.0,Physical Education,A
2910.0,Math,A
2910.0,Science,B
2910.0,History,A
2910.0,English,D
2910.0,Physical Education,D
2911.0,Math,A
2911.0,Science,D
2911.0,History,B
2911.0,English,C
2911.0,Physical Education,D
2912.0,Math,D
2912.0,Science,F
2912.0,History,F
2912.0,English,B
2912.0,Physical Education,A
2913.0,Math,A
2913.0,Science,A
2913.0,History,D
2913.0,English,C
2913.0,Physical Education,A
2914.0,Math,F
2914.0,Science,F
2914.0,History,C
2914.0,English,A
2914.0,Physical Education,D
2915.0,Math,B
2915.0,Science,D
2915.0,History,D
2915.0,English,D
2915.0,Physical Education,A
2916.0,Math,C
2916.0,Science,F
2916.0,History,C
2916.0,English,A
2916.0,Physical Education,D
2917.0,Math,C
2917.0,Science,C
2917.0,History,A
2917.0,English,C
2917.0,Physical Education,D
2918.0,Math,B
2918.0,Science,C
2918.0,History,B
2918.0,English,C
2918.0,Physical Education,C
2919.0,Math,C
2919.0,Science,D
2919.0,History,B
2919.0,English,C
2919.0,Physical Education,F
2920.0,Math,D
2920.0,Science,F
2920.0,History,A
2920.0,English,C
2920.0,Physical Education,F
2921.0,Math,D
2921.0,Science,B
2921.0,History,D
2921.0,English,B
2921.0,Physical Education,F
2922.0,Math,C
2922.0,Science,F
2922.0,History,C
2922.0,English,D
2922.0,Physical Education,B
2923.0,Math,D
2923.0,Science,F
2923.0,History,C
2923.0,English,B
2923.0,Physical Education,C
2924.0,Math,D
2924.0,Science,B
2924.0,History,F
2924.0,English,C
2924.0,Physical Education,C
2925.0,Math,C
2925.0,Science,B
2925.0,History,F
2925.0,English,F
2925.0,Physical Education,F
2926.0,Math,C
2926.0,Science,C
2926.0,History,F
2926.0,English,F
2926.0,Physical Education,A
2927.0,Math,F
2927.0,Science,A
2927.0,History,F
2927.0,English,C
2927.0,Physical Education,A
2928.0,Math,D
2928.0,Science,C
2928.0,History,B
2928.0,English,C
2928.0,Physical Education,C
2929.0,Math,A
2929.0,Science,D
2929.0,History,A
2929.0,English,C
2929.0,Physical Education,A
2930.0,Math,B
2930.0,Science,F
2930.0,History,A
2930.0,English,C
2930.0,Physical Education,C
2931.0,Math,F
2931.0,Science,A
2931.0,History,B
2931.0,English,B
2931.0,Physical Education,B
2932.0,Math,D
2932.0,Science,B
2932.0,History,A
2932.0,English,C
2932.0,Physical Education,B
2933.0,Math,B
2933.0,Science,F
2933.0,History,A
2933.0,English,D
2933.0,Physical Education,D
2934.0,Math,F
2934.0,Science,D
2934.0,History,B
2934.0,English,D
2934.0,Physical Education,A
2935.0,Math,D
2935.0,Science,D
2935.0,History,A
2935.0,English,D
2935.0,Physical Education,B
2936.0,Math,C
2936.0,Science,D
2936.0,History,B
2936.0,English,A
2936.0,Physical Education,D
2937.0,Math,A
2937.0,Science,A
2937.0,History,F
2937.0,English,B
2937.0,Physical Education,D
2938.0,Math,A
2938.0,Science,C
2938.0,History,F
2938.0,English,F
2938.0,Physical Education,D
2939.0,Math,F
2939.0,Science,F
2939.0,History,A
2939.0,English,A
2939.0,Physical Education,B
2940.0,Math,D
2940.0,Science,C
2940.0,History,B
2940.0,English,A
2940.0,Physical Education,F
2941.0,Math,F
2941.0,Science,B
2941.0,History,C
2941.0,English,F
2941.0,Physical Education,B
2942.0,Math,A
2942.0,Science,A
2942.0,History,D
2942.0,English,F
2942.0,Physical Education,A
2943.0,Math,D
2943.0,Science,A
2943.0,History,A
2943.0,English,B
2943.0,Physical Education,F
2944.0,Math,A
2944.0,Science,C
2944.0,History,D
2944.0,English,F
2944.0,Physical Education,D
2945.0,Math,C
2945.0,Science,A
2945.0,History,D
2945.0,English,A
2945.0,Physical Education,C
2946.0,Math,D
2946.0,Science,B
2946.0,History,B
2946.0,English,D
2946.0,Physical Education,C
2947.0,Math,D
2947.0,Science,D
2947.0,History,C
2947.0,English,F
2947.0,Physical Education,C
2948.0,Math,C
2948.0,Science,B
2948.0,History,C
2948.0,English,C
2948.0,Physical Education,C
2949.0,Math,B
2949.0,Science,A
2949.0,History,D
2949.0,English,F
2949.0,Physical Education,B
2950.0,Math,A
2950.0,Science,A
2950.0,History,A
2950.0,English,A
2950.0,Physical Education,B
2951.0,Math,B
2951.0,Science,C
2951.0,History,F
2951.0,English,C
2951.0,Physical Education,A
2952.0,Math,A
2952.0,Science,C
2952.0,History,B
2952.0,English,C
2952.0,Physical Education,B
2953.0,Math,C
2953.0,Science,D
2953.0,History,C
2953.0,English,F
2953.0,Physical Education,B
2954.0,Math,B
2954.0,Science,B
2954.0,History,F
2954.0,English,C
2954.0,Physical Education,A
2955.0,Math,D
2955.0,Science,C
2955.0,History,F
2955.0,English,A
2955.0,Physical Education,D
2956.0,Math,D
2956.0,Science,C
2956.0,History,A
2956.0,English,F
2956.0,Physical Education,F
2957.0,Math,B
2957.0,Science,D
2957.0,History,A
2957.0,English,A
2957.0,Physical Education,F
2958.0,Math,C
2958.0,Science,D
2958.0,History,C
2958.0,English,D
2958.0,Physical Education,D
2959.0,Math,F
2959.0,Science,A
2959.0,History,C
2959.0,English,A
2959.0,Physical Education,F
2960.0,Math,F
2960.0,Science,D
2960.0,History,F
2960.0,English,F
2960.0,Physical Education,F
2961.0,Math,F
2961.0,Science,A
2961.0,History,D
2961.0,English,D
2961.0,Physical Education,D
2962.0,Math,F
2962.0,Science,F
2962.0,History,F
2962.0,English,C
2962.0,Physical Education,F
2963.0,Math,D
2963.0,Science,C
2963.0,History,C
2963.0,English,F
2963.0,Physical Education,B
2964.0,Math,F
2964.0,Science,A
2964.0,History,D
2964.0,English,A
2964.0,Physical Education,D
2965.0,Math,F
2965.0,Science,B
2965.0,History,D
2965.0,English,F
2965.0,Physical Education,B
2966.0,Math,F
2966.0,Science,C
2966.0,History,D
2966.0,English,F
2966.0,Physical Education,C
2967.0,Math,D
2967.0,Science,F
2967.0,History,C
2967.0,English,B
2967.0,Physical Education,C
2968.0,Math,C
2968.0,Science,A
2968.0,History,B
2968.0,English,F
2968.0,Physical Education,A
2969.0,Math,C
2969.0,Science,B
2969.0,History,B
2969.0,English,A
2969.0,Physical Education,B
2970.0,Math,C
2970.0,Science,D
2970.0,History,B
2970.0,English,D
2970.0,Physical Education,C
2971.0,Math,A
2971.0,Science,D
2971.0,History,B
2971.0,English,A
2971.0,Physical Education,A
2972.0,Math,F
2972.0,Science,D
2972.0,History,A
2972.0,English,F
2972.0,Physical Education,D
2973.0,Math,C
2973.0,Science,B
2973.0,History,B
2973.0,English,D
2973.0,Physical Education,C
2974.0,Math,D
2974.0,Science,D
2974.0,History,A
2974.0,English,C
2974.0,Physical Education,B
2975.0,Math,C
2975.0,Science,C
2975.0,History,C
2975.0,English,C
2975.0,Physical Education,D
2976.0,Math,D
2976.0,Science,B
2976.0,History,C
2976.0,English,B
2976.0,Physical Education,B
2977.0,Math,C
2977.0,Science,B
2977.0,History,A
2977.0,English,C
2977.0,Physical Education,A
2978.0,Math,D
2978.0,Science,A
2978.0,History,A
2978.0,English,A
2978.0,Physical Education,A
2979.0,Math,C
2979.0,Science,F
2979.0,History,F
2979.0,English,D
2979.0,Physical Education,C
2980.0,Math,B
2980.0,Science,A
2980.0,History,C
2980.0,English,C
2980.0,Physical Education,D
2981.0,Math,A
2981.0,Science,F
2981.0,History,F
2981.0,English,B
2981.0,Physical Education,D
2982.0,Math,F
2982.0,Science,A
2982.0,History,A
2982.0,English,F
2982.0,Physical Education,B
2983.0,Math,D
2983.0,Science,B
2983.0,History,B
2983.0,English,B
2983.0,Physical Education,B
2984.0,Math,D
2984.0,Science,A
2984.0,History,B
2984.0,English,C
2984.0,Physical Education,C
2985.0,Math,F
2985.0,Science,B
2985.0,History,F
2985.0,English,B
2985.0,Physical Education,B
2986.0,Math,B
2986.0,Science,C
2986.0,History,F
2986.0,English,F
2986.0,Physical Education,C
2987.0,Math,F
2987.0,Science,F
2987.0,History,F
2987.0,English,C
2987.0,Physical Education,D
2988.0,Math,A
2988.0,Science,D
2988.0,History,D
2988.0,English,F
2988.0,Physical Education,C
2989.0,Math,B
2989.0,Science,F
2989.0,History,C
2989.0,English,A
2989.0,Physical Education,D
2990.0,Math,D
2990.0,Science,B
2990.0,History,F
2990.0,English,C
2990.0,Physical Education,B
2991.0,Math,D
2991.0,Science,F
2991.0,History,B
2991.0,English,F
2991.0,Physical Education,A
2992.0,Math,B
2992.0,Science,B
2992.0,History,B
2992.0,English,F
2992.0,Physical Education,C
2993.0,Math,D
2993.0,Science,D
2993.0,History,D
2993.0,English,B
2993.0,Physical Education,F
2994.0,Math,C
2994.0,Science,D
2994.0,History,D
2994.0,English,B
2994.0,Physical Education,A
2995.0,Math,D
2995.0,Science,A
2995.0,History,C
2995.0,English,C
2995.0,Physical Education,D
2996.0,Math,C
2996.0,Science,C
2996.0,History,C
2996.0,English,F
2996.0,Physical Education,D
2997.0,Math,B
2997.0,Science,C
2997.0,History,C
2997.0,English,C
2997.0,Physical Education,D
2998.0,Math,C
2998.0,Science,B
2998.0,History,F
2998.0,English,C
2998.0,Physical Education,A
2999.0,Math,A
2999.0,Science,B
2999.0,History,C
2999.0,English,C
2999.0,Physical Education,F
3000.0,Math,C
3000.0,Science,C
3000.0,History,D
3000.0,English,B
3000.0,Physical Education,D
3001.0,Math,A
3001.0,Science,B
3001.0,History,F
3001.0,English,F
3001.0,Physical Education,C
3002.0,Math,F
3002.0,Science,A
3002.0,History,A
3002.0,English,B
3002.0,Physical Education,C
3003.0,Math,A
3003.0,Science,C
3003.0,History,A
3003.0,English,D
3003.0,Physical Education,C
3004.0,Math,D
3004.0,Science,F
3004.0,History,D
3004.0,English,A
3004.0,Physical Education,D
3005.0,Math,A
3005.0,Science,B
3005.0,History,F
3005.0,English,A
3005.0,Physical Education,A
3006.0,Math,D
3006.0,Science,C
3006.0,History,A
3006.0,English,D
3006.0,Physical Education,D
3007.0,Math,F
3007.0,Science,F
3007.0,History,C
3007.0,English,C
3007.0,Physical Education,B
3008.0,Math,A
3008.0,Science,D
3008.0,History,F
3008.0,English,D
3008.0,Physical Education,D
3009.0,Math,A
3009.0,Science,D
3009.0,History,F
3009.0,English,C
3009.0,Physical Education,C
3010.0,Math,D
3010.0,Science,C
3010.0,History,B
3010.0,English,B
3010.0,Physical Education,C
3011.0,Math,D
3011.0,Science,A
3011.0,History,B
3011.0,English,C
3011.0,Physical Education,B
3012.0,Math,A
3012.0,Science,A
3012.0,History,F
3012.0,English,C
3012.0,Physical Education,D
3013.0,Math,D
3013.0,Science,F
3013.0,History,C
3013.0,English,B
3013.0,Physical Education,B
3014.0,Math,D
3014.0,Science,F
3014.0,History,A
3014.0,English,A
3014.0,Physical Education,B
3015.0,Math,D
3015.0,Science,A
3015.0,History,F
3015.0,English,A
3015.0,Physical Education,B
3016.0,Math,B
3016.0,Science,D
3016.0,History,A
3016.0,English,C
3016.0,Physical Education,C
3017.0,Math,B
3017.0,Science,F
3017.0,History,C
3017.0,English,D
3017.0,Physical Education,B
3018.0,Math,B
3018.0,Science,D
3018.0,History,F
3018.0,English,C
3018.0,Physical Education,C
3019.0,Math,F
3019.0,Science,F
3019.0,History,D
3019.0,English,A
3019.0,Physical Education,B
3020.0,Math,C
3020.0,Science,B
3020.0,History,A
3020.0,English,B
3020.0,Physical Education,C
3021.0,Math,F
3021.0,Science,A
3021.0,History,C
3021.0,English,F
3021.0,Physical Education,B
3022.0,Math,A
3022.0,Science,B
3022.0,History,A
3022.0,English,D
3022.0,Physical Education,D
3023.0,Math,F
3023.0,Science,C
3023.0,History,C
3023.0,English,B
3023.0,Physical Education,B
3024.0,Math,F
3024.0,Science,D
3024.0,History,D
3024.0,English,D
3024.0,Physical Education,C
3025.0,Math,B
3025.0,Science,C
3025.0,History,C
3025.0,English,F
3025.0,Physical Education,C
3026.0,Math,D
3026.0,Science,C
3026.0,History,D
3026.0,English,C
3026.0,Physical Education,C
3027.0,Math,A
3027.0,Science,B
3027.0,History,A
3027.0,English,C
3027.0,Physical Education,F
3028.0,Math,C
3028.0,Science,C
3028.0,History,C
3028.0,English,C
3028.0,Physical Education,D
3029.0,Math,B
3029.0,Science,A
3029.0,History,C
3029.0,English,C
3029.0,Physical Education,C
3030.0,Math,F
3030.0,Science,A
3030.0,History,C
3030.0,English,B
3030.0,Physical Education,F
3031.0,Math,C
3031.0,Science,A
3031.0,History,D
3031.0,English,F
3031.0,Physical Education,C
3032.0,Math,D
3032.0,Science,D
3032.0,History,F
3032.0,English,D
3032.0,Physical Education,C
3033.0,Math,C
3033.0,Science,F
3033.0,History,F
3033.0,English,D
3033.0,Physical Education,D
3034.0,Math,C
3034.0,Science,F
3034.0,History,F
3034.0,English,A
3034.0,Physical Education,A
3035.0,Math,A
3035.0,Science,F
3035.0,History,B
3035.0,English,F
3035.0,Physical Education,B
3036.0,Math,A
3036.0,Science,C
3036.0,History,A
3036.0,English,D
3036.0,Physical Education,B
3037.0,Math,C
3037.0,Science,C
3037.0,History,B
3037.0,English,B
3037.0,Physical Education,B
3038.0,Math,B
3038.0,Science,A
3038.0,History,F
3038.0,English,D
3038.0,Physical Education,A
3039.0,Math,F
3039.0,Science,F
3039.0,History,C
3039.0,English,B
3039.0,Physical Education,C
3040.0,Math,F
3040.0,Science,C
3040.0,History,A
3040.0,English,A
3040.0,Physical Education,C
3041.0,Math,F
3041.0,Science,C
3041.0,History,C
3041.0,English,D
3041.0,Physical Education,F
3042.0,Math,B
3042.0,Science,F
3042.0,History,B
3042.0,English,D
3042.0,Physical Education,F
3043.0,Math,D
3043.0,Science,A
3043.0,History,A
3043.0,English,C
3043.0,Physical Education,D
3044.0,Math,D
3044.0,Science,D
3044.0,History,C
3044.0,English,F
3044.0,Physical Education,C
3045.0,Math,D
3045.0,Science,A
3045.0,History,C
3045.0,English,C
3045.0,Physical Education,F
3046.0,Math,C
3046.0,Science,A
3046.0,History,D
3046.0,English,B
3046.0,Physical Education,B
3047.0,Math,D
3047.0,Science,A
3047.0,History,F
3047.0,English,C
3047.0,Physical Education,B
3048.0,Math,B
3048.0,Science,D
3048.0,History,F
3048.0,English,C
3048.0,Physical Education,D
3049.0,Math,A
3049.0,Science,C
3049.0,History,A
3049.0,English,A
3049.0,Physical Education,F
3050.0,Math,B
3050.0,Science,B
3050.0,History,D
3050.0,English,C
3050.0,Physical Education,F
3051.0,Math,D
3051.0,Science,A
3051.0,History,D
3051.0,English,C
3051.0,Physical Education,A
3052.0,Math,C
3052.0,Science,C
3052.0,History,B
3052.0,English,F
3052.0,Physical Education,B
3053.0,Math,D
3053.0,Science,F
3053.0,History,F
3053.0,English,A
3053.0,Physical Education,D
3054.0,Math,B
3054.0,Science,C
3054.0,History,B
3054.0,English,C
3054.0,Physical Education,C
3055.0,Math,A
3055.0,Science,D
3055.0,History,F
3055.0,English,F
3055.0,Physical Education,C
3056.0,Math,A
3056.0,Science,D
3056.0,History,B
3056.0,English,D
3056.0,Physical Education,B
3057.0,Math,C
3057.0,Science,B
3057.0,History,A
3057.0,English,C
3057.0,Physical Education,C
3058.0,Math,C
3058.0,Science,B
3058.0,History,F
3058.0,English,C
3058.0,Physical Education,A
3059.0,Math,C
3059.0,Science,A
3059.0,History,B
3059.0,English,F
3059.0,Physical Education,F
3060.0,Math,D
3060.0,Science,D
3060.0,History,F
3060.0,English,D
3060.0,Physical Education,A
3061.0,Math,D
3061.0,Science,B
3061.0,History,B
3061.0,English,C
3061.0,Physical Education,F
3062.0,Math,A
3062.0,Science,A
3062.0,History,B
3062.0,English,A
3062.0,Physical Education,C
3063.0,Math,D
3063.0,Science,C
3063.0,History,F
3063.0,English,B
3063.0,Physical Education,D
3064.0,Math,B
3064.0,Science,B
3064.0,History,B
3064.0,English,C
3064.0,Physical Education,D
3065.0,Math,A
3065.0,Science,A
3065.0,History,C
3065.0,English,F
3065.0,Physical Education,A
3066.0,Math,B
3066.0,Science,A
3066.0,History,C
3066.0,English,A
3066.0,Physical Education,F
3067.0,Math,C
3067.0,Science,C
3067.0,History,A
3067.0,English,B
3067.0,Physical Education,A
3068.0,Math,A
3068.0,Science,B
3068.0,History,F
3068.0,English,B
3068.0,Physical Education,B
3069.0,Math,B
3069.0,Science,C
3069.0,History,A
3069.0,English,D
3069.0,Physical Education,D
3070.0,Math,F
3070.0,Science,F
3070.0,History,B
3070.0,English,B
3070.0,Physical Education,F
3071.0,Math,F
3071.0,Science,C
3071.0,History,C
3071.0,English,A
3071.0,Physical Education,F
3072.0,Math,D
3072.0,Science,F
3072.0,History,F
3072.0,English,C
3072.0,Physical Education,B
3073.0,Math,C
3073.0,Science,C
3073.0,History,D
3073.0,English,B
3073.0,Physical Education,B
3074.0,Math,F
3074.0,Science,A
3074.0,History,F
3074.0,English,C
3074.0,Physical Education,A
3075.0,Math,D
3075.0,Science,C
3075.0,History,A
3075.0,English,C
3075.0,Physical Education,D
3076.0,Math,F
3076.0,Science,D
3076.0,History,A
3076.0,English,D
3076.0,Physical Education,D
3077.0,Math,D
3077.0,Science,D
3077.0,History,C
3077.0,English,A
3077.0,Physical Education,D
3078.0,Math,F
3078.0,Science,B
3078.0,History,C
3078.0,English,C
3078.0,Physical Education,F
3079.0,Math,C
3079.0,Science,B
3079.0,History,F
3079.0,English,D
3079.0,Physical Education,F
3080.0,Math,C
3080.0,Science,D
3080.0,History,D
3080.0,English,A
3080.0,Physical Education,F
3081.0,Math,C
3081.0,Science,D
3081.0,History,C
3081.0,English,D
3081.0,Physical Education,C
3082.0,Math,C
3082.0,Science,C
3082.0,History,F
3082.0,English,D
3082.0,Physical Education,A
3083.0,Math,C
3083.0,Science,F
3083.0,History,C
3083.0,English,F
3083.0,Physical Education,F
3084.0,Math,D
3084.0,Science,D
3084.0,History,A
3084.0,English,B
3084.0,Physical Education,D
3085.0,Math,A
3085.0,Science,B
3085.0,History,F
3085.0,English,F
3085.0,Physical Education,F
3086.0,Math,D
3086.0,Science,C
3086.0,History,D
3086.0,English,B
3086.0,Physical Education,C
3087.0,Math,A
3087.0,Science,B
3087.0,History,A
3087.0,English,B
3087.0,Physical Education,C
3088.0,Math,A
3088.0,Science,C
3088.0,History,B
3088.0,English,F
3088.0,Physical Education,F
3089.0,Math,F
3089.0,Science,F
3089.0,History,A
3089.0,English,B
3089.0,Physical Education,D
3090.0,Math,A
3090.0,Science,D
3090.0,History,B
3090.0,English,B
3090.0,Physical Education,A
3091.0,Math,A
3091.0,Science,C
3091.0,History,A
3091.0,English,F
3091.0,Physical Education,A
3092.0,Math,A
3092.0,Science,A
3092.0,History,B
3092.0,English,D
3092.0,Physical Education,F
3093.0,Math,C
3093.0,Science,F
3093.0,History,A
3093.0,English,D
3093.0,Physical Education,B
3094.0,Math,F
3094.0,Science,C
3094.0,History,A
3094.0,English,A
3094.0,Physical Education,A
3095.0,Math,F
3095.0,Science,A
3095.0,History,C
3095.0,English,C
3095.0,Physical Education,A
3096.0,Math,D
3096.0,Science,B
3096.0,History,B
3096.0,English,F
3096.0,Physical Education,D
3097.0,Math,B
3097.0,Science,B
3097.0,History,B
3097.0,English,F
3097.0,Physical Education,F
3098.0,Math,C
3098.0,Science,B
3098.0,History,A
3098.0,English,C
3098.0,Physical Education,C
3099.0,Math,D
3099.0,Science,A
3099.0,History,D
3099.0,English,C
3099.0,Physical Education,C
3100.0,Math,C
3100.0,Science,F
3100.0,History,C
3100.0,English,C
3100.0,Physical Education,F
3101.0,Math,A
3101.0,Science,D
3101.0,History,F
3101.0,English,B
3101.0,Physical Education,F
3102.0,Math,A
3102.0,Science,D
3102.0,History,A
3102.0,English,B
3102.0,Physical Education,A
3103.0,Math,F
3103.0,Science,C
3103.0,History,B
3103.0,English,C
3103.0,Physical Education,F
3104.0,Math,D
3104.0,Science,C
3104.0,History,F
3104.0,English,F
3104.0,Physical Education,C
3105.0,Math,A
3105.0,Science,B
3105.0,History,B
3105.0,English,B
3105.0,Physical Education,D
3106.0,Math,F
3106.0,Science,B
3106.0,History,B
3106.0,English,A
3106.0,Physical Education,A
3107.0,Math,F
3107.0,Science,F
3107.0,History,B
3107.0,English,A
3107.0,Physical Education,B
3108.0,Math,F
3108.0,Science,A
3108.0,History,D
3108.0,English,B
3108.0,Physical Education,B
3109.0,Math,D
3109.0,Science,D
3109.0,History,B
3109.0,English,F
3109.0,Physical Education,F
3110.0,Math,C
3110.0,Science,D
3110.0,History,C
3110.0,English,A
3110.0,Physical Education,A
3111.0,Math,C
3111.0,Science,A
3111.0,History,B
3111.0,English,F
3111.0,Physical Education,F
3112.0,Math,C
3112.0,Science,C
3112.0,History,C
3112.0,English,F
3112.0,Physical Education,A
3113.0,Math,F
3113.0,Science,B
3113.0,History,D
3113.0,English,C
3113.0,Physical Education,A
3114.0,Math,F
3114.0,Science,F
3114.0,History,D
3114.0,English,B
3114.0,Physical Education,A
3115.0,Math,C
3115.0,Science,D
3115.0,History,B
3115.0,English,B
3115.0,Physical Education,A
3116.0,Math,C
3116.0,Science,F
3116.0,History,D
3116.0,English,C
3116.0,Physical Education,C
3117.0,Math,D
3117.0,Science,F
3117.0,History,B
3117.0,English,B
3117.0,Physical Education,D
3118.0,Math,B
3118.0,Science,C
3118.0,History,F
3118.0,English,D
3118.0,Physical Education,D
3119.0,Math,A
3119.0,Science,D
3119.0,History,F
3119.0,English,D
3119.0,Physical Education,D
3120.0,Math,F
3120.0,Science,F
3120.0,History,B
3120.0,English,F
3120.0,Physical Education,A
3121.0,Math,B
3121.0,Science,D
3121.0,History,C
3121.0,English,B
3121.0,Physical Education,A
3122.0,Math,B
3122.0,Science,A
3122.0,History,F
3122.0,English,A
3122.0,Physical Education,D
3123.0,Math,C
3123.0,Science,A
3123.0,History,A
3123.0,English,D
3123.0,Physical Education,B
3124.0,Math,F
3124.0,Science,F
3124.0,History,A
3124.0,English,B
3124.0,Physical Education,D
3125.0,Math,B
3125.0,Science,B
3125.0,History,F
3125.0,English,C
3125.0,Physical Education,D
3126.0,Math,B
3126.0,Science,B
3126.0,History,F
3126.0,English,F
3126.0,Physical Education,B
3127.0,Math,C
3127.0,Science,D
3127.0,History,B
3127.0,English,C
3127.0,Physical Education,D
3128.0,Math,A
3128.0,Science,A
3128.0,History,A
3128.0,English,F
3128.0,Physical Education,A
3129.0,Math,B
3129.0,Science,B
3129.0,History,F
3129.0,English,C
3129.0,Physical Education,C
3130.0,Math,D
3130.0,Science,D
3130.0,History,D
3130.0,English,B
3130.0,Physical Education,C
3131.0,Math,B
3131.0,Science,C
3131.0,History,D
3131.0,English,D
3131.0,Physical Education,A
3132.0,Math,F
3132.0,Science,F
3132.0,History,C
3132.0,English,B
3132.0,Physical Education,B
3133.0,Math,C
3133.0,Science,A
3133.0,History,D
3133.0,English,D
3133.0,Physical Education,C
3134.0,Math,D
3134.0,Science,A
3134.0,History,D
3134.0,English,D
3134.0,Physical Education,A
3135.0,Math,F
3135.0,Science,D
3135.0,History,C
3135.0,English,B
3135.0,Physical Education,F
3136.0,Math,F
3136.0,Science,C
3136.0,History,B
3136.0,English,A
3136.0,Physical Education,D
3137.0,Math,A
3137.0,Science,F
3137.0,History,A
3137.0,English,F
3137.0,Physical Education,F
3138.0,Math,B
3138.0,Science,B
3138.0,History,F
3138.0,English,F
3138.0,Physical Education,C
3139.0,Math,F
3139.0,Science,D
3139.0,History,C
3139.0,English,D
3139.0,Physical Education,B
3140.0,Math,D
3140.0,Science,F
3140.0,History,F
3140.0,English,A
3140.0,Physical Education,D
3141.0,Math,C
3141.0,Science,F
3141.0,History,C
3141.0,English,A
3141.0,Physical Education,B
3142.0,Math,A
3142.0,Science,B
3142.0,History,A
3142.0,English,B
3142.0,Physical Education,A
3143.0,Math,C
3143.0,Science,F
3143.0,History,A
3143.0,English,A
3143.0,Physical Education,F
3144.0,Math,D
3144.0,Science,D
3144.0,History,A
3144.0,English,B
3144.0,Physical Education,D
3145.0,Math,C
3145.0,Science,D
3145.0,History,A
3145.0,English,B
3145.0,Physical Education,C
3146.0,Math,B
3146.0,Science,C
3146.0,History,A
3146.0,English,F
3146.0,Physical Education,B
3147.0,Math,A
3147.0,Science,F
3147.0,History,D
3147.0,English,C
3147.0,Physical Education,D
3148.0,Math,D
3148.0,Science,F
3148.0,History,D
3148.0,English,A
3148.0,Physical Education,B
3149.0,Math,B
3149.0,Science,D
3149.0,History,B
3149.0,English,D
3149.0,Physical Education,C
3150.0,Math,B
3150.0,Science,C
3150.0,History,C
3150.0,English,B
3150.0,Physical Education,F
3151.0,Math,A
3151.0,Science,A
3151.0,History,B
3151.0,English,A
3151.0,Physical Education,C
3152.0,Math,F
3152.0,Science,C
3152.0,History,C
3152.0,English,F
3152.0,Physical Education,C
3153.0,Math,F
3153.0,Science,A
3153.0,History,D
3153.0,English,B
3153.0,Physical Education,D
3154.0,Math,F
3154.0,Science,C
3154.0,History,D
3154.0,English,F
3154.0,Physical Education,C
3155.0,Math,A
3155.0,Science,A
3155.0,History,C
3155.0,English,D
3155.0,Physical Education,C
3156.0,Math,B
3156.0,Science,F
3156.0,History,F
3156.0,English,D
3156.0,Physical Education,D
3157.0,Math,A
3157.0,Science,A
3157.0,History,D
3157.0,English,B
3157.0,Physical Education,B
3158.0,Math,C
3158.0,Science,C
3158.0,History,A
3158.0,English,C
3158.0,Physical Education,C
3159.0,Math,A
3159.0,Science,B
3159.0,History,D
3159.0,English,A
3159.0,Physical Education,C
,Math,B
3160.0,Science,B
3160.0,History,C
3160.0,English,B
3160.0,Physical Education,C
3161.0,Math,F
3161.0,Science,C
3161.0,History,A
3161.0,English,C
3161.0,Physical Education,C
3162.0,Math,F
3162.0,Science,C
3162.0,History,B
3162.0,English,A
3162.0,Physical Education,D
3163.0,Math,F
3163.0,Science,D
3163.0,History,F
3163.0,English,C
3163.0,Physical Education,C
3164.0,Math,F
3164.0,Science,F
3164.0,History,C
3164.0,English,D
3164.0,Physical Education,F
3165.0,Math,F
3165.0,Science,F
3165.0,History,B
3165.0,English,C
3165.0,Physical Education,F
3166.0,Math,D
3166.0,Science,F
3166.0,History,A
3166.0,English,C
3166.0,Physical Education,C
3167.0,Math,B
3167.0,Science,F
3167.0,History,F
3167.0,English,C
3167.0,Physical Education,F
3168.0,Math,F
3168.0,Science,F
3168.0,History,D
3168.0,English,C
3168.0,Physical Education,A
3169.0,Math,A
3169.0,Science,F
3169.0,History,C
3169.0,English,B
3169.0,Physical Education,F
3170.0,Math,F
3170.0,Science,D
3170.0,History,A
3170.0,English,B
3170.0,Physical Education,B
3171.0,Math,C
3171.0,Science,F
3171.0,History,B
3171.0,English,C
3171.0,Physical Education,F
3172.0,Math,D
3172.0,Science,A
3172.0,History,A
3172.0,English,F
3172.0,Physical Education,A
3173.0,Math,C
3173.0,Science,C
3173.0,History,D
3173.0,English,B
3173.0,Physical Education,C
3174.0,Math,A
3174.0,Science,C
3174.0,History,C
3174.0,English,D
3174.0,Physical Education,D
3175.0,Math,D
3175.0,Science,D
3175.0,History,B
3175.0,English,F
3175.0,Physical Education,F
3176.0,Math,A
3176.0,Science,B
3176.0,History,F
3176.0,English,B
3176.0,Physical Education,A
3177.0,Math,A
3177.0,Science,A
3177.0,History,D
3177.0,English,A
3177.0,Physical Education,F
3178.0,Math,F
3178.0,Science,B
3178.0,History,C
3178.0,English,B
3178.0,Physical Education,C
3179.0,Math,B
3179.0,Science,B
3179.0,History,F
3179.0,English,F
3179.0,Physical Education,C
3180.0,Math,D
3180.0,Science,A
3180.0,History,F
3180.0,English,C
3180.0,Physical Education,C
3181.0,Math,F
3181.0,Science,D
3181.0,History,A
3181.0,English,A
3181.0,Physical Education,D
3182.0,Math,B
3182.0,Science,B
3182.0,History,A
3182.0,English,F
3182.0,Physical Education,C
3183.0,Math,D
3183.0,Science,B
3183.0,History,C
3183.0,English,A
3183.0,Physical Education,C
3184.0,Math,D
3184.0,Science,C
3184.0,History,D
3184.0,English,C
3184.0,Physical Education,B
3185.0,Math,D
3185.0,Science,B
3185.0,History,C
3185.0,English,C
3185.0,Physical Education,B
3186.0,Math,B
3186.0,Science,B
3186.0,History,C
3186.0,English,D
3186.0,Physical Education,D
3187.0,Math,C
3187.0,Science,C
3187.0,History,F
3187.0,English,B
3187.0,Physical Education,C
3188.0,Math,A
3188.0,Science,D
3188.0,History,C
3188.0,English,B
3188.0,Physical Education,D
3189.0,Math,C
3189.0,Science,A
3189.0,History,D
3189.0,English,D
3189.0,Physical Education,C
3190.0,Math,D
3190.0,Science,C
3190.0,History,D
3190.0,English,C
3190.0,Physical Education,C
3191.0,Math,A
3191.0,Science,D
3191.0,History,B
3191.0,English,B
3191.0,Physical Education,C
3192.0,Math,F
3192.0,Science,A
3192.0,History,A
3192.0,English,C
3192.0,Physical Education,D
3193.0,Math,B
3193.0,Science,C
3193.0,History,A
3193.0,English,F
3193.0,Physical Education,B
3194.0,Math,D
3194.0,Science,C
3194.0,History,D
3194.0,English,D
3194.0,Physical Education,B
3195.0,Math,A
3195.0,Science,A
3195.0,History,F
3195.0,English,D
3195.0,Physical Education,B
3196.0,Math,C
3196.0,Science,B
3196.0,History,F
3196.0,English,A
3196.0,Physical Education,A
3197.0,Math,F
3197.0,Science,B
3197.0,History,C
3197.0,English,A
3197.0,Physical Education,A
3198.0,Math,F
3198.0,Science,C
3198.0,History,A
3198.0,English,B
3198.0,Physical Education,F
3199.0,Math,F
3199.0,Science,F
3199.0,History,C
3199.0,English,B
3199.0,Physical Education,D
3200.0,Math,A
3200.0,Science,B
3200.0,History,B
3200.0,English,B
3200.0,Physical Education,A
3201.0,Math,A
3201.0,Science,C
3201.0,History,A
3201.0,English,C
3201.0,Physical Education,A
3202.0,Math,D
3202.0,Science,D
3202.0,History,B
3202.0,English,B
3202.0,Physical Education,C
3203.0,Math,B
3203.0,Science,D
3203.0,History,C
3203.0,English,D
3203.0,Physical Education,F
3204.0,Math,D
3204.0,Science,C
3204.0,History,C
3204.0,English,B
3204.0,Physical Education,D
3205.0,Math,A
3205.0,Science,C
3205.0,History,F
3205.0,English,B
3205.0,Physical Education,D
3206.0,Math,C
3206.0,Science,C
3206.0,History,F
3206.0,English,B
3206.0,Physical Education,C
3207.0,Math,D
3207.0,Science,B
3207.0,History,A
3207.0,English,B
3207.0,Physical Education,A
3208.0,Math,D
3208.0,Science,D
3208.0,History,C
3208.0,English,A
3208.0,Physical Education,D
3209.0,Math,A
3209.0,Science,B
3209.0,History,A
3209.0,English,C
3209.0,Physical Education,F
3210.0,Math,D
3210.0,Science,C
3210.0,History,D
3210.0,English,D
3210.0,Physical Education,A
3211.0,Math,B
3211.0,Science,C
3211.0,History,D
3211.0,English,B
3211.0,Physical Education,B
3212.0,Math,F
3212.0,Science,F
3212.0,History,D
3212.0,English,F
3212.0,Physical Education,D
3213.0,Math,D
3213.0,Science,B
3213.0,History,F
3213.0,English,D
3213.0,Physical Education,A
3214.0,Math,A
3214.0,Science,C
3214.0,History,A
3214.0,English,B
3214.0,Physical Education,B
3215.0,Math,B
3215.0,Science,C
3215.0,History,F
3215.0,English,D
3215.0,Physical Education,A
3216.0,Math,A
3216.0,Science,F
3216.0,History,A
3216.0,English,C
3216.0,Physical Education,A
3217.0,Math,D
3217.0,Science,F
3217.0,History,C
3217.0,English,A
3217.0,Physical Education,A
3218.0,Math,B
3218.0,Science,D
3218.0,History,B
3218.0,English,F
3218.0,Physical Education,B
3219.0,Math,B
3219.0,Science,C
3219.0,History,C
3219.0,English,C
3219.0,Physical Education,A
3220.0,Math,B
3220.0,Science,A
3220.0,History,F
3220.0,English,C
3220.0,Physical Education,A
3221.0,Math,C
3221.0,Science,A
3221.0,History,C
3221.0,English,B
3221.0,Physical Education,F
3222.0,Math,D
3222.0,Science,D
3222.0,History,D
3222.0,English,F
3222.0,Physical Education,A
3223.0,Math,A
3223.0,Science,A
3223.0,History,A
3223.0,English,B
3223.0,Physical Education,F
3224.0,Math,D
3224.0,Science,A
3224.0,History,F
3224.0,English,C
3224.0,Physical Education,F
3225.0,Math,D
3225.0,Science,B
3225.0,History,C
3225.0,English,C
3225.0,Physical Education,C
3226.0,Math,F
3226.0,Science,A
3226.0,History,C
3226.0,English,A
3226.0,Physical Education,F
3227.0,Math,A
3227.0,Science,F
3227.0,History,B
3227.0,English,B
3227.0,Physical Education,F
3228.0,Math,B
3228.0,Science,A
3228.0,History,F
3228.0,English,A
3228.0,Physical Education,D
3229.0,Math,A
3229.0,Science,C
3229.0,History,D
3229.0,English,F
3229.0,Physical Education,C
3230.0,Math,D
3230.0,Science,C
3230.0,History,B
3230.0,English,A
3230.0,Physical Education,D
3231.0,Math,A
3231.0,Science,D
3231.0,History,F
3231.0,English,C
3231.0,Physical Education,A
3232.0,Math,D
3232.0,Science,D
3232.0,History,A
3232.0,English,B
3232.0,Physical Education,C
3233.0,Math,A
3233.0,Science,C
3233.0,History,D
3233.0,English,F
3233.0,Physical Education,B
3234.0,Math,D
3234.0,Science,B
3234.0,History,D
3234.0,English,D
3234.0,Physical Education,C
3235.0,Math,B
3235.0,Science,F
3235.0,History,A
3235.0,English,B
3235.0,Physical Education,D
3236.0,Math,A
3236.0,Science,B
3236.0,History,A
3236.0,English,B
3236.0,Physical Education,B
3237.0,Math,A
3237.0,Science,C
3237.0,History,F
3237.0,English,F
3237.0,Physical Education,A
3238.0,Math,A
3238.0,Science,F
3238.0,History,C
3238.0,English,D
3238.0,Physical Education,B
3239.0,Math,B
3239.0,Science,D
3239.0,History,F
3239.0,English,D
3239.0,Physical Education,D
3240.0,Math,F
3240.0,Science,B
3240.0,History,A
3240.0,English,D
3240.0,Physical Education,C
3241.0,Math,F
3241.0,Science,A
3241.0,History,C
3241.0,English,F
3241.0,Physical Education,C
3242.0,Math,D
3242.0,Science,C
3242.0,History,A
3242.0,English,B
3242.0,Physical Education,D
3243.0,Math,F
3243.0,Science,A
3243.0,History,C
3243.0,English,D
3243.0,Physical Education,D
3244.0,Math,F
3244.0,Science,B
3244.0,History,C
3244.0,English,F
3244.0,Physical Education,F
3245.0,Math,A
3245.0,Science,C
3245.0,History,F
3245.0,English,B
3245.0,Physical Education,F
3246.0,Math,C
3246.0,Science,F
3246.0,History,F
3246.0,English,A
3246.0,Physical Education,F
3247.0,Math,B
3247.0,Science,D
3247.0,History,A
3247.0,English,A
3247.0,Physical Education,C
3248.0,Math,C
3248.0,Science,F
3248.0,History,D
3248.0,English,A
3248.0,Physical Education,A
3249.0,Math,A
3249.0,Science,A
3249.0,History,B
3249.0,English,B
3249.0,Physical Education,D
3250.0,Math,D
3250.0,Science,D
3250.0,History,A
3250.0,English,F
3250.0,Physical Education,C
3251.0,Math,B
3251.0,Science,F
3251.0,History,A
3251.0,English,D
3251.0,Physical Education,F
3252.0,Math,B
3252.0,Science,D
3252.0,History,D
3252.0,English,F
3252.0,Physical Education,F
3253.0,Math,B
3253.0,Science,A
3253.0,History,B
3253.0,English,D
3253.0,Physical Education,D
3254.0,Math,A
3254.0,Science,F
3254.0,History,C
3254.0,English,B
3254.0,Physical Education,A
3255.0,Math,D
3255.0,Science,D
3255.0,History,A
3255.0,English,B
3255.0,Physical Education,B
3256.0,Math,C
3256.0,Science,F
3256.0,History,D
3256.0,English,F
3256.0,Physical Education,D
3257.0,Math,F
3257.0,Science,C
3257.0,History,A
3257.0,English,C
3257.0,Physical Education,C
3258.0,Math,F
3258.0,Science,C
3258.0,History,C
3258.0,English,B
3258.0,Physical Education,B
3259.0,Math,C
3259.0,Science,F
3259.0,History,C
3259.0,English,C
3259.0,Physical Education,B
3260.0,Math,B
3260.0,Science,A
3260.0,History,F
3260.0,English,D
3260.0,Physical Education,F
3261.0,Math,F
3261.0,Science,B
3261.0,History,F
3261.0,English,B
3261.0,Physical Education,F
3262.0,Math,F
3262.0,Science,F
3262.0,History,D
3262.0,English,A
3262.0,Physical Education,D
3263.0,Math,A
3263.0,Science,A
3263.0,History,C
3263.0,English,F
3263.0,Physical Education,A
3264.0,Math,D
3264.0,Science,D
3264.0,History,F
3264.0,English,A
3264.0,Physical Education,B
3265.0,Math,F
3265.0,Science,B
3265.0,History,C
3265.0,English,D
3265.0,Physical Education,C
3266.0,Math,B
3266.0,Science,F
3266.0,History,C
3266.0,English,B
3266.0,Physical Education,A
3267.0,Math,F
3267.0,Science,D
3267.0,History,F
3267.0,English,C
3267.0,Physical Education,D
3268.0,Math,A
3268.0,Science,B
3268.0,History,C
3268.0,English,D
3268.0,Physical Education,D
3269.0,Math,D
3269.0,Science,A
3269.0,History,C
3269.0,English,D
3269.0,Physical Education,C
3270.0,Math,B
3270.0,Science,C
3270.0,History,F
3270.0,English,C
3270.0,Physical Education,D
3271.0,Math,D
3271.0,Science,C
3271.0,History,B
3271.0,English,D
3271.0,Physical Education,C
3272.0,Math,B
3272.0,Science,F
3272.0,History,B
3272.0,English,B
3272.0,Physical Education,C
3273.0,Math,B
3273.0,Science,D
3273.0,History,C
3273.0,English,F
3273.0,Physical Education,F
3274.0,Math,D
3274.0,Science,C
3274.0,History,C
3274.0,English,F
3274.0,Physical Education,F
3275.0,Math,D
3275.0,Science,F
3275.0,History,B
3275.0,English,F
3275.0,Physical Education,C
3276.0,Math,A
3276.0,Science,A
3276.0,History,F
3276.0,English,B
3276.0,Physical Education,D
3277.0,Math,C
3277.0,Science,C
3277.0,History,B
3277.0,English,A
3277.0,Physical Education,A
3278.0,Math,A
3278.0,Science,F
3278.0,History,A
3278.0,English,C
3278.0,Physical Education,C
3279.0,Math,F
3279.0,Science,C
3279.0,History,A
3279.0,English,D
3279.0,Physical Education,D
3280.0,Math,F
3280.0,Science,D
3280.0,History,A
3280.0,English,C
3280.0,Physical Education,C
3281.0,Math,F
3281.0,Science,C
3281.0,History,D
3281.0,English,C
3281.0,Physical Education,F
3282.0,Math,A
3282.0,Science,D
3282.0,History,C
3282.0,English,F
3282.0,Physical Education,B
3283.0,Math,A
3283.0,Science,F
3283.0,History,D
3283.0,English,A
3283.0,Physical Education,B
3284.0,Math,A
3284.0,Science,D
3284.0,History,F
3284.0,English,A
3284.0,Physical Education,B
3285.0,Math,C
3285.0,Science,C
3285.0,History,C
3285.0,English,F
3285.0,Physical Education,C
3286.0,Math,D
3286.0,Science,A
3286.0,History,D
3286.0,English,F
3286.0,Physical Education,D
3287.0,Math,C
3287.0,Science,C
3287.0,History,F
3287.0,English,D
3287.0,Physical Education,C
3288.0,Math,B
3288.0,Science,D
3288.0,History,D
3288.0,English,C
3288.0,Physical Education,B
3289.0,Math,A
3289.0,Science,C
3289.0,History,A
3289.0,English,B
3289.0,Physical Education,A
3290.0,Math,A
3290.0,Science,F
3290.0,History,C
3290.0,English,B
3290.0,Physical Education,F
3291.0,Math,D
3291.0,Science,D
3291.0,History,B
3291.0,English,F
3291.0,Physical Education,F
3292.0,Math,C
3292.0,Science,F
3292.0,History,B
3292.0,English,B
3292.0,Physical Education,F
3293.0,Math,C
3293.0,Science,A
3293.0,History,D
3293.0,English,D
3293.0,Physical Education,D
3294.0,Math,F
3294.0,Science,C
3294.0,History,A
3294.0,English,C
3294.0,Physical Education,F
3295.0,Math,D
3295.0,Science,B
3295.0,History,D
3295.0,English,D
3295.0,Physical Education,B
3296.0,Math,C
3296.0,Science,D
3296.0,History,B
3296.0,English,F
3296.0,Physical Education,C
3297.0,Math,A
3297.0,Science,D
3297.0,History,F
3297.0,English,D
3297.0,Physical Education,D
3298.0,Math,C
3298.0,Science,D
3298.0,History,B
3298.0,English,B
3298.0,Physical Education,D
3299.0,Math,C
3299.0,Science,B
3299.0,History,F
3299.0,English,A
3299.0,Physical Education,D
3300.0,Math,D
3300.0,Science,F
3300.0,History,D
3300.0,English,F
3300.0,Physical Education,D
3301.0,Math,D
3301.0,Science,D
3301.0,History,B
3301.0,English,A
3301.0,Physical Education,F
3302.0,Math,F
3302.0,Science,C
3302.0,History,A
3302.0,English,A
3302.0,Physical Education,C
3303.0,Math,B
3303.0,Science,F
3303.0,History,C
3303.0,English,D
3303.0,Physical Education,C
3304.0,Math,A
3304.0,Science,C
3304.0,History,D
3304.0,English,A
3304.0,Physical Education,F
3305.0,Math,D
3305.0,Science,C
3305.0,History,C
3305.0,English,D
3305.0,Physical Education,B
3306.0,Math,A
3306.0,Science,D
3306.0,History,B
3306.0,English,C
3306.0,Physical Education,F
3307.0,Math,C
3307.0,Science,A
3307.0,History,F
3307.0,English,D
3307.0,Physical Education,D
3308.0,Math,D
3308.0,Science,A
3308.0,History,A
3308.0,English,B
3308.0,Physical Education,C
3309.0,Math,C
3309.0,Science,D
3309.0,History,A
3309.0,English,D
3309.0,Physical Education,B
3310.0,Math,D
3310.0,Science,B
3310.0,History,F
3310.0,English,D
3310.0,Physical Education,A
3311.0,Math,D
3311.0,Science,C
3311.0,History,B
3311.0,English,C
3311.0,Physical Education,C
3312.0,Math,A
3312.0,Science,C
3312.0,History,A
3312.0,English,F
3312.0,Physical Education,C
3313.0,Math,F
3313.0,Science,C
3313.0,History,B
3313.0,English,F
3313.0,Physical Education,F
3314.0,Math,A
3314.0,Science,A
3314.0,History,B
3314.0,English,F
3314.0,Physical Education,C
3315.0,Math,F
3315.0,Science,D
3315.0,History,F
3315.0,English,D
3315.0,Physical Education,F
3316.0,Math,C
3316.0,Science,B
3316.0,History,C
3316.0,English,A
3316.0,Physical Education,B
3317.0,Math,C
3317.0,Science,F
3317.0,History,F
3317.0,English,D
3317.0,Physical Education,A
3318.0,Math,B
3318.0,Science,A
3318.0,History,B
3318.0,English,C
3318.0,Physical Education,B
3319.0,Math,F
3319.0,Science,F
3319.0,History,D
3319.0,English,A
3319.0,Physical Education,F
3320.0,Math,D
3320.0,Science,D
3320.0,History,D
3320.0,English,B
3320.0,Physical Education,C
3321.0,Math,C
3321.0,Science,A
3321.0,History,C
3321.0,English,F
3321.0,Physical Education,A
3322.0,Math,D
3322.0,Science,F
3322.0,History,D
3322.0,English,F
3322.0,Physical Education,C
3323.0,Math,F
3323.0,Science,B
3323.0,History,A
3323.0,English,F
3323.0,Physical Education,D
3324.0,Math,D
3324.0,Science,A
3324.0,History,D
3324.0,English,A
3324.0,Physical Education,A
3325.0,Math,F
3325.0,Science,A
3325.0,History,A
3325.0,English,C
3325.0,Physical Education,B
3326.0,Math,D
3326.0,Science,D
3326.0,History,D
3326.0,English,B
3326.0,Physical Education,D
3327.0,Math,C
3327.0,Science,C
3327.0,History,A
3327.0,English,B
3327.0,Physical Education,F
3328.0,Math,F
3328.0,Science,D
3328.0,History,D
3328.0,English,B
3328.0,Physical Education,F
3329.0,Math,C
3329.0,Science,B
3329.0,History,C
3329.0,English,B
3329.0,Physical Education,F
3330.0,Math,B
3330.0,Science,A
3330.0,History,C
3330.0,English,B
3330.0,Physical Education,A
3331.0,Math,B
3331.0,Science,B
3331.0,History,C
3331.0,English,B
3331.0,Physical Education,A
3332.0,Math,A
3332.0,Science,A
3332.0,History,F
3332.0,English,B
3332.0,Physical Education,F
3333.0,Math,F
3333.0,Science,F
3333.0,History,B
3333.0,English,B
3333.0,Physical Education,D
3334.0,Math,D
3334.0,Science,C
3334.0,History,F
3334.0,English,D
3334.0,Physical Education,A
3335.0,Math,B
3335.0,Science,C
3335.0,History,C
3335.0,English,F
3335.0,Physical Education,A
3336.0,Math,B
3336.0,Science,A
3336.0,History,C
3336.0,English,B
3336.0,Physical Education,B
3337.0,Math,A
3337.0,Science,A
3337.0,History,C
3337.0,English,C
3337.0,Physical Education,B
3338.0,Math,A
3338.0,Science,F
3338.0,History,D
3338.0,English,B
3338.0,Physical Education,B
3339.0,Math,F
3339.0,Science,B
3339.0,History,F
3339.0,English,C
3339.0,Physical Education,B
3340.0,Math,D
3340.0,Science,A
3340.0,History,F
3340.0,English,F
3340.0,Physical Education,C
3341.0,Math,D
3341.0,Science,A
3341.0,History,C
3341.0,English,C
3341.0,Physical Education,F
3342.0,Math,F
3342.0,Science,C
3342.0,History,D
3342.0,English,F
3342.0,Physical Education,D
3343.0,Math,C
3343.0,Science,F
3343.0,History,D
3343.0,English,D
3343.0,Physical Education,C
3344.0,Math,A
3344.0,Science,F
3344.0,History,A
3344.0,English,C
3344.0,Physical Education,D
3345.0,Math,C
3345.0,Science,B
3345.0,History,C
3345.0,English,F
3345.0,Physical Education,C
3346.0,Math,C
3346.0,Science,F
3346.0,History,B
3346.0,English,B
3346.0,Physical Education,A
3347.0,Math,D
3347.0,Science,D
3347.0,History,D
3347.0,English,C
3347.0,Physical Education,A
3348.0,Math,A
3348.0,Science,B
3348.0,History,C
3348.0,English,A
3348.0,Physical Education,D
3349.0,Math,B
3349.0,Science,B
3349.0,History,A
3349.0,English,F
3349.0,Physical Education,A
3350.0,Math,C
3350.0,Science,D
3350.0,History,A
3350.0,English,F
3350.0,Physical Education,F
3351.0,Math,D
3351.0,Science,C
3351.0,History,C
3351.0,English,A
3351.0,Physical Education,D
3352.0,Math,A
3352.0,Science,A
3352.0,History,D
3352.0,English,C
3352.0,Physical Education,B
3353.0,Math,A
3353.0,Science,C
3353.0,History,F
3353.0,English,A
3353.0,Physical Education,D
3354.0,Math,A
3354.0,Science,D
3354.0,History,D
3354.0,English,D
3354.0,Physical Education,A
3355.0,Math,A
3355.0,Science,F
3355.0,History,C
3355.0,English,B
3355.0,Physical Education,C
3356.0,Math,A
3356.0,Science,A
3356.0,History,D
3356.0,English,C
3356.0,Physical Education,A
3357.0,Math,A
3357.0,Science,A
3357.0,History,A
3357.0,English,C
3357.0,Physical Education,A
3358.0,Math,D
3358.0,Science,F
3358.0,History,C
3358.0,English,C
3358.0,Physical Education,A
3359.0,Math,B
3359.0,Science,C
3359.0,History,F
3359.0,English,A
3359.0,Physical Education,C
3360.0,Math,B
3360.0,Science,D
3360.0,History,D
3360.0,English,F
3360.0,Physical Education,F
3361.0,Math,F
3361.0,Science,B
3361.0,History,F
3361.0,English,D
3361.0,Physical Education,C
3362.0,Math,C
3362.0,Science,D
3362.0,History,C
3362.0,English,A
3362.0,Physical Education,F
3363.0,Math,A
3363.0,Science,D
3363.0,History,B
3363.0,English,F
3363.0,Physical Education,C
3364.0,Math,C
3364.0,Science,A
3364.0,History,D
3364.0,English,D
3364.0,Physical Education,C
3365.0,Math,F
3365.0,Science,A
3365.0,History,C
3365.0,English,C
3365.0,Physical Education,D
3366.0,Math,D
3366.0,Science,F
3366.0,History,A
3366.0,English,F
3366.0,Physical Education,A
3367.0,Math,A
3367.0,Science,F
3367.0,History,F
3367.0,English,F
3367.0,Physical Education,F
3368.0,Math,F
3368.0,Science,C
3368.0,History,D
3368.0,English,D
3368.0,Physical Education,A
3369.0,Math,A
3369.0,Science,F
3369.0,History,A
3369.0,English,D
3369.0,Physical Education,D
3370.0,Math,C
3370.0,Science,B
3370.0,History,A
3370.0,English,D
3370.0,Physical Education,A
3371.0,Math,A
3371.0,Science,B
3371.0,History,F
3371.0,English,A
3371.0,Physical Education,F
3372.0,Math,C
3372.0,Science,D
3372.0,History,A
3372.0,English,D
3372.0,Physical Education,C
3373.0,Math,C
3373.0,Science,A
3373.0,History,B
3373.0,English,A
3373.0,Physical Education,A
3374.0,Math,F
3374.0,Science,A
3374.0,History,C
3374.0,English,F
3374.0,Physical Education,D
3375.0,Math,D
3375.0,Science,A
3375.0,History,A
3375.0,English,D
3375.0,Physical Education,A
3376.0,Math,A
3376.0,Science,A
3376.0,History,B
3376.0,English,A
3376.0,Physical Education,C
3377.0,Math,C
3377.0,Science,F
3377.0,History,A
3377.0,English,C
3377.0,Physical Education,C
3378.0,Math,F
3378.0,Science,D
3378.0,History,B
3378.0,English,A
3378.0,Physical Education,C
3379.0,Math,B
3379.0,Science,A
3379.0,History,F
3379.0,English,C
3379.0,Physical Education,B
3380.0,Math,B
3380.0,Science,C
3380.0,History,A
3380.0,English,D
3380.0,Physical Education,B
3381.0,Math,D
3381.0,Science,D
3381.0,History,A
3381.0,English,A
3381.0,Physical Education,F
3382.0,Math,C
3382.0,Science,A
3382.0,History,D
3382.0,English,C
3382.0,Physical Education,B
3383.0,Math,C
3383.0,Science,F
3383.0,History,A
3383.0,English,B
3383.0,Physical Education,F
3384.0,Math,A
3384.0,Science,A
3384.0,History,F
3384.0,English,F
3384.0,Physical Education,C
3385.0,Math,B
3385.0,Science,F
3385.0,History,B
3385.0,English,A
3385.0,Physical Education,F
3386.0,Math,A
3386.0,Science,A
3386.0,History,F
3386.0,English,F
3386.0,Physical Education,D
3387.0,Math,D
3387.0,Science,C
3387.0,History,F
3387.0,English,B
3387.0,Physical Education,B
3388.0,Math,F
3388.0,Science,F
3388.0,History,B
3388.0,English,F
3388.0,Physical Education,F
3389.0,Math,D
3389.0,Science,B
3389.0,History,D
3389.0,English,D
3389.0,Physical Education,A
3390.0,Math,B
3390.0,Science,B
3390.0,History,D
3390.0,English,F
3390.0,Physical Education,B
3391.0,Math,C
3391.0,Science,F
3391.0,History,A
3391.0,English,A
3391.0,Physical Education,F
3392.0,Math,F
3392.0,Science,A
3392.0,History,C
3392.0,English,C
3392.0,Physical Education,C
3393.0,Math,D
3393.0,Science,F
3393.0,History,B
3393.0,English,C
3393.0,Physical Education,B
3394.0,Math,A
3394.0,Science,D
3394.0,History,C
3394.0,English,F
3394.0,Physical Education,D
3395.0,Math,C
3395.0,Science,D
3395.0,History,F
3395.0,English,D
3395.0,Physical Education,D
3396.0,Math,D
3396.0,Science,D
3396.0,History,D
3396.0,English,D
3396.0,Physical Education,A
3397.0,Math,D
3397.0,Science,F
3397.0,History,C
3397.0,English,A
3397.0,Physical Education,F
3398.0,Math,F
3398.0,Science,A
3398.0,History,C
3398.0,English,B
3398.0,Physical Education,C
3399.0,Math,D
3399.0,Science,A
3399.0,History,F
3399.0,English,C
3399.0,Physical Education,C
3400.0,Math,A
3400.0,Science,B
3400.0,History,D
3400.0,English,A
3400.0,Physical Education,A
3401.0,Math,D
3401.0,Science,F
3401.0,History,D
3401.0,English,B
3401.0,Physical Education,C
3402.0,Math,A
3402.0,Science,B
3402.0,History,D
3402.0,English,D
3402.0,Physical Education,B
3403.0,Math,D
3403.0,Science,C
3403.0,History,F
3403.0,English,F
3403.0,Physical Education,C
3404.0,Math,A
3404.0,Science,B
3404.0,History,B
3404.0,English,F
3404.0,Physical Education,A
3405.0,Math,A
3405.0,Science,F
3405.0,History,C
3405.0,English,B
3405.0,Physical Education,B
3406.0,Math,A
3406.0,Science,B
3406.0,History,D
3406.0,English,B
3406.0,Physical Education,F
3407.0,Math,A
3407.0,Science,B
3407.0,History,F
3407.0,English,D
3407.0,Physical Education,F
3408.0,Math,D
3408.0,Science,D
3408.0,History,A
3408.0,English,B
3408.0,Physical Education,C
3409.0,Math,B
3409.0,Science,B
3409.0,History,A
3409.0,English,C
3409.0,Physical Education,C
3410.0,Math,F
3410.0,Science,B
3410.0,History,A
3410.0,English,D
3410.0,Physical Education,B
3411.0,Math,F
3411.0,Science,A
3411.0,History,B
3411.0,English,D
3411.0,Physical Education,F
3412.0,Math,F
3412.0,Science,F
3412.0,History,D
3412.0,English,F
3412.0,Physical Education,D
3413.0,Math,C
3413.0,Science,F
3413.0,History,C
3413.0,English,F
3413.0,Physical Education,A
3414.0,Math,C
3414.0,Science,F
3414.0,History,B
3414.0,English,F
3414.0,Physical Education,D
3415.0,Math,F
3415.0,Science,A
3415.0,History,B
3415.0,English,D
3415.0,Physical Education,A
3416.0,Math,C
3416.0,Science,B
3416.0,History,F
3416.0,English,F
3416.0,Physical Education,D
3417.0,Math,C
3417.0,Science,C
3417.0,History,C
3417.0,English,B
3417.0,Physical Education,D
3418.0,Math,F
3418.0,Science,F
3418.0,History,B
3418.0,English,B
3418.0,Physical Education,A
3419.0,Math,B
3419.0,Science,D
3419.0,History,A
3419.0,English,D
3419.0,Physical Education,B
3420.0,Math,D
3420.0,Science,F
3420.0,History,D
3420.0,English,C
3420.0,Physical Education,F
3421.0,Math,C
3421.0,Science,A
3421.0,History,C
3421.0,English,B
3421.0,Physical Education,C
3422.0,Math,D
3422.0,Science,F
3422.0,History,A
3422.0,English,C
3422.0,Physical Education,B
3423.0,Math,F
3423.0,Science,C
3423.0,History,C
3423.0,English,D
3423.0,Physical Education,A
3424.0,Math,F
3424.0,Science,F
3424.0,History,D
3424.0,English,F
3424.0,Physical Education,C
3425.0,Math,B
3425.0,Science,A
3425.0,History,A
3425.0,English,F
3425.0,Physical Education,A
3426.0,Math,B
3426.0,Science,C
3426.0,History,A
3426.0,English,F
3426.0,Physical Education,B
3427.0,Math,F
3427.0,Science,D
3427.0,History,F
3427.0,English,B
3427.0,Physical Education,A
3428.0,Math,D
3428.0,Science,F
3428.0,History,C
3428.0,English,B
3428.0,Physical Education,F
3429.0,Math,D
3429.0,Science,D
3429.0,History,F
3429.0,English,C
3429.0,Physical Education,B
3430.0,Math,F
3430.0,Science,D
3430.0,History,C
3430.0,English,A
3430.0,Physical Education,D
3431.0,Math,A
3431.0,Science,C
3431.0,History,F
3431.0,English,A
3431.0,Physical Education,B
3432.0,Math,D
3432.0,Science,D
3432.0,History,F
3432.0,English,D
3432.0,Physical Education,D
3433.0,Math,D
3433.0,Science,A
3433.0,History,D
3433.0,English,C
3433.0,Physical Education,F
3434.0,Math,B
3434.0,Science,B
3434.0,History,D
3434.0,English,D
3434.0,Physical Education,D
3435.0,Math,D
3435.0,Science,D
3435.0,History,F
3435.0,English,A
3435.0,Physical Education,A
3436.0,Math,C
3436.0,Science,C
3436.0,History,C
3436.0,English,A
3436.0,Physical Education,D
3437.0,Math,F
3437.0,Science,A
3437.0,History,B
3437.0,English,A
3437.0,Physical Education,C
3438.0,Math,D
3438.0,Science,B
3438.0,History,D
3438.0,English,F
3438.0,Physical Education,F
3439.0,Math,F
3439.0,Science,C
3439.0,History,F
3439.0,English,A
3439.0,Physical Education,D
3440.0,Math,A
3440.0,Science,F
3440.0,History,F
3440.0,English,A
3440.0,Physical Education,F
3441.0,Math,D
3441.0,Science,C
3441.0,History,B
3441.0,English,A
3441.0,Physical Education,C
3442.0,Math,A
3442.0,Science,A
3442.0,History,D
3442.0,English,B
3442.0,Physical Education,C
3443.0,Math,C
3443.0,Science,D
3443.0,History,D
3443.0,English,F
3443.0,Physical Education,A
3444.0,Math,C
3444.0,Science,C
3444.0,History,B
3444.0,English,C
3444.0,Physical Education,A
3445.0,Math,C
3445.0,Science,F
3445.0,History,D
3445.0,English,F
3445.0,Physical Education,A
3446.0,Math,F
3446.0,Science,D
3446.0,History,C
3446.0,English,D
3446.0,Physical Education,B
3447.0,Math,F
3447.0,Science,A
3447.0,History,B
3447.0,English,A
3447.0,Physical Education,D
3448.0,Math,B
3448.0,Science,C
3448.0,History,C
3448.0,English,A
3448.0,Physical Education,D
3449.0,Math,C
3449.0,Science,B
3449.0,History,A
3449.0,English,F
3449.0,Physical Education,D
3450.0,Math,C
3450.0,Science,B
3450.0,History,C
3450.0,English,A
3450.0,Physical Education,C
3451.0,Math,A
3451.0,Science,A
3451.0,History,A
3451.0,English,D
3451.0,Physical Education,A
3452.0,Math,F
3452.0,Science,C
3452.0,History,F
3452.0,English,C
3452.0,Physical Education,D
3453.0,Math,D
3453.0,Science,F
3453.0,History,F
3453.0,English,C
3453.0,Physical Education,D
3454.0,Math,B
3454.0,Science,C
3454.0,History,C
3454.0,English,C
3454.0,Physical Education,B
3455.0,Math,C
3455.0,Science,B
3455.0,History,C
3455.0,English,C
3455.0,Physical Education,B
3456.0,Math,F
3456.0,Science,C
3456.0,History,B
3456.0,English,C
3456.0,Physical Education,B
3457.0,Math,D
3457.0,Science,B
3457.0,History,F
3457.0,English,D
3457.0,Physical Education,C
3458.0,Math,A
3458.0,Science,F
3458.0,History,B
3458.0,English,F
3458.0,Physical Education,B
3459.0,Math,A
3459.0,Science,B
3459.0,History,D
3459.0,English,B
3459.0,Physical Education,D
3460.0,Math,B
3460.0,Science,F
3460.0,History,A
3460.0,English,D
3460.0,Physical Education,F
3461.0,Math,D
3461.0,Science,C
3461.0,History,B
3461.0,English,F
3461.0,Physical Education,B
3462.0,Math,A
3462.0,Science,A
3462.0,History,B
3462.0,English,F
3462.0,Physical Education,F
3463.0,Math,B
3463.0,Science,A
3463.0,History,F
3463.0,English,D
3463.0,Physical Education,D
3464.0,Math,B
3464.0,Science,A
3464.0,History,F
3464.0,English,F
3464.0,Physical Education,F
3465.0,Math,A
3465.0,Science,B
3465.0,History,A
3465.0,English,D
3465.0,Physical Education,C
3466.0,Math,B
3466.0,Science,A
3466.0,History,C
3466.0,English,B
3466.0,Physical Education,F
3467.0,Math,C
3467.0,Science,C
3467.0,History,B
3467.0,English,B
3467.0,Physical Education,A
3468.0,Math,B
3468.0,Science,C
3468.0,History,D
3468.0,English,C
3468.0,Physical Education,F
3469.0,Math,D
3469.0,Science,D
3469.0,History,D
3469.0,English,C
3469.0,Physical Education,C
3470.0,Math,F
3470.0,Science,C
3470.0,History,F
3470.0,English,C
3470.0,Physical Education,D
3471.0,Math,A
3471.0,Science,B
3471.0,History,A
3471.0,English,A
3471.0,Physical Education,F
3472.0,Math,A
3472.0,Science,A
3472.0,History,A
3472.0,English,C
3472.0,Physical Education,D
3473.0,Math,F
3473.0,Science,A
3473.0,History,B
3473.0,English,C
3473.0,Physical Education,D
3474.0,Math,B
3474.0,Science,D
3474.0,History,A
3474.0,English,B
3474.0,Physical Education,C
3475.0,Math,C
3475.0,Science,A
3475.0,History,D
3475.0,English,F
3475.0,Physical Education,B
3476.0,Math,C
3476.0,Science,B
3476.0,History,A
3476.0,English,D
3476.0,Physical Education,F
3477.0,Math,C
3477.0,Science,D
3477.0,History,D
3477.0,English,B
3477.0,Physical Education,A
3478.0,Math,A
3478.0,Science,A
3478.0,History,D
3478.0,English,B
3478.0,Physical Education,B
3479.0,Math,A
3479.0,Science,C
3479.0,History,B
3479.0,English,B
3479.0,Physical Education,B
3480.0,Math,C
3480.0,Science,F
3480.0,History,D
3480.0,English,C
3480.0,Physical Education,B
3481.0,Math,F
3481.0,Science,F
3481.0,History,F
3481.0,English,B
3481.0,Physical Education,C
3482.0,Math,F
3482.0,Science,C
3482.0,History,B
3482.0,English,D
3482.0,Physical Education,C
3483.0,Math,C
3483.0,Science,B
3483.0,History,C
3483.0,English,B
3483.0,Physical Education,D
3484.0,Math,A
3484.0,Science,B
3484.0,History,C
3484.0,English,A
3484.0,Physical Education,A
3485.0,Math,A
3485.0,Science,D
3485.0,History,F
3485.0,English,D
3485.0,Physical Education,C
3486.0,Math,A
3486.0,Science,B
3486.0,History,C
3486.0,English,F
3486.0,Physical Education,A
3487.0,Math,C
3487.0,Science,F
3487.0,History,B
3487.0,English,F
3487.0,Physical Education,A
3488.0,Math,A
3488.0,Science,D
3488.0,History,F
3488.0,English,B
3488.0,Physical Education,A
3489.0,Math,C
3489.0,Science,B
3489.0,History,A
3489.0,English,C
3489.0,Physical Education,C
3490.0,Math,C
3490.0,Science,D
3490.0,History,C
3490.0,English,C
3490.0,Physical Education,A
3491.0,Math,C
3491.0,Science,A
3491.0,History,F
3491.0,English,C
3491.0,Physical Education,B
3492.0,Math,C
3492.0,Science,C
3492.0,History,F
3492.0,English,A
3492.0,Physical Education,B
3493.0,Math,F
3493.0,Science,C
3493.0,History,F
3493.0,English,D
3493.0,Physical Education,D
3494.0,Math,A
3494.0,Science,D
3494.0,History,B
3494.0,English,B
3494.0,Physical Education,C
3495.0,Math,A
3495.0,Science,A
3495.0,History,C
3495.0,English,A
3495.0,Physical Education,B
3496.0,Math,C
3496.0,Science,D
3496.0,History,B
3496.0,English,D
3496.0,Physical Education,A
3497.0,Math,A
3497.0,Science,A
3497.0,History,B
3497.0,English,F
3497.0,Physical Education,B
3498.0,Math,A
3498.0,Science,D
3498.0,History,C
3498.0,English,F
3498.0,Physical Education,A
3499.0,Math,B
3499.0,Science,F
3499.0,History,A
3499.0,English,B
3499.0,Physical Education,D
3500.0,Math,C
3500.0,Science,A
3500.0,History,F
3500.0,English,B
3500.0,Physical Education,F
3501.0,Math,C
3501.0,Science,D
3501.0,History,F
3501.0,English,F
3501.0,Physical Education,C
3502.0,Math,B
3502.0,Science,F
3502.0,History,D
3502.0,English,B
3502.0,Physical Education,B
3503.0,Math,C
3503.0,Science,A
3503.0,History,F
3503.0,English,B
3503.0,Physical Education,C
3504.0,Math,F
3504.0,Science,F
3504.0,History,B
3504.0,English,C
3504.0,Physical Education,C
3505.0,Math,D
3505.0,Science,C
3505.0,History,C
3505.0,English,C
3505.0,Physical Education,A
3506.0,Math,D
3506.0,Science,D
3506.0,History,D
3506.0,English,F
3506.0,Physical Education,A
3507.0,Math,C
3507.0,Science,D
3507.0,History,A
3507.0,English,D
3507.0,Physical Education,F
3508.0,Math,D
3508.0,Science,B
3508.0,History,C
3508.0,English,A
3508.0,Physical Education,D
3509.0,Math,C
3509.0,Science,A
3509.0,History,F
3509.0,English,B
3509.0,Physical Education,A
3510.0,Math,C
3510.0,Science,F
3510.0,History,C
3510.0,English,B
3510.0,Physical Education,A
3511.0,Math,B
3511.0,Science,A
3511.0,History,B
3511.0,English,D
3511.0,Physical Education,A
3512.0,Math,F
3512.0,Science,C
3512.0,History,C
3512.0,English,A
3512.0,Physical Education,A
3513.0,Math,B
3513.0,Science,C
3513.0,History,C
3513.0,English,C
3513.0,Physical Education,C
3514.0,Math,D
3514.0,Science,A
3514.0,History,A
3514.0,,C
3514.0,Physical Education,C
3515.0,Math,B
3515.0,Science,F
3515.0,History,A
3515.0,English,A
3515.0,Physical Education,F
3516.0,Math,A
3516.0,Science,A
3516.0,History,A
3516.0,English,D
3516.0,Physical Education,A
3517.0,Math,B
3517.0,Science,D
3517.0,History,F
3517.0,English,B
3517.0,Physical Education,A
3518.0,Math,C
3518.0,Science,D
3518.0,History,A
3518.0,English,F
3518.0,Physical Education,B
3519.0,Math,A
3519.0,Science,B
3519.0,History,F
3519.0,English,D
3519.0,Physical Education,A
3520.0,Math,A
3520.0,Science,F
3520.0,History,D
3520.0,English,B
3520.0,Physical Education,F
3521.0,Math,D
3521.0,Science,B
3521.0,History,F
3521.0,English,B
3521.0,Physical Education,F
3522.0,Math,A
3522.0,Science,B
3522.0,History,F
3522.0,English,B
3522.0,Physical Education,C
3523.0,Math,F
3523.0,Science,C
3523.0,History,C
3523.0,English,D
3523.0,Physical Education,D
3524.0,Math,B
3524.0,Science,C
3524.0,History,F
3524.0,English,D
3524.0,Physical Education,D
3525.0,Math,A
3525.0,Science,D
3525.0,History,A
3525.0,English,F
3525.0,Physical Education,D
3526.0,Math,D
3526.0,Science,B
3526.0,History,F
3526.0,English,C
3526.0,Physical Education,A
3527.0,Math,F
3527.0,Science,F
3527.0,History,D
3527.0,English,B
3527.0,Physical Education,D
3528.0,Math,B
3528.0,Science,A
3528.0,History,B
3528.0,English,B
3528.0,Physical Education,F
3529.0,Math,D
3529.0,Science,B
3529.0,History,A
3529.0,English,D
3529.0,Physical Education,F
3530.0,Math,B
3530.0,Science,D
3530.0,History,A
3530.0,English,F
3530.0,Physical Education,F
3531.0,Math,C
3531.0,Science,B
3531.0,History,A
3531.0,English,C
3531.0,Physical Education,C
3532.0,Math,D
3532.0,Science,F
3532.0,History,B
3532.0,English,D
3532.0,Physical Education,B
3533.0,Math,B
3533.0,Science,F
3533.0,History,F
3533.0,English,A
3533.0,Physical Education,C
3534.0,Math,D
3534.0,Science,F
3534.0,History,A
3534.0,English,B
3534.0,Physical Education,B
3535.0,Math,F
3535.0,Science,D
3535.0,History,B
3535.0,English,A
3535.0,Physical Education,C
3536.0,Math,C
3536.0,Science,D
3536.0,History,A
3536.0,English,D
3536.0,Physical Education,F
3537.0,Math,D
3537.0,Science,C
3537.0,History,A
3537.0,English,F
3537.0,Physical Education,B
3538.0,Math,A
3538.0,Science,F
3538.0,History,B
3538.0,English,F
3538.0,Physical Education,B
3539.0,Math,B
3539.0,Science,B
3539.0,History,F
3539.0,English,B
3539.0,Physical Education,F
3540.0,Math,B
3540.0,Science,D
3540.0,History,F
3540.0,English,B
3540.0,Physical Education,B
3541.0,Math,D
3541.0,Science,C
3541.0,History,B
3541.0,English,A
3541.0,Physical Education,B
3542.0,Math,C
3542.0,Science,B
3542.0,History,F
3542.0,English,C
3542.0,Physical Education,F
3543.0,Math,F
3543.0,Science,F
3543.0,History,C
3543.0,English,D
3543.0,Physical Education,F
3544.0,Math,F
3544.0,Science,C
3544.0,History,C
3544.0,English,F
3544.0,Physical Education,B
3545.0,Math,F
3545.0,Science,A
3545.0,History,B
3545.0,English,A
3545.0,Physical Education,B
3546.0,Math,A
3546.0,Science,D
3546.0,History,C
3546.0,English,A
3546.0,Physical Education,A
3547.0,Math,B
3547.0,Science,A
3547.0,History,A
3547.0,English,C
3547.0,Physical Education,C
3548.0,Math,F
3548.0,Science,C
3548.0,History,C
3548.0,English,D
3548.0,Physical Education,A
3549.0,Math,B
3549.0,Science,D
3549.0,History,A
3549.0,English,A
3549.0,Physical Education,F
3550.0,Math,F
3550.0,Science,A
3550.0,History,C
3550.0,English,C
3550.0,Physical Education,A
3551.0,Math,B
3551.0,Science,C
3551.0,History,F
3551.0,English,A
3551.0,Physical Education,F
3552.0,Math,B
3552.0,Science,F
3552.0,History,B
3552.0,English,B
3552.0,Physical Education,B
3553.0,Math,D
3553.0,Science,C
3553.0,History,D
3553.0,English,F
3553.0,Physical Education,D
3554.0,Math,F
3554.0,Science,C
3554.0,History,F
3554.0,English,D
3554.0,Physical Education,A
3555.0,Math,A
3555.0,Science,D
3555.0,History,C
3555.0,English,B
3555.0,Physical Education,D
3556.0,Math,D
3556.0,Science,D
3556.0,History,F
3556.0,English,B
3556.0,Physical Education,A
3557.0,Math,F
3557.0,Science,D
3557.0,History,C
3557.0,English,B
3557.0,Physical Education,B
3558.0,Math,B
3558.0,Science,A
3558.0,History,A
3558.0,English,A
3558.0,Physical Education,D
3559.0,Math,A
3559.0,Science,D
3559.0,History,F
3559.0,English,F
3559.0,Physical Education,C
3560.0,Math,D
3560.0,Science,D
3560.0,History,D
3560.0,English,C
3560.0,Physical Education,D
3561.0,Math,A
3561.0,Science,C
3561.0,History,A
3561.0,English,D
3561.0,Physical Education,D
3562.0,Math,C
3562.0,Science,C
3562.0,History,A
3562.0,English,D
3562.0,Physical Education,D
3563.0,Math,C
3563.0,Science,C
3563.0,History,F
3563.0,English,D
3563.0,Physical Education,D
3564.0,Math,C
3564.0,Science,F
3564.0,History,F
3564.0,English,C
3564.0,Physical Education,B
3565.0,Math,A
3565.0,Science,F
3565.0,History,D
3565.0,English,C
3565.0,Physical Education,C
3566.0,Math,C
3566.0,Science,F
3566.0,History,B
3566.0,English,C
3566.0,Physical Education,A
3567.0,Math,C
3567.0,Science,F
3567.0,History,F
3567.0,English,C
3567.0,Physical Education,F
3568.0,Math,F
3568.0,Science,B
3568.0,History,A
3568.0,English,B
3568.0,Physical Education,C
3569.0,Math,D
3569.0,Science,A
3569.0,History,F
3569.0,English,F
3569.0,Physical Education,F
3570.0,Math,C
3570.0,Science,B
3570.0,History,F
3570.0,English,D
3570.0,Physical Education,F
3571.0,Math,D
3571.0,Science,B
3571.0,History,D
3571.0,English,A
3571.0,Physical Education,F
3572.0,Math,B
3572.0,Science,D
3572.0,History,D
3572.0,English,B
3572.0,Physical Education,B
3573.0,Math,D
3573.0,Science,A
3573.0,History,B
3573.0,English,F
3573.0,Physical Education,A
3574.0,Math,B
3574.0,Science,B
3574.0,History,A
3574.0,English,D
3574.0,Physical Education,A
3575.0,Math,A
3575.0,Science,B
3575.0,History,A
3575.0,English,D
3575.0,Physical Education,D
3576.0,Math,C
3576.0,Science,C
3576.0,History,C
3576.0,English,F
3576.0,Physical Education,F
3577.0,Math,F
3577.0,Science,F
3577.0,History,A
3577.0,English,F
3577.0,Physical Education,D
3578.0,Math,C
3578.0,Science,D
3578.0,History,A
3578.0,English,B
3578.0,Physical Education,C
3579.0,Math,B
3579.0,Science,A
3579.0,History,A
3579.0,English,D
3579.0,Physical Education,A
3580.0,Math,F
3580.0,Science,B
3580.0,History,A
3580.0,English,B
3580.0,Physical Education,D
3581.0,Math,F
3581.0,Science,D
3581.0,History,C
3581.0,English,C
3581.0,Physical Education,B
3582.0,Math,F
3582.0,Science,D
3582.0,History,D
3582.0,English,A
3582.0,Physical Education,F
3583.0,Math,B
3583.0,Science,D
3583.0,History,D
3583.0,English,D
3583.0,Physical Education,D
3584.0,Math,F
3584.0,Science,F
3584.0,History,B
3584.0,English,B
3584.0,Physical Education,F
3585.0,Math,F
3585.0,Science,D
3585.0,History,C
3585.0,English,B
3585.0,Physical Education,D
3586.0,Math,D
3586.0,Science,A
3586.0,History,B
3586.0,English,A
3586.0,Physical Education,F
3587.0,Math,C
3587.0,Science,F
3587.0,History,F
3587.0,English,B
3587.0,Physical Education,D
3588.0,Math,F
3588.0,Science,C
3588.0,History,F
3588.0,English,A
3588.0,Physical Education,A
3589.0,Math,F
3589.0,Science,F
3589.0,History,C
3589.0,English,C
3589.0,Physical Education,B
3590.0,Math,A
3590.0,Science,A
3590.0,History,C
3590.0,English,F
3590.0,Physical Education,F
3591.0,Math,B
3591.0,Science,F
3591.0,History,F
3591.0,English,B
3591.0,Physical Education,D
3592.0,Math,D
3592.0,Science,B
3592.0,History,D
3592.0,English,B
3592.0,Physical Education,D
3593.0,Math,D
3593.0,Science,F
3593.0,History,B
3593.0,English,B
3593.0,Physical Education,B
3594.0,Math,C
3594.0,Science,F
3594.0,History,B
3594.0,English,F
3594.0,Physical Education,B
3595.0,Math,D
3595.0,Science,A
3595.0,History,D
3595.0,English,C
3595.0,Physical Education,B
3596.0,Math,B
3596.0,Science,C
3596.0,History,F
3596.0,English,D
3596.0,Physical Education,C
3597.0,Math,A
3597.0,Science,C
3597.0,History,B
3597.0,English,C
3597.0,Physical Education,D
3598.0,Math,C
3598.0,Science,F
3598.0,History,D
3598.0,English,C
3598.0,Physical Education,C
3599.0,Math,F
3599.0,Science,A
3599.0,History,B
3599.0,English,F
3599.0,Physical Education,F
3600.0,Math,A
3600.0,Science,B
3600.0,History,D
3600.0,English,D
3600.0,Physical Education,C
3601.0,Math,B
3601.0,Science,D
3601.0,History,C
3601.0,English,F
3601.0,Physical Education,B
3602.0,Math,F
3602.0,Science,D
3602.0,History,B
3602.0,English,D
3602.0,Physical Education,B
3603.0,Math,F
3603.0,Science,D
3603.0,History,D
3603.0,English,B
3603.0,Physical Education,B
3604.0,Math,B
3604.0,Science,C
3604.0,History,C
3604.0,English,C
3604.0,Physical Education,C
3605.0,Math,D
3605.0,Science,F
3605.0,History,D
3605.0,English,C
3605.0,Physical Education,C
3606.0,Math,B
3606.0,Science,F
3606.0,History,C
3606.0,English,C
3606.0,Physical Education,A
3607.0,Math,F
3607.0,Science,D
3607.0,History,F
3607.0,English,F
3607.0,Physical Education,C
3608.0,Math,A
3608.0,Science,C
3608.0,History,A
3608.0,English,D
3608.0,Physical Education,A
3609.0,Math,C
3609.0,Science,F
3609.0,History,D
3609.0,English,B
3609.0,Physical Education,C
3610.0,Math,F
3610.0,Science,C
3610.0,History,D
3610.0,English,F
3610.0,Physical Education,C
3611.0,Math,B
3611.0,Science,D
3611.0,History,A
3611.0,English,D
3611.0,Physical Education,C
3612.0,Math,B
3612.0,Science,B
3612.0,History,A
3612.0,English,C
3612.0,Physical Education,F
3613.0,Math,B
3613.0,Science,D
3613.0,History,D
3613.0,English,F
3613.0,Physical Education,F
3614.0,Math,F
3614.0,Science,B
3614.0,History,B
3614.0,English,D
3614.0,Physical Education,A
3615.0,Math,D
3615.0,Science,A
3615.0,History,D
3615.0,English,D
3615.0,Physical Education,A
3616.0,Math,A
3616.0,Science,A
3616.0,History,C
3616.0,English,A
3616.0,Physical Education,C
3617.0,Math,B
3617.0,Science,C
3617.0,History,A
3617.0,English,A
3617.0,Physical Education,F
3618.0,Math,B
3618.0,Science,C
3618.0,History,A
3618.0,English,A
3618.0,Physical Education,B
3619.0,Math,F
3619.0,Science,B
3619.0,History,F
3619.0,English,C
3619.0,Physical Education,C
3620.0,Math,F
3620.0,Science,B
3620.0,History,C
3620.0,English,D
3620.0,Physical Education,D
3621.0,Math,C
3621.0,Science,B
3621.0,History,D
3621.0,English,B
3621.0,Physical Education,B
3622.0,Math,F
3622.0,Science,A
3622.0,History,F
3622.0,English,A
3622.0,Physical Education,D
3623.0,Math,A
3623.0,Science,F
3623.0,History,F
3623.0,English,D
3623.0,Physical Education,C
3624.0,Math,A
3624.0,Science,D
3624.0,History,F
3624.0,English,C
3624.0,Physical Education,B
3625.0,Math,B
3625.0,Science,F
3625.0,History,A
3625.0,English,F
3625.0,Physical Education,F
3626.0,Math,A
3626.0,Science,A
3626.0,History,A
3626.0,English,D
3626.0,Physical Education,C
3627.0,Math,C
3627.0,Science,B
3627.0,History,A
3627.0,English,F
3627.0,Physical Education,D
3628.0,Math,A
3628.0,Science,B
3628.0,History,F
3628.0,English,F
3628.0,Physical Education,F
3629.0,Math,C
3629.0,Science,A
3629.0,History,F
3629.0,English,D
3629.0,Physical Education,F
3630.0,Math,D
3630.0,Science,A
3630.0,History,B
3630.0,English,A
3630.0,Physical Education,F
3631.0,Math,B
3631.0,Science,D
3631.0,History,A
3631.0,English,A
3631.0,Physical Education,F
3632.0,Math,C
3632.0,Science,F
3632.0,History,A
3632.0,English,C
3632.0,Physical Education,F
3633.0,Math,D
3633.0,Science,B
3633.0,History,F
3633.0,English,B
3633.0,Physical Education,C
3634.0,Math,B
3634.0,Science,C
3634.0,History,B
3634.0,English,C
3634.0,Physical Education,A
3635.0,Math,D
3635.0,Science,D
3635.0,History,A
3635.0,English,A
3635.0,Physical Education,C
3636.0,Math,B
3636.0,Science,D
3636.0,History,C
3636.0,English,D
3636.0,Physical Education,F
3637.0,Math,D
3637.0,Science,D
3637.0,History,A
3637.0,English,D
3637.0,Physical Education,C
3638.0,Math,C
3638.0,Science,B
3638.0,History,F
3638.0,English,A
3638.0,Physical Education,F
3639.0,Math,D
3639.0,Science,B
3639.0,History,D
3639.0,English,C
3639.0,Physical Education,C
3640.0,Math,B
3640.0,Science,F
3640.0,History,F
3640.0,English,B
3640.0,Physical Education,A
3641.0,Math,F
3641.0,Science,A
3641.0,History,D
3641.0,English,C
3641.0,Physical Education,F
3642.0,Math,C
3642.0,Science,F
3642.0,History,D
3642.0,English,B
3642.0,Physical Education,D
3643.0,Math,D
3643.0,Science,F
3643.0,History,A
3643.0,English,D
3643.0,Physical Education,D
3644.0,Math,A
3644.0,Science,F
3644.0,History,B
3644.0,English,C
3644.0,Physical Education,A
3645.0,Math,B
3645.0,Science,C
3645.0,History,C
3645.0,English,A
3645.0,Physical Education,A
3646.0,Math,B
3646.0,Science,C
3646.0,History,C
3646.0,English,D
3646.0,Physical Education,C
3647.0,Math,D
3647.0,Science,F
3647.0,History,A
3647.0,English,C
3647.0,Physical Education,F
3648.0,Math,D
3648.0,Science,B
3648.0,History,A
3648.0,English,F
3648.0,Physical Education,A
3649.0,Math,A
3649.0,Science,C
3649.0,History,A
3649.0,English,C
3649.0,Physical Education,F
3650.0,Math,B
3650.0,Science,F
3650.0,History,B
3650.0,English,A
3650.0,Physical Education,A
3651.0,Math,C
3651.0,Science,A
3651.0,History,B
3651.0,English,C
3651.0,Physical Education,B
3652.0,Math,F
3652.0,Science,D
3652.0,History,F
3652.0,English,F
3652.0,Physical Education,C
3653.0,Math,B
3653.0,Science,A
3653.0,History,A
3653.0,English,B
3653.0,Physical Education,D
3654.0,Math,F
3654.0,Science,A
3654.0,History,C
3654.0,English,F
3654.0,Physical Education,F
3655.0,Math,C
3655.0,Science,F
3655.0,History,B
3655.0,English,D
3655.0,Physical Education,C
3656.0,Math,F
3656.0,Science,F
3656.0,History,B
3656.0,English,B
3656.0,Physical Education,A
3657.0,Math,D
3657.0,Science,A
3657.0,History,B
3657.0,English,C
3657.0,Physical Education,C
3658.0,Math,B
3658.0,Science,A
3658.0,History,C
3658.0,English,C
3658.0,Physical Education,A
3659.0,Math,F
3659.0,Science,C
3659.0,History,B
3659.0,English,A
3659.0,Physical Education,B
3660.0,Math,F
3660.0,Science,D
3660.0,History,C
3660.0,English,D
3660.0,Physical Education,B
3661.0,Math,D
3661.0,Science,D
3661.0,History,B
3661.0,English,F
3661.0,Physical Education,D
3662.0,Math,C
3662.0,Science,C
3662.0,History,C
3662.0,English,B
3662.0,Physical Education,F
3663.0,Math,A
3663.0,Science,A
3663.0,History,F
3663.0,English,A
3663.0,Physical Education,A
3664.0,Math,B
3664.0,Science,A
3664.0,History,A
3664.0,English,C
3664.0,Physical Education,F
3665.0,Math,B
3665.0,Science,D
3665.0,History,B
3665.0,English,A
3665.0,Physical Education,A
3666.0,Math,A
3666.0,Science,D
3666.0,History,C
3666.0,English,D
3666.0,Physical Education,F
3667.0,Math,C
3667.0,Science,B
3667.0,History,D
3667.0,English,B
3667.0,Physical Education,D
3668.0,Math,F
3668.0,Science,B
3668.0,History,F
3668.0,English,F
3668.0,Physical Education,C
3669.0,Math,C
3669.0,Science,A
3669.0,History,D
3669.0,English,A
3669.0,Physical Education,F
3670.0,Math,F
3670.0,Science,C
3670.0,History,B
3670.0,English,F
3670.0,Physical Education,A
3671.0,Math,D
3671.0,Science,A
3671.0,History,C
3671.0,English,D
3671.0,Physical Education,F
3672.0,Math,C
3672.0,Science,B
3672.0,History,D
3672.0,English,A
3672.0,Physical Education,F
3673.0,Math,F
3673.0,Science,A
3673.0,History,D
3673.0,English,C
3673.0,Physical Education,F
3674.0,Math,A
3674.0,Science,B
3674.0,History,D
3674.0,English,B
3674.0,Physical Education,D
3675.0,Math,D
3675.0,Science,C
3675.0,History,F
3675.0,English,D
3675.0,Physical Education,F
3676.0,Math,D
3676.0,Science,F
3676.0,History,C
3676.0,English,F
3676.0,Physical Education,B
3677.0,Math,B
3677.0,Science,A
3677.0,History,C
3677.0,English,A
3677.0,Physical Education,D
3678.0,Math,D
3678.0,Science,F
3678.0,History,D
3678.0,English,C
3678.0,Physical Education,D
3679.0,Math,D
3679.0,Science,F
3679.0,History,B
3679.0,English,A
3679.0,Physical Education,B
3680.0,Math,D
3680.0,Science,C
3680.0,History,A
3680.0,English,B
3680.0,Physical Education,F
3681.0,Math,A
3681.0,Science,A
3681.0,History,B
3681.0,English,C
3681.0,Physical Education,A
3682.0,Math,A
3682.0,Science,B
3682.0,History,B
3682.0,English,F
3682.0,Physical Education,D
3683.0,Math,B
3683.0,Science,A
3683.0,History,A
3683.0,English,F
3683.0,Physical Education,C
3684.0,Math,A
3684.0,Science,C
3684.0,History,D
3684.0,English,D
3684.0,Physical Education,B
3685.0,Math,D
3685.0,Science,F
3685.0,History,F
3685.0,English,A
3685.0,Physical Education,C
3686.0,Math,C
3686.0,Science,F
3686.0,History,D
3686.0,English,D
3686.0,Physical Education,B
3687.0,Math,F
3687.0,Science,
3687.0,History,C
3687.0,English,A
3687.0,Physical Education,A
3688.0,Math,B
3688.0,Science,B
3688.0,History,C
3688.0,English,F
3688.0,Physical Education,D
3689.0,Math,A
3689.0,Science,B
3689.0,History,C
3689.0,English,A
3689.0,Physical Education,C
3690.0,Math,A
3690.0,Science,D
3690.0,History,D
3690.0,English,C
3690.0,Physical Education,C
3691.0,Math,A
3691.0,Science,B
3691.0,History,C
3691.0,English,B
3691.0,Physical Education,D
3692.0,Math,B
3692.0,Science,C
3692.0,History,D
3692.0,English,C
3692.0,Physical Education,B
3693.0,Math,C
3693.0,Science,B
3693.0,History,F
3693.0,English,A
3693.0,Physical Education,B
3694.0,Math,A
3694.0,Science,B
3694.0,History,A
3694.0,English,A
3694.0,Physical Education,D
3695.0,Math,A
3695.0,Science,B
3695.0,History,B
3695.0,English,B
3695.0,Physical Education,A
3696.0,Math,C
3696.0,Science,D
3696.0,History,A
3696.0,English,B
3696.0,Physical Education,F
3697.0,Math,D
3697.0,Science,A
3697.0,History,D
3697.0,English,B
3697.0,Physical Education,C
3698.0,Math,F
3698.0,Science,A
3698.0,History,D
3698.0,English,A
3698.0,Physical Education,F
3699.0,Math,D
3699.0,Science,C
3699.0,History,D
3699.0,English,F
3699.0,Physical Education,A
3700.0,Math,F
3700.0,Science,A
3700.0,History,C
3700.0,English,D
3700.0,Physical Education,A
3701.0,Math,C
3701.0,Science,D
3701.0,History,C
3701.0,English,D
3701.0,Physical Education,C
3702.0,Math,B
3702.0,Science,F
3702.0,History,A
3702.0,English,C
3702.0,Physical Education,C
3703.0,Math,B
3703.0,Science,D
3703.0,History,F
3703.0,English,C
3703.0,Physical Education,A
3704.0,Math,B
3704.0,Science,A
3704.0,History,C
3704.0,English,C
3704.0,Physical Education,B
3705.0,Math,B
3705.0,Science,F
3705.0,History,A
3705.0,English,F
3705.0,Physical Education,C
3706.0,Math,A
3706.0,Science,C
3706.0,History,D
3706.0,English,F
3706.0,Physical Education,F
3707.0,Math,A
3707.0,Science,F
3707.0,History,B
3707.0,English,F
3707.0,Physical Education,D
3708.0,Math,A
3708.0,Science,D
3708.0,History,B
3708.0,English,B
3708.0,Physical Education,F
3709.0,Math,D
3709.0,Science,F
3709.0,History,C
3709.0,English,C
3709.0,Physical Education,B
3710.0,Math,D
3710.0,Science,A
3710.0,History,F
3710.0,English,C
3710.0,Physical Education,F
3711.0,Math,D
3711.0,Science,D
3711.0,History,D
3711.0,English,D
3711.0,Physical Education,A
3712.0,Math,F
3712.0,Science,D
3712.0,History,F
3712.0,English,A
3712.0,Physical Education,B
3713.0,Math,B
3713.0,Science,C
3713.0,History,F
3713.0,English,B
3713.0,Physical Education,F
3714.0,Math,B
3714.0,Science,B
3714.0,History,C
3714.0,English,A
3714.0,Physical Education,B
3715.0,Math,F
3715.0,Science,B
3715.0,History,A
3715.0,English,F
3715.0,Physical Education,C
3716.0,Math,A
3716.0,Science,C
3716.0,History,B
3716.0,English,C
3716.0,Physical Education,A
3717.0,Math,C
3717.0,Science,B
3717.0,History,B
3717.0,English,B
3717.0,Physical Education,D
3718.0,Math,F
3718.0,Science,A
3718.0,History,C
3718.0,English,C
3718.0,Physical Education,D
3719.0,Math,D
3719.0,Science,F
3719.0,History,C
3719.0,English,D
3719.0,Physical Education,C
3720.0,Math,B
3720.0,Science,C
3720.0,History,F
3720.0,English,D
3720.0,Physical Education,D
3721.0,Math,B
3721.0,Science,A
3721.0,History,F
3721.0,English,A
3721.0,Physical Education,F
3722.0,Math,C
3722.0,Science,A
3722.0,History,F
3722.0,English,C
3722.0,Physical Education,F
3723.0,Math,C
3723.0,Science,C
3723.0,History,A
3723.0,English,D
3723.0,Physical Education,F
3724.0,Math,C
3724.0,Science,C
3724.0,History,C
3724.0,English,A
3724.0,Physical Education,F
3725.0,Math,D
3725.0,Science,D
3725.0,History,F
3725.0,English,D
3725.0,Physical Education,D
3726.0,Math,D
3726.0,Science,C
3726.0,History,B
3726.0,English,D
3726.0,Physical Education,B
3727.0,Math,B
3727.0,Science,F
3727.0,History,B
3727.0,English,B
3727.0,Physical Education,F
3728.0,Math,B
3728.0,Science,D
3728.0,History,C
3728.0,English,F
3728.0,Physical Education,D
3729.0,Math,B
3729.0,Science,A
3729.0,History,B
3729.0,English,D
3729.0,Physical Education,C
3730.0,Math,C
3730.0,Science,F
3730.0,History,A
3730.0,English,F
3730.0,Physical Education,C
3731.0,Math,F
3731.0,Science,F
3731.0,History,C
3731.0,English,D
3731.0,Physical Education,B
3732.0,Math,D
3732.0,Science,A
3732.0,History,C
3732.0,English,A
3732.0,Physical Education,A
3733.0,Math,D
3733.0,Science,B
3733.0,History,C
3733.0,English,F
3733.0,Physical Education,D
3734.0,Math,A
3734.0,Science,A
3734.0,History,C
3734.0,English,F
3734.0,Physical Education,D
3735.0,Math,B
3735.0,Science,D
3735.0,History,D
3735.0,English,D
3735.0,Physical Education,C
3736.0,Math,F
3736.0,Science,A
3736.0,History,A
3736.0,English,A
3736.0,Physical Education,A
3737.0,Math,B
3737.0,Science,D
3737.0,History,F
3737.0,English,D
3737.0,Physical Education,F
3738.0,Math,B
3738.0,Science,F
3738.0,History,F
3738.0,English,F
3738.0,Physical Education,A
3739.0,Math,B
3739.0,Science,D
3739.0,History,C
3739.0,English,D
3739.0,Physical Education,F
3740.0,Math,B
3740.0,Science,F
3740.0,History,A
3740.0,English,F
3740.0,Physical Education,A
3741.0,Math,D
3741.0,Science,D
3741.0,History,C
3741.0,English,A
3741.0,Physical Education,F
3742.0,Math,C
3742.0,Science,F
3742.0,History,F
3742.0,English,C
3742.0,Physical Education,F
3743.0,Math,D
3743.0,Science,A
3743.0,History,A
3743.0,English,B
3743.0,Physical Education,C
3744.0,Math,C
3744.0,Science,A
3744.0,History,A
3744.0,English,C
3744.0,Physical Education,F
3745.0,Math,F
3745.0,Science,D
3745.0,History,F
3745.0,English,B
3745.0,Physical Education,B
3746.0,Math,F
3746.0,Science,F
3746.0,History,B
3746.0,English,B
3746.0,Physical Education,B
3747.0,Math,F
3747.0,Science,B
3747.0,History,D
3747.0,English,D
3747.0,Physical Education,D
3748.0,Math,C
3748.0,Science,A
3748.0,History,A
3748.0,English,A
3748.0,Physical Education,A
3749.0,Math,A
3749.0,Science,A
3749.0,History,B
3749.0,English,B
3749.0,Physical Education,B
3750.0,Math,B
3750.0,Science,B
3750.0,History,D
3750.0,English,D
3750.0,Physical Education,F
3751.0,Math,D
3751.0,Science,D
3751.0,History,D
3751.0,English,C
3751.0,Physical Education,B
3752.0,Math,B
3752.0,Science,C
3752.0,History,D
3752.0,English,D
3752.0,Physical Education,D
3753.0,Math,B
3753.0,Science,C
3753.0,History,A
3753.0,English,F
3753.0,Physical Education,A
3754.0,Math,A
3754.0,Science,C
3754.0,History,D
3754.0,English,A
3754.0,Physical Education,A
3755.0,Math,F
3755.0,Science,A
3755.0,History,F
3755.0,English,F
3755.0,Physical Education,A
3756.0,Math,D
3756.0,Science,B
3756.0,History,F
3756.0,English,A
3756.0,Physical Education,D
3757.0,Math,F
3757.0,Science,D
3757.0,History,C
3757.0,English,F
3757.0,Physical Education,F
3758.0,Math,B
3758.0,Science,D
3758.0,History,B
3758.0,English,D
3758.0,Physical Education,A
3759.0,Math,A
3759.0,Science,C
3759.0,History,F
3759.0,English,F
3759.0,Physical Education,D
3760.0,Math,B
3760.0,Science,F
3760.0,History,C
3760.0,English,B
3760.0,Physical Education,D
3761.0,Math,D
3761.0,Science,A
3761.0,History,F
3761.0,English,A
3761.0,Physical Education,B
3762.0,Math,F
3762.0,Science,A
3762.0,History,B
3762.0,English,C
3762.0,Physical Education,F
3763.0,Math,F
3763.0,Science,A
3763.0,History,C
3763.0,English,D
3763.0,Physical Education,C
3764.0,Math,F
3764.0,Science,D
3764.0,History,A
3764.0,English,B
3764.0,Physical Education,D
3765.0,Math,C
3765.0,Science,B
3765.0,History,F
3765.0,English,A
3765.0,Physical Education,F
3766.0,Math,A
3766.0,Science,C
3766.0,History,C
3766.0,English,B
3766.0,Physical Education,D
3767.0,Math,C
3767.0,Science,C
3767.0,History,F
3767.0,English,D
3767.0,Physical Education,B
3768.0,Math,C
3768.0,Science,A
3768.0,History,C
3768.0,English,D
3768.0,Physical Education,D
3769.0,Math,B
3769.0,Science,A
3769.0,History,C
3769.0,English,F
3769.0,Physical Education,A
3770.0,Math,A
3770.0,Science,C
3770.0,History,B
3770.0,English,F
3770.0,Physical Education,A
3771.0,Math,A
3771.0,Science,B
3771.0,History,B
3771.0,English,B
3771.0,Physical Education,C
3772.0,Math,B
3772.0,Science,B
3772.0,History,B
3772.0,English,C
3772.0,Physical Education,D
3773.0,Math,D
3773.0,Science,A
3773.0,History,C
3773.0,English,B
3773.0,Physical Education,B
3774.0,Math,C
3774.0,Science,B
3774.0,History,F
3774.0,English,D
3774.0,Physical Education,A
3775.0,Math,D
3775.0,Science,D
3775.0,History,B
3775.0,English,B
3775.0,Physical Education,F
3776.0,Math,A
3776.0,Science,D
3776.0,History,B
3776.0,English,A
3776.0,Physical Education,C
3777.0,Math,B
3777.0,Science,F
3777.0,History,F
3777.0,English,F
3777.0,Physical Education,F
3778.0,Math,C
3778.0,Science,D
3778.0,History,C
3778.0,English,A
3778.0,Physical Education,A
3779.0,Math,A
3779.0,Science,C
3779.0,History,C
3779.0,English,F
3779.0,Physical Education,C
3780.0,Math,F
3780.0,Science,D
3780.0,History,F
3780.0,English,C
3780.0,Physical Education,C
3781.0,Math,D
3781.0,Science,F
3781.0,History,B
3781.0,English,C
3781.0,Physical Education,A
3782.0,Math,A
3782.0,Science,C
3782.0,History,B
3782.0,English,C
3782.0,Physical Education,C
3783.0,Math,C
3783.0,Science,C
3783.0,History,F
3783.0,English,B
3783.0,Physical Education,A
3784.0,Math,F
3784.0,Science,F
3784.0,History,F
3784.0,English,B
3784.0,Physical Education,C
3785.0,Math,C
3785.0,Science,F
3785.0,History,B
3785.0,English,A
3785.0,Physical Education,C
3786.0,Math,D
3786.0,Science,B
3786.0,History,B
3786.0,English,D
3786.0,Physical Education,C
3787.0,Math,A
3787.0,Science,F
3787.0,History,D
3787.0,English,D
3787.0,Physical Education,F
3788.0,Math,B
3788.0,Science,F
3788.0,History,F
3788.0,English,C
3788.0,Physical Education,D
3789.0,Math,F
3789.0,Science,D
3789.0,,F
3789.0,English,A
3789.0,Physical Education,B
3790.0,Math,B
3790.0,Science,B
3790.0,History,C
3790.0,English,A
3790.0,Physical Education,B
3791.0,Math,D
3791.0,Science,D
3791.0,History,F
3791.0,English,F
3791.0,Physical Education,D
3792.0,Math,D
3792.0,Science,A
3792.0,History,B
3792.0,English,F
3792.0,Physical Education,F
3793.0,Math,D
3793.0,Science,A
3793.0,History,B
3793.0,English,C
3793.0,Physical Education,C
3794.0,Math,B
3794.0,Science,A
3794.0,History,B
3794.0,English,B
3794.0,Physical Education,C
3795.0,Math,A
3795.0,Science,B
3795.0,History,A
3795.0,English,C
3795.0,Physical Education,C
3796.0,Math,A
3796.0,Science,C
3796.0,History,D
3796.0,English,D
3796.0,Physical Education,D
3797.0,Math,C
3797.0,Science,B
3797.0,History,D
3797.0,English,D
3797.0,Physical Education,D
3798.0,Math,D
3798.0,Science,F
3798.0,History,B
3798.0,English,B
3798.0,Physical Education,B
3799.0,Math,C
3799.0,Science,C
3799.0,History,F
3799.0,English,D
3799.0,Physical Education,C
3800.0,Math,C
3800.0,Science,A
3800.0,History,B
3800.0,English,C
3800.0,Physical Education,F
3801.0,Math,C
3801.0,Science,D
3801.0,History,B
3801.0,English,B
3801.0,Physical Education,D
3802.0,Math,B
3802.0,Science,D
3802.0,History,C
3802.0,English,A
3802.0,Physical Education,D
3803.0,Math,F
3803.0,Science,F
3803.0,History,C
3803.0,English,C
3803.0,Physical Education,B
3804.0,Math,B
3804.0,Science,F
3804.0,History,F
3804.0,English,B
3804.0,Physical Education,F
3805.0,Math,C
3805.0,Science,D
3805.0,History,F
3805.0,English,B
3805.0,Physical Education,A
3806.0,Math,F
3806.0,Science,D
3806.0,History,B
3806.0,English,F
3806.0,Physical Education,B
3807.0,Math,B
3807.0,Science,D
3807.0,History,C
3807.0,English,D
3807.0,Physical Education,A
3808.0,Math,D
3808.0,Science,B
3808.0,History,C
3808.0,English,F
3808.0,Physical Education,D
3809.0,Math,D
3809.0,Science,D
3809.0,History,B
3809.0,English,A
3809.0,Physical Education,C
3810.0,Math,B
3810.0,Science,D
3810.0,History,D
3810.0,English,A
3810.0,Physical Education,C
3811.0,Math,D
3811.0,Science,B
3811.0,History,D
3811.0,English,B
3811.0,Physical Education,D
3812.0,Math,B
3812.0,Science,B
3812.0,History,F
3812.0,English,D
3812.0,Physical Education,F
3813.0,Math,D
3813.0,Science,D
3813.0,History,F
3813.0,English,A
3813.0,Physical Education,C
3814.0,Math,B
3814.0,Science,A
3814.0,History,C
3814.0,English,C
3814.0,Physical Education,D
3815.0,Math,F
3815.0,Science,F
3815.0,History,B
3815.0,English,F
3815.0,Physical Education,C
3816.0,Math,C
3816.0,Science,F
3816.0,History,C
3816.0,English,B
3816.0,Physical Education,C
3817.0,Math,D
3817.0,Science,D
3817.0,History,F
3817.0,English,C
3817.0,Physical Education,C
3818.0,Math,C
3818.0,Science,A
3818.0,History,B
3818.0,English,C
3818.0,Physical Education,F
3819.0,Math,C
3819.0,Science,A
3819.0,History,A
3819.0,English,A
3819.0,Physical Education,D
3820.0,Math,D
3820.0,Science,B
3820.0,History,D
3820.0,English,A
3820.0,Physical Education,F
3821.0,Math,F
3821.0,Science,B
3821.0,History,A
3821.0,English,D
3821.0,Physical Education,F
3822.0,Math,A
3822.0,Science,C
3822.0,History,A
3822.0,English,D
3822.0,Physical Education,C
3823.0,Math,D
3823.0,Science,B
3823.0,History,F
3823.0,English,D
3823.0,Physical Education,A
3824.0,Math,C
3824.0,Science,C
3824.0,History,C
3824.0,,D
3824.0,Physical Education,D
3825.0,Math,B
3825.0,Science,B
3825.0,History,A
3825.0,English,B
3825.0,Physical Education,C
3826.0,Math,B
3826.0,Science,B
3826.0,History,D
3826.0,English,C
3826.0,Physical Education,F
3827.0,Math,D
3827.0,Science,D
3827.0,History,B
3827.0,English,A
3827.0,Physical Education,D
3828.0,Math,A
3828.0,Science,B
3828.0,History,A
3828.0,English,D
3828.0,Physical Education,A
3829.0,Math,D
3829.0,Science,A
3829.0,History,C
3829.0,English,F
3829.0,Physical Education,C
3830.0,Math,D
3830.0,Science,F
3830.0,History,A
3830.0,English,F
3830.0,Physical Education,D
3831.0,Math,A
3831.0,Science,A
3831.0,History,B
3831.0,English,D
3831.0,Physical Education,D
3832.0,Math,B
3832.0,Science,F
3832.0,History,A
3832.0,English,F
3832.0,Physical Education,D
3833.0,Math,D
3833.0,Science,D
3833.0,History,F
3833.0,English,A
3833.0,Physical Education,A
3834.0,Math,C
3834.0,Science,A
3834.0,History,D
3834.0,English,F
3834.0,Physical Education,A
3835.0,Math,A
3835.0,Science,F
3835.0,History,C
3835.0,English,F
3835.0,Physical Education,D
3836.0,Math,B
3836.0,Science,B
3836.0,History,B
3836.0,English,C
3836.0,Physical Education,B
3837.0,Math,D
3837.0,Science,D
3837.0,History,B
3837.0,English,B
3837.0,Physical Education,C
3838.0,Math,D
3838.0,Science,C
3838.0,History,B
3838.0,English,B
3838.0,Physical Education,F
3839.0,Math,D
3839.0,Science,A
3839.0,History,F
3839.0,English,D
3839.0,Physical Education,F
3840.0,Math,F
3840.0,Science,C
3840.0,History,A
3840.0,English,D
3840.0,Physical Education,D
3841.0,Math,C
3841.0,Science,B
3841.0,History,C
3841.0,English,D
3841.0,Physical Education,A
3842.0,Math,D
3842.0,Science,A
3842.0,History,A
3842.0,English,B
3842.0,Physical Education,D
3843.0,Math,C
3843.0,Science,A
3843.0,History,C
3843.0,English,B
3843.0,Physical Education,C
3844.0,Math,D
3844.0,Science,B
3844.0,History,B
3844.0,English,B
3844.0,Physical Education,B
3845.0,Math,A
3845.0,Science,F
3845.0,History,B
3845.0,English,A
3845.0,Physical Education,F
3846.0,Math,F
3846.0,Science,D
3846.0,History,D
3846.0,English,A
3846.0,Physical Education,B
3847.0,Math,F
3847.0,Science,F
3847.0,History,D
3847.0,English,A
3847.0,Physical Education,B
3848.0,Math,B
3848.0,Science,D
3848.0,History,D
3848.0,English,A
3848.0,Physical Education,D
3849.0,Math,D
3849.0,Science,C
3849.0,History,A
3849.0,English,F
3849.0,Physical Education,F
3850.0,Math,D
3850.0,Science,F
3850.0,History,B
3850.0,English,C
3850.0,Physical Education,B
3851.0,Math,A
3851.0,Science,F
3851.0,History,D
3851.0,English,D
3851.0,Physical Education,D
3852.0,Math,C
3852.0,Science,C
3852.0,History,F
3852.0,English,F
3852.0,Physical Education,B
3853.0,Math,C
3853.0,Science,B
3853.0,History,C
3853.0,English,B
3853.0,Physical Education,A
3854.0,Math,C
3854.0,Science,A
3854.0,History,F
3854.0,English,D
3854.0,Physical Education,F
3855.0,Math,B
3855.0,Science,A
3855.0,History,C
3855.0,English,A
3855.0,Physical Education,B
3856.0,Math,D
3856.0,Science,F
3856.0,History,A
3856.0,English,F
3856.0,Physical Education,B
3857.0,Math,C
3857.0,Science,C
3857.0,History,F
3857.0,English,A
3857.0,Physical Education,F
3858.0,Math,C
3858.0,Science,F
3858.0,History,B
3858.0,English,F
3858.0,Physical Education,C
3859.0,Math,D
3859.0,Science,D
3859.0,History,A
3859.0,English,A
3859.0,Physical Education,F
3860.0,Math,A
3860.0,Science,B
3860.0,History,B
3860.0,English,B
3860.0,Physical Education,C
3861.0,Math,A
3861.0,Science,A
3861.0,History,C
3861.0,English,B
3861.0,Physical Education,F
3862.0,Math,F
3862.0,Science,D
3862.0,History,F
3862.0,English,D
3862.0,Physical Education,C
3863.0,Math,B
3863.0,Science,B
3863.0,History,A
3863.0,English,D
3863.0,Physical Education,C
3864.0,Math,A
3864.0,Science,A
3864.0,History,A
3864.0,English,B
3864.0,Physical Education,A
3865.0,Math,C
3865.0,Science,F
3865.0,History,B
3865.0,English,B
3865.0,Physical Education,B
3866.0,Math,B
3866.0,Science,C
3866.0,History,C
3866.0,English,C
3866.0,Physical Education,A
3867.0,Math,C
3867.0,Science,F
3867.0,History,F
3867.0,English,D
3867.0,Physical Education,B
3868.0,Math,D
3868.0,Science,A
3868.0,History,D
3868.0,English,A
3868.0,Physical Education,A
3869.0,Math,C
3869.0,Science,D
3869.0,History,C
3869.0,English,D
3869.0,Physical Education,D
3870.0,Math,D
3870.0,Science,D
3870.0,History,F
3870.0,English,B
3870.0,Physical Education,B
3871.0,Math,D
3871.0,Science,D
3871.0,History,D
3871.0,English,C
3871.0,Physical Education,F
3872.0,Math,C
3872.0,Science,A
3872.0,History,C
3872.0,English,B
3872.0,Physical Education,C
3873.0,Math,F
3873.0,Science,F
3873.0,History,A
3873.0,English,C
3873.0,Physical Education,D
3874.0,Math,A
3874.0,Science,D
3874.0,History,C
3874.0,English,D
3874.0,Physical Education,C
3875.0,Math,D
3875.0,Science,B
3875.0,History,B
3875.0,English,F
3875.0,Physical Education,F
3876.0,Math,D
3876.0,Science,A
3876.0,History,C
3876.0,English,C
3876.0,Physical Education,F
3877.0,Math,C
3877.0,Science,F
3877.0,History,F
3877.0,English,D
3877.0,Physical Education,F
3878.0,Math,B
3878.0,Science,C
3878.0,History,B
3878.0,English,B
3878.0,Physical Education,C
3879.0,Math,B
3879.0,Science,B
3879.0,History,F
3879.0,English,D
3879.0,Physical Education,B
3880.0,Math,C
3880.0,Science,A
3880.0,History,F
3880.0,English,C
3880.0,Physical Education,D
3881.0,Math,F
3881.0,Science,A
3881.0,History,A
3881.0,English,F
3881.0,Physical Education,B
3882.0,Math,F
3882.0,Science,A
3882.0,History,F
3882.0,English,F
3882.0,Physical Education,C
3883.0,Math,A
3883.0,Science,A
3883.0,History,D
3883.0,English,B
3883.0,Physical Education,F
3884.0,Math,A
3884.0,Science,D
3884.0,History,D
3884.0,English,F
3884.0,Physical Education,F
3885.0,Math,F
3885.0,Science,F
3885.0,History,A
3885.0,English,B
3885.0,Physical Education,C
3886.0,Math,B
3886.0,Science,C
3886.0,History,B
3886.0,English,D
3886.0,Physical Education,A
3887.0,Math,C
3887.0,Science,D
3887.0,History,F
3887.0,English,F
3887.0,Physical Education,C
3888.0,Math,C
3888.0,Science,A
3888.0,History,A
3888.0,English,B
3888.0,Physical Education,A
3889.0,Math,B
3889.0,Science,F
3889.0,History,A
3889.0,English,D
3889.0,Physical Education,A
3890.0,Math,D
3890.0,Science,A
3890.0,History,D
3890.0,English,A
3890.0,Physical Education,F
3891.0,Math,D
3891.0,Science,C
3891.0,History,B
3891.0,English,C
3891.0,Physical Education,F
3892.0,Math,F
3892.0,Science,C
3892.0,History,C
3892.0,English,C
3892.0,Physical Education,C
3893.0,Math,C
3893.0,Science,C
3893.0,History,A
3893.0,English,F
3893.0,Physical Education,B
3894.0,Math,B
3894.0,Science,D
3894.0,History,C
3894.0,English,D
3894.0,Physical Education,B
3895.0,Math,D
3895.0,Science,F
3895.0,History,D
3895.0,English,A
3895.0,Physical Education,A
3896.0,Math,F
3896.0,Science,A
3896.0,History,D
3896.0,English,F
3896.0,Physical Education,D
3897.0,Math,D
3897.0,Science,A
3897.0,History,B
3897.0,English,F
3897.0,Physical Education,D
3898.0,Math,A
3898.0,Science,D
3898.0,History,A
3898.0,English,D
3898.0,Physical Education,C
3899.0,Math,F
3899.0,Science,C
3899.0,History,D
3899.0,English,B
3899.0,Physical Education,D
3900.0,Math,F
3900.0,Science,A
3900.0,History,D
3900.0,English,B
3900.0,Physical Education,D
3901.0,Math,F
3901.0,Science,A
3901.0,History,B
3901.0,English,D
3901.0,Physical Education,D
3902.0,Math,F
3902.0,Science,D
3902.0,History,F
3902.0,English,D
3902.0,Physical Education,B
3903.0,Math,B
3903.0,Science,F
3903.0,History,F
3903.0,English,D
3903.0,Physical Education,A
3904.0,Math,F
3904.0,Science,A
3904.0,History,B
3904.0,English,B
3904.0,Physical Education,B
3905.0,Math,D
3905.0,Science,D
3905.0,History,D
3905.0,English,F
3905.0,Physical Education,A
3906.0,Math,C
3906.0,Science,C
3906.0,History,B
3906.0,English,A
3906.0,Physical Education,D
3907.0,Math,A
3907.0,Science,C
3907.0,History,D
3907.0,English,F
3907.0,Physical Education,B
3908.0,Math,A
3908.0,Science,D
3908.0,History,A
3908.0,English,D
3908.0,Physical Education,F
3909.0,Math,B
3909.0,Science,B
3909.0,History,A
3909.0,English,B
3909.0,Physical Education,F
3910.0,Math,C
3910.0,Science,A
3910.0,History,F
3910.0,English,B
3910.0,Physical Education,B
3911.0,Math,B
3911.0,Science,D
3911.0,History,F
3911.0,English,D
3911.0,Physical Education,A
3912.0,Math,A
3912.0,Science,C
3912.0,History,C
3912.0,English,F
3912.0,Physical Education,F
3913.0,Math,C
3913.0,Science,C
3913.0,History,C
3913.0,English,F
3913.0,Physical Education,F
3914.0,Math,D
3914.0,Science,F
3914.0,History,A
3914.0,English,F
3914.0,Physical Education,F
3915.0,Math,C
3915.0,Science,B
3915.0,History,D
3915.0,English,A
3915.0,Physical Education,A
3916.0,Math,F
3916.0,Science,C
3916.0,History,A
3916.0,English,D
3916.0,Physical Education,C
3917.0,Math,A
3917.0,Science,A
3917.0,History,F
3917.0,English,F
3917.0,Physical Education,C
3918.0,Math,A
3918.0,Science,C
3918.0,History,A
3918.0,English,C
3918.0,Physical Education,F
3919.0,Math,A
3919.0,Science,B
3919.0,History,A
3919.0,English,C
3919.0,Physical Education,F
3920.0,Math,D
3920.0,Science,C
3920.0,History,C
3920.0,English,F
3920.0,Physical Education,C
3921.0,Math,F
3921.0,Science,F
3921.0,History,D
3921.0,English,A
3921.0,Physical Education,A
3922.0,Math,D
3922.0,Science,D
3922.0,History,A
3922.0,English,B
3922.0,Physical Education,C
3923.0,Math,B
3923.0,Science,F
3923.0,History,B
3923.0,English,D
3923.0,Physical Education,F
3924.0,Math,C
3924.0,Science,D
3924.0,History,F
3924.0,English,D
3924.0,Physical Education,B
3925.0,Math,D
3925.0,Science,B
3925.0,History,F
3925.0,English,D
3925.0,Physical Education,D
3926.0,Math,D
3926.0,Science,F
3926.0,History,D
3926.0,English,B
3926.0,Physical Education,F
3927.0,Math,A
3927.0,Science,D
3927.0,History,B
3927.0,English,B
3927.0,Physical Education,A
3928.0,Math,A
3928.0,Science,D
3928.0,History,B
3928.0,English,D
3928.0,Physical Education,C
3929.0,Math,A
3929.0,Science,A
3929.0,History,D
3929.0,English,C
3929.0,Physical Education,C
3930.0,Math,A
3930.0,Science,F
3930.0,History,B
3930.0,English,A
3930.0,Physical Education,B
3931.0,Math,A
3931.0,Science,F
3931.0,History,A
3931.0,English,A
3931.0,Physical Education,F
3932.0,Math,C
3932.0,Science,A
3932.0,History,F
3932.0,English,D
3932.0,Physical Education,B
3933.0,Math,C
3933.0,Science,F
3933.0,History,D
3933.0,English,C
3933.0,Physical Education,A
3934.0,Math,D
3934.0,Science,C
3934.0,History,D
3934.0,English,B
3934.0,Physical Education,C
3935.0,Math,C
3935.0,Science,F
3935.0,History,A
3935.0,English,B
3935.0,Physical Education,B
3936.0,Math,A
3936.0,Science,A
3936.0,History,F
3936.0,English,F
3936.0,Physical Education,D
3937.0,Math,B
3937.0,Science,D
3937.0,History,A
3937.0,English,F
3937.0,Physical Education,F
3938.0,Math,C
3938.0,Science,B
3938.0,History,C
3938.0,English,A
3938.0,Physical Education,D
3939.0,Math,D
3939.0,Science,F
3939.0,History,C
3939.0,English,A
3939.0,Physical Education,D
3940.0,Math,C
3940.0,Science,B
3940.0,History,B
3940.0,English,C
3940.0,Physical Education,C
3941.0,Math,C
3941.0,Science,D
3941.0,History,B
3941.0,English,C
3941.0,Physical Education,C
3942.0,Math,A
3942.0,Science,A
3942.0,History,C
3942.0,English,C
3942.0,Physical Education,F
3943.0,Math,A
3943.0,Science,D
3943.0,History,B
3943.0,English,B
3943.0,Physical Education,C
3944.0,Math,D
3944.0,Science,F
3944.0,History,F
3944.0,English,B
3944.0,Physical Education,A
3945.0,Math,A
3945.0,Science,D
3945.0,History,D
3945.0,English,F
3945.0,Physical Education,F
3946.0,Math,A
3946.0,Science,C
3946.0,History,F
3946.0,English,B
3946.0,Physical Education,F
3947.0,Math,A
3947.0,Science,F
3947.0,History,B
3947.0,English,D
3947.0,Physical Education,F
3948.0,Math,D
3948.0,Science,C
3948.0,History,D
3948.0,English,C
3948.0,Physical Education,D
3949.0,Math,B
3949.0,Science,D
3949.0,History,B
3949.0,English,B
3949.0,Physical Education,A
3950.0,Math,F
3950.0,Science,A
3950.0,History,D
3950.0,English,A
3950.0,Physical Education,B
3951.0,Math,B
3951.0,Science,D
3951.0,History,F
3951.0,English,C
3951.0,Physical Education,C
3952.0,Math,F
3952.0,Science,F
3952.0,History,F
3952.0,English,F
3952.0,Physical Education,F
3953.0,Math,F
3953.0,Science,C
3953.0,History,A
3953.0,English,C
3953.0,Physical Education,C
3954.0,Math,B
3954.0,Science,C
3954.0,History,D
3954.0,English,D
3954.0,Physical Education,C
3955.0,Math,B
3955.0,Science,B
3955.0,History,F
3955.0,English,A
3955.0,Physical Education,B
3956.0,Math,F
3956.0,Science,A
3956.0,History,C
3956.0,English,C
3956.0,Physical Education,F
3957.0,Math,B
3957.0,Science,D
3957.0,History,D
3957.0,English,C
3957.0,Physical Education,B
3958.0,Math,B
3958.0,Science,B
3958.0,History,C
3958.0,English,F
3958.0,Physical Education,C
3959.0,Math,B
3959.0,Science,D
3959.0,History,F
3959.0,English,A
3959.0,Physical Education,A
3960.0,Math,C
3960.0,Science,A
3960.0,History,A
3960.0,English,B
3960.0,Physical Education,D
3961.0,Math,A
3961.0,Science,B
3961.0,History,B
3961.0,English,F
3961.0,Physical Education,B
3962.0,Math,F
3962.0,Science,A
3962.0,History,B
3962.0,English,F
3962.0,Physical Education,D
3963.0,Math,F
3963.0,Science,F
3963.0,History,D
3963.0,English,C
3963.0,Physical Education,A
3964.0,Math,F
3964.0,Science,C
3964.0,History,C
3964.0,English,D
3964.0,Physical Education,D
3965.0,Math,C
3965.0,Science,F
3965.0,History,C
3965.0,English,F
3965.0,Physical Education,B
3966.0,Math,D
3966.0,Science,F
3966.0,History,F
3966.0,English,F
3966.0,Physical Education,C
3967.0,Math,B
3967.0,Science,B
3967.0,History,F
3967.0,English,F
3967.0,Physical Education,F
3968.0,Math,B
3968.0,Science,B
3968.0,History,F
3968.0,English,C
3968.0,Physical Education,C
3969.0,Math,C
3969.0,Science,C
3969.0,History,D
3969.0,English,C
3969.0,Physical Education,D
3970.0,Math,C
3970.0,Science,B
3970.0,History,B
3970.0,English,D
3970.0,Physical Education,B
3971.0,Math,C
3971.0,Science,C
3971.0,History,B
3971.0,English,D
3971.0,Physical Education,C
3972.0,Math,B
3972.0,Science,C
3972.0,History,A
3972.0,English,A
3972.0,Physical Education,C
3973.0,Math,C
3973.0,Science,A
3973.0,History,F
3973.0,English,B
3973.0,Physical Education,F
3974.0,Math,B
3974.0,Science,F
3974.0,History,B
3974.0,English,F
3974.0,Physical Education,B
3975.0,Math,A
3975.0,Science,A
3975.0,History,F
3975.0,English,B
3975.0,Physical Education,D
3976.0,Math,C
3976.0,Science,A
3976.0,History,A
3976.0,English,D
3976.0,Physical Education,D
3977.0,Math,D
3977.0,Science,B
3977.0,History,D
3977.0,English,C
3977.0,Physical Education,B
3978.0,Math,A
3978.0,Science,C
3978.0,History,A
3978.0,English,C
3978.0,Physical Education,C
3979.0,Math,F
3979.0,Science,B
3979.0,History,B
3979.0,English,C
3979.0,Physical Education,C
3980.0,Math,C
3980.0,Science,D
3980.0,History,D
3980.0,English,A
3980.0,Physical Education,D
3981.0,Math,B
3981.0,Science,F
3981.0,History,F
3981.0,English,F
3981.0,Physical Education,D
3982.0,Math,A
3982.0,Science,B
3982.0,History,A
3982.0,English,A
3982.0,Physical Education,C
3983.0,Math,C
3983.0,Science,C
3983.0,History,A
3983.0,English,D
3983.0,Physical Education,A
3984.0,Math,A
3984.0,Science,C
3984.0,History,B
3984.0,English,C
3984.0,Physical Education,D
3985.0,Math,F
3985.0,Science,D
3985.0,History,C
3985.0,English,D
3985.0,Physical Education,F
3986.0,Math,C
3986.0,Science,C
3986.0,History,B
3986.0,English,F
3986.0,Physical Education,D
3987.0,Math,D
3987.0,Science,D
3987.0,History,A
3987.0,English,C
3987.0,Physical Education,F
3988.0,Math,B
3988.0,Science,A
3988.0,History,C
3988.0,English,A
3988.0,Physical Education,B
3989.0,Math,A
3989.0,Science,B
3989.0,History,F
3989.0,English,D
3989.0,Physical Education,B
3990.0,Math,C
3990.0,Science,A
3990.0,History,B
3990.0,English,B
3990.0,Physical Education,F
3991.0,Math,A
3991.0,Science,B
3991.0,History,D
3991.0,English,A
3991.0,Physical Education,C
3992.0,Math,B
3992.0,Science,C
3992.0,History,B
3992.0,English,C
3992.0,Physical Education,C
3993.0,Math,D
3993.0,Science,B
3993.0,History,F
3993.0,English,A
3993.0,Physical Education,D
3994.0,Math,D
3994.0,Science,A
3994.0,History,F
3994.0,English,F
3994.0,Physical Education,C
3995.0,Math,D
3995.0,Science,F
3995.0,History,F
3995.0,English,F
3995.0,Physical Education,C
3996.0,Math,F
3996.0,Science,D
3996.0,History,D
3996.0,English,C
3996.0,Physical Education,F
3997.0,Math,B
3997.0,Science,F
3997.0,History,A
3997.0,English,A
3997.0,Physical Education,A
3998.0,Math,C
3998.0,Science,C
3998.0,History,D
3998.0,English,F
3998.0,Physical Education,A
3999.0,Math,B
3999.0,Science,D
3999.0,History,F
3999.0,English,F
3999.0,Physical Education,A
4000.0,Math,C
4000.0,Science,C
4000.0,History,F
4000.0,English,B
4000.0,Physical Education,D
4001.0,Math,F
4001.0,Science,B
4001.0,History,C
4001.0,English,F
4001.0,Physical Education,F
4002.0,Math,F
4002.0,Science,D
4002.0,History,D
4002.0,English,B
4002.0,Physical Education,F
4003.0,Math,F
4003.0,Science,C
4003.0,History,F
4003.0,English,F
4003.0,Physical Education,A
4004.0,Math,D
4004.0,Science,A
4004.0,History,B
4004.0,English,C
4004.0,Physical Education,F
4005.0,Math,F
4005.0,Science,F
4005.0,History,C
4005.0,English,D
4005.0,Physical Education,A
4006.0,Math,A
4006.0,Science,A
4006.0,History,A
4006.0,English,D
4006.0,Physical Education,A
4007.0,Math,F
4007.0,Science,C
4007.0,History,C
4007.0,English,D
4007.0,Physical Education,B
4008.0,Math,A
4008.0,Science,C
4008.0,History,F
4008.0,English,F
4008.0,Physical Education,F
4009.0,Math,F
4009.0,Science,D
4009.0,History,F
4009.0,English,B
4009.0,Physical Education,F
4010.0,Math,D
4010.0,Science,B
4010.0,History,D
4010.0,English,C
4010.0,Physical Education,C
4011.0,Math,B
4011.0,Science,F
4011.0,History,C
4011.0,English,B
4011.0,Physical Education,C
4012.0,Math,F
4012.0,Science,D
4012.0,History,A
4012.0,English,C
4012.0,Physical Education,A
4013.0,Math,B
4013.0,Science,C
4013.0,History,B
4013.0,English,D
4013.0,Physical Education,C
4014.0,Math,C
4014.0,Science,F
4014.0,History,A
4014.0,English,B
4014.0,Physical Education,A
4015.0,Math,D
4015.0,Science,A
4015.0,History,A
4015.0,English,A
4015.0,Physical Education,B
4016.0,Math,F
4016.0,Science,C
4016.0,History,B
4016.0,English,A
4016.0,Physical Education,F
4017.0,Math,D
4017.0,Science,C
4017.0,History,C
4017.0,English,A
4017.0,Physical Education,D
4018.0,Math,F
4018.0,Science,F
4018.0,History,A
4018.0,English,A
4018.0,Physical Education,A
4019.0,Math,B
4019.0,Science,D
4019.0,History,A
4019.0,English,C
4019.0,Physical Education,F
4020.0,Math,C
4020.0,Science,B
4020.0,History,C
4020.0,English,D
4020.0,Physical Education,D
4021.0,Math,F
4021.0,Science,F
4021.0,History,C
4021.0,English,B
4021.0,Physical Education,C
4022.0,Math,C
4022.0,Science,F
4022.0,History,D
4022.0,English,B
4022.0,Physical Education,A
4023.0,Math,F
4023.0,Science,C
4023.0,History,C
4023.0,English,F
4023.0,Physical Education,C
4024.0,Math,F
4024.0,Science,C
4024.0,History,D
4024.0,English,D
4024.0,Physical Education,B
4025.0,Math,A
4025.0,Science,A
4025.0,History,C
4025.0,English,D
4025.0,Physical Education,D
4026.0,Math,A
4026.0,Science,B
4026.0,History,D
4026.0,English,D
4026.0,Physical Education,D
4027.0,Math,F
4027.0,Science,B
4027.0,History,A
4027.0,English,D
4027.0,Physical Education,A
4028.0,Math,C
4028.0,Science,B
4028.0,History,C
4028.0,English,D
4028.0,Physical Education,D
4029.0,Math,D
4029.0,Science,F
4029.0,History,D
4029.0,English,F
4029.0,Physical Education,A
4030.0,Math,D
4030.0,Science,A
4030.0,History,A
4030.0,English,D
4030.0,Physical Education,A
4031.0,Math,B
4031.0,Science,F
4031.0,History,D
4031.0,English,B
4031.0,Physical Education,D
4032.0,Math,A
4032.0,Science,D
4032.0,History,C
4032.0,English,D
4032.0,Physical Education,C
4033.0,Math,D
4033.0,Science,C
4033.0,History,C
4033.0,English,F
4033.0,Physical Education,A
4034.0,Math,B
4034.0,Science,B
4034.0,History,F
4034.0,English,A
4034.0,Physical Education,B
4035.0,Math,D
4035.0,Science,F
4035.0,History,D
4035.0,English,D
4035.0,Physical Education,C
4036.0,Math,D
4036.0,Science,D
4036.0,History,F
4036.0,English,F
4036.0,Physical Education,A
4037.0,Math,D
4037.0,Science,F
4037.0,History,B
4037.0,English,B
4037.0,Physical Education,D
4038.0,Math,C
4038.0,Science,A
4038.0,History,F
4038.0,English,B
4038.0,Physical Education,A
4039.0,Math,B
4039.0,Science,C
4039.0,History,B
4039.0,English,B
4039.0,Physical Education,F
4040.0,Math,F
4040.0,Science,B
4040.0,History,B
4040.0,English,D
4040.0,Physical Education,A
4041.0,Math,B
4041.0,Science,B
4041.0,History,B
4041.0,English,C
4041.0,Physical Education,A
4042.0,Math,C
4042.0,Science,C
4042.0,History,F
4042.0,English,D
4042.0,Physical Education,C
4043.0,Math,B
4043.0,Science,D
4043.0,History,D
4043.0,English,C
4043.0,Physical Education,F
4044.0,Math,A
4044.0,Science,F
4044.0,History,A
4044.0,English,C
4044.0,Physical Education,C
4045.0,Math,C
4045.0,Science,B
4045.0,History,C
4045.0,English,B
4045.0,Physical Education,C
4046.0,Math,B
4046.0,Science,B
4046.0,History,F
4046.0,English,A
4046.0,Physical Education,D
4047.0,Math,D
4047.0,Science,A
4047.0,History,D
4047.0,English,A
4047.0,Physical Education,B
4048.0,Math,F
4048.0,Science,B
4048.0,History,A
4048.0,English,D
4048.0,Physical Education,D
4049.0,Math,D
4049.0,Science,B
4049.0,History,F
4049.0,English,D
4049.0,Physical Education,C
4050.0,Math,B
4050.0,Science,F
4050.0,History,C
4050.0,English,D
4050.0,Physical Education,C
4051.0,Math,F
4051.0,Science,C
4051.0,History,B
4051.0,English,A
4051.0,Physical Education,F
4052.0,Math,D
4052.0,Science,B
4052.0,History,B
4052.0,English,F
4052.0,Physical Education,A
4053.0,Math,B
4053.0,Science,C
4053.0,History,B
4053.0,English,A
4053.0,Physical Education,C
4054.0,Math,A
4054.0,Science,F
4054.0,History,D
4054.0,English,D
4054.0,Physical Education,B
4055.0,Math,C
4055.0,Science,B
4055.0,History,D
4055.0,English,F
4055.0,Physical Education,D
4056.0,Math,D
4056.0,Science,C
4056.0,History,A
4056.0,English,D
4056.0,Physical Education,A
4057.0,Math,D
4057.0,Science,C
4057.0,History,D
4057.0,English,A
4057.0,Physical Education,A
4058.0,Math,F
4058.0,Science,B
4058.0,History,A
4058.0,English,C
4058.0,Physical Education,A
4059.0,Math,D
4059.0,Science,B
4059.0,History,B
4059.0,English,D
4059.0,Physical Education,A
4060.0,Math,C
4060.0,Science,A
4060.0,History,F
4060.0,English,D
4060.0,Physical Education,B
4061.0,Math,C
4061.0,Science,B
4061.0,History,C
4061.0,English,D
4061.0,Physical Education,C
4062.0,Math,D
4062.0,Science,F
4062.0,History,F
4062.0,English,F
4062.0,Physical Education,B
4063.0,Math,B
4063.0,Science,F
4063.0,History,C
4063.0,English,F
4063.0,Physical Education,A
4064.0,Math,D
4064.0,Science,D
4064.0,History,C
4064.0,English,D
4064.0,Physical Education,F
4065.0,Math,D
4065.0,Science,C
4065.0,History,C
4065.0,English,D
4065.0,Physical Education,D
4066.0,Math,B
4066.0,Science,C
4066.0,History,D
4066.0,English,D
4066.0,Physical Education,C
4067.0,Math,C
4067.0,Science,D
4067.0,History,F
4067.0,English,F
4067.0,Physical Education,A
4068.0,Math,A
4068.0,Science,D
4068.0,History,A
4068.0,English,A
4068.0,Physical Education,D
4069.0,Math,B
4069.0,Science,B
4069.0,History,B
4069.0,English,C
4069.0,Physical Education,C
4070.0,Math,B
4070.0,Science,F
4070.0,History,D
4070.0,English,C
4070.0,Physical Education,C
4071.0,Math,F
4071.0,Science,A
4071.0,History,F
4071.0,English,C
4071.0,Physical Education,C
4072.0,Math,B
4072.0,Science,D
4072.0,History,A
4072.0,English,C
4072.0,Physical Education,A
4073.0,Math,D
4073.0,Science,C
4073.0,History,A
4073.0,English,C
4073.0,Physical Education,F
4074.0,Math,D
4074.0,Science,B
4074.0,History,D
4074.0,English,A
4074.0,Physical Education,F
4075.0,Math,A
4075.0,Science,F
4075.0,History,C
4075.0,English,D
4075.0,Physical Education,D
4076.0,Math,B
4076.0,Science,F
4076.0,History,B
4076.0,English,F
4076.0,Physical Education,F
4077.0,Math,B
4077.0,Science,B
4077.0,History,A
4077.0,English,B
4077.0,Physical Education,D
4078.0,Math,C
4078.0,Science,A
4078.0,History,D
4078.0,English,D
4078.0,Physical Education,B
4079.0,Math,F
4079.0,Science,C
4079.0,History,B
4079.0,English,A
4079.0,Physical Education,F
4080.0,Math,C
4080.0,Science,F
4080.0,History,D
4080.0,English,F
4080.0,Physical Education,F
4081.0,Math,D
4081.0,Science,D
4081.0,History,A
4081.0,English,B
4081.0,Physical Education,A
4082.0,Math,B
4082.0,Science,A
4082.0,History,B
4082.0,English,A
4082.0,Physical Education,D
4083.0,Math,B
4083.0,Science,F
4083.0,History,D
4083.0,English,F
4083.0,Physical Education,D
4084.0,Math,F
4084.0,Science,C
4084.0,History,F
4084.0,English,C
4084.0,Physical Education,A
4085.0,Math,F
4085.0,Science,D
4085.0,History,B
4085.0,English,D
4085.0,Physical Education,A
4086.0,Math,B
4086.0,Science,D
4086.0,History,A
4086.0,English,F
4086.0,Physical Education,F
4087.0,Math,B
4087.0,Science,F
4087.0,History,B
4087.0,English,A
4087.0,Physical Education,B
4088.0,Math,D
4088.0,Science,F
4088.0,History,D
4088.0,English,B
4088.0,Physical Education,B
4089.0,Math,D
4089.0,Science,B
4089.0,History,B
4089.0,English,D
4089.0,Physical Education,A
4090.0,Math,A
4090.0,Science,B
4090.0,History,C
4090.0,English,D
4090.0,Physical Education,B
4091.0,Math,D
4091.0,Science,B
4091.0,History,F
4091.0,English,D
4091.0,Physical Education,A
4092.0,Math,D
4092.0,Science,C
4092.0,History,A
4092.0,English,B
4092.0,Physical Education,B
4093.0,Math,B
4093.0,Science,D
4093.0,History,D
4093.0,English,C
4093.0,Physical Education,C
4094.0,Math,B
4094.0,Science,D
4094.0,History,B
4094.0,English,F
4094.0,Physical Education,D
4095.0,Math,D
4095.0,Science,F
4095.0,History,C
4095.0,English,B
4095.0,Physical Education,F
4096.0,Math,D
4096.0,Science,B
4096.0,History,F
4096.0,English,F
4096.0,Physical Education,F
4097.0,Math,C
4097.0,Science,D
4097.0,History,A
4097.0,English,C
4097.0,Physical Education,B
4098.0,Math,B
4098.0,Science,D
4098.0,History,B
4098.0,English,C
4098.0,Physical Education,F
4099.0,Math,A
4099.0,Science,A
4099.0,History,A
4099.0,English,C
4099.0,Physical Education,B
4100.0,Math,D
4100.0,Science,A
4100.0,History,F
4100.0,English,A
4100.0,Physical Education,C
4101.0,Math,C
4101.0,Science,B
4101.0,History,D
4101.0,English,B
4101.0,Physical Education,D
4102.0,Math,D
4102.0,Science,F
4102.0,History,F
4102.0,English,B
4102.0,Physical Education,F
4103.0,Math,B
4103.0,Science,F
4103.0,History,D
4103.0,English,A
4103.0,Physical Education,D
4104.0,Math,A
4104.0,Science,B
4104.0,History,B
4104.0,English,F
4104.0,Physical Education,D
4105.0,Math,A
4105.0,Science,C
4105.0,History,F
4105.0,English,B
4105.0,Physical Education,B
4106.0,Math,A
4106.0,Science,A
4106.0,History,B
4106.0,English,C
4106.0,Physical Education,A
4107.0,Math,B
4107.0,Science,B
4107.0,History,F
4107.0,English,D
4107.0,Physical Education,D
4108.0,Math,D
4108.0,Science,A
4108.0,History,F
4108.0,English,D
4108.0,Physical Education,B
4109.0,Math,F
4109.0,Science,C
4109.0,History,C
4109.0,English,F
4109.0,Physical Education,F
4110.0,Math,B
4110.0,Science,A
4110.0,History,C
4110.0,English,B
4110.0,Physical Education,B
4111.0,Math,F
4111.0,Science,B
4111.0,History,D
4111.0,English,C
4111.0,Physical Education,A
4112.0,Math,D
4112.0,Science,D
4112.0,History,B
4112.0,English,D
4112.0,Physical Education,A
4113.0,Math,C
4113.0,Science,C
4113.0,History,A
4113.0,English,D
4113.0,Physical Education,B
4114.0,Math,D
4114.0,Science,D
4114.0,History,A
4114.0,English,D
4114.0,Physical Education,F
4115.0,Math,F
4115.0,Science,B
4115.0,History,C
4115.0,English,F
4115.0,Physical Education,B
4116.0,Math,F
4116.0,Science,B
4116.0,History,C
4116.0,English,C
4116.0,Physical Education,B
4117.0,Math,C
4117.0,Science,A
4117.0,History,F
4117.0,English,D
4117.0,Physical Education,C
4118.0,Math,F
4118.0,Science,B
4118.0,History,D
4118.0,English,B
4118.0,Physical Education,D
4119.0,Math,B
4119.0,Science,F
4119.0,History,D
4119.0,English,F
4119.0,Physical Education,A
4120.0,Math,C
4120.0,Science,F
4120.0,History,C
4120.0,English,C
4120.0,Physical Education,A
4121.0,Math,B
4121.0,Science,F
4121.0,History,F
4121.0,English,A
4121.0,Physical Education,D
4122.0,Math,B
4122.0,Science,D
4122.0,History,F
4122.0,English,D
4122.0,Physical Education,D
4123.0,Math,A
4123.0,Science,D
4123.0,History,D
4123.0,English,C
4123.0,Physical Education,B
4124.0,Math,D
4124.0,Science,A
4124.0,History,F
4124.0,English,A
4124.0,Physical Education,D
4125.0,Math,A
4125.0,Science,A
4125.0,History,F
4125.0,English,F
4125.0,Physical Education,D
4126.0,Math,C
4126.0,Science,C
4126.0,History,C
4126.0,English,A
4126.0,Physical Education,C
4127.0,Math,B
4127.0,Science,C
4127.0,History,B
4127.0,English,B
4127.0,Physical Education,D
4128.0,Math,A
4128.0,Science,F
4128.0,History,F
4128.0,English,A
4128.0,Physical Education,C
4129.0,Math,C
4129.0,Science,F
4129.0,History,C
4129.0,English,C
4129.0,Physical Education,F
4130.0,Math,B
4130.0,Science,D
4130.0,History,C
4130.0,English,F
4130.0,Physical Education,A
4131.0,Math,A
4131.0,Science,D
4131.0,History,B
4131.0,English,A
4131.0,Physical Education,B
4132.0,Math,C
4132.0,Science,D
4132.0,History,C
4132.0,English,D
4132.0,Physical Education,B
4133.0,Math,D
4133.0,Science,B
4133.0,History,F
4133.0,English,D
4133.0,Physical Education,A
4134.0,Math,C
4134.0,Science,F
4134.0,History,C
4134.0,English,B
4134.0,Physical Education,F
4135.0,Math,A
4135.0,Science,F
4135.0,History,B
4135.0,English,C
4135.0,Physical Education,F
4136.0,Math,D
4136.0,Science,F
4136.0,History,C
4136.0,English,F
4136.0,Physical Education,D
4137.0,Math,A
4137.0,Science,B
4137.0,History,A
4137.0,English,F
4137.0,Physical Education,F
4138.0,Math,D
4138.0,Science,C
4138.0,History,B
4138.0,English,D
4138.0,Physical Education,A
4139.0,Math,D
4139.0,Science,B
4139.0,History,A
4139.0,English,A
4139.0,Physical Education,C
4140.0,Math,C
4140.0,Science,C
4140.0,History,D
4140.0,English,B
4140.0,Physical Education,F
4141.0,Math,A
4141.0,Science,A
4141.0,History,F
4141.0,English,B
4141.0,Physical Education,B
4142.0,Math,C
4142.0,Science,D
4142.0,History,C
4142.0,English,B
4142.0,Physical Education,D
4143.0,Math,B
4143.0,Science,C
4143.0,History,B
4143.0,English,F
4143.0,Physical Education,C
4144.0,Math,C
4144.0,Science,F
4144.0,History,A
4144.0,English,B
4144.0,Physical Education,D
4145.0,Math,A
4145.0,Science,B
4145.0,History,B
4145.0,English,B
4145.0,Physical Education,F
4146.0,Math,C
4146.0,Science,F
4146.0,History,A
4146.0,English,C
4146.0,Physical Education,D
4147.0,Math,C
4147.0,Science,C
4147.0,History,D
4147.0,English,D
4147.0,Physical Education,B
4148.0,Math,D
4148.0,Science,B
4148.0,History,A
4148.0,English,F
4148.0,Physical Education,D
4149.0,Math,B
4149.0,Science,F
4149.0,History,C
4149.0,English,B
4149.0,Physical Education,B
4150.0,Math,C
4150.0,Science,D
4150.0,History,B
4150.0,English,F
4150.0,Physical Education,D
4151.0,Math,F
4151.0,Science,D
4151.0,History,D
4151.0,English,F
4151.0,Physical Education,C
4152.0,Math,A
4152.0,Science,C
4152.0,History,B
4152.0,English,A
4152.0,Physical Education,A
4153.0,Math,D
4153.0,Science,C
4153.0,History,D
4153.0,English,B
4153.0,Physical Education,C
4154.0,Math,A
4154.0,Science,C
4154.0,History,C
4154.0,English,B
4154.0,Physical Education,F
4155.0,Math,D
4155.0,Science,D
4155.0,History,C
4155.0,English,B
4155.0,Physical Education,A
4156.0,Math,D
4156.0,Science,F
4156.0,History,D
4156.0,English,A
4156.0,Physical Education,C
4157.0,Math,C
4157.0,Science,B
4157.0,History,D
4157.0,English,A
4157.0,Physical Education,F
4158.0,Math,F
4158.0,Science,A
4158.0,History,B
4158.0,English,F
4158.0,Physical Education,C
4159.0,Math,B
4159.0,Science,F
4159.0,History,A
4159.0,English,C
4159.0,Physical Education,F
4160.0,Math,C
4160.0,Science,A
4160.0,History,A
4160.0,English,D
4160.0,Physical Education,A
4161.0,Math,C
4161.0,Science,C
4161.0,History,B
4161.0,English,F
4161.0,Physical Education,C
4162.0,Math,A
4162.0,Science,C
4162.0,History,F
4162.0,English,B
4162.0,Physical Education,C
4163.0,Math,D
4163.0,Science,A
4163.0,History,D
4163.0,English,D
4163.0,Physical Education,C
4164.0,Math,A
4164.0,Science,D
4164.0,History,C
4164.0,English,C
4164.0,Physical Education,A
4165.0,Math,A
4165.0,Science,F
4165.0,History,C
4165.0,English,D
4165.0,Physical Education,D
4166.0,Math,F
4166.0,Science,C
4166.0,History,A
4166.0,English,D
4166.0,Physical Education,B
4167.0,Math,A
4167.0,Science,B
4167.0,History,B
4167.0,English,A
4167.0,Physical Education,F
4168.0,Math,B
4168.0,Science,F
4168.0,History,F
4168.0,English,D
4168.0,Physical Education,D
4169.0,Math,D
4169.0,Science,D
4169.0,History,B
4169.0,English,C
4169.0,Physical Education,F
4170.0,Math,D
4170.0,Science,A
4170.0,History,B
4170.0,English,B
4170.0,Physical Education,F
4171.0,Math,B
4171.0,Science,B
4171.0,History,B
4171.0,English,D
4171.0,Physical Education,B
4172.0,Math,A
4172.0,Science,B
4172.0,History,F
4172.0,English,D
4172.0,Physical Education,C
4173.0,Math,C
4173.0,Science,D
4173.0,History,F
4173.0,English,F
4173.0,Physical Education,A
4174.0,Math,F
4174.0,Science,C
4174.0,History,D
4174.0,English,D
4174.0,Physical Education,A
4175.0,Math,B
4175.0,Science,B
4175.0,History,D
4175.0,English,D
4175.0,Physical Education,D
4176.0,Math,C
4176.0,Science,F
4176.0,History,C
4176.0,English,B
4176.0,Physical Education,D
4177.0,Math,C
4177.0,Science,C
4177.0,History,B
4177.0,English,F
4177.0,Physical Education,A
4178.0,Math,B
4178.0,Science,B
4178.0,History,F
4178.0,English,B
4178.0,Physical Education,A
4179.0,Math,F
4179.0,Science,B
4179.0,History,C
4179.0,English,B
4179.0,Physical Education,B
4180.0,Math,C
4180.0,Science,C
4180.0,History,C
4180.0,English,F
4180.0,Physical Education,D
4181.0,Math,C
4181.0,Science,D
4181.0,History,F
4181.0,English,C
4181.0,Physical Education,A
4182.0,Math,F
4182.0,Science,D
4182.0,History,A
4182.0,English,F
4182.0,Physical Education,D
4183.0,Math,A
4183.0,Science,C
4183.0,History,F
4183.0,English,A
4183.0,Physical Education,F
4184.0,Math,B
4184.0,Science,D
4184.0,History,A
4184.0,English,B
4184.0,Physical Education,F
4185.0,Math,A
4185.0,Science,B
4185.0,History,F
4185.0,English,B
4185.0,Physical Education,C
4186.0,Math,F
4186.0,Science,A
4186.0,History,D
4186.0,English,D
4186.0,Physical Education,F
4187.0,Math,B
4187.0,Science,C
4187.0,History,D
4187.0,English,F
4187.0,Physical Education,A
4188.0,Math,F
4188.0,Science,F
4188.0,History,D
4188.0,English,A
4188.0,Physical Education,D
4189.0,Math,A
4189.0,Science,B
4189.0,History,F
4189.0,English,D
4189.0,Physical Education,C
4190.0,Math,B
4190.0,Science,A
4190.0,History,F
4190.0,English,A
4190.0,Physical Education,F
4191.0,Math,B
4191.0,Science,D
4191.0,History,F
4191.0,English,B
4191.0,Physical Education,A
4192.0,Math,D
4192.0,Science,A
4192.0,History,F
4192.0,English,B
4192.0,Physical Education,B
4193.0,Math,C
4193.0,Science,F
4193.0,History,A
4193.0,English,C
4193.0,Physical Education,B
4194.0,Math,D
4194.0,Science,B
4194.0,History,A
4194.0,English,F
4194.0,Physical Education,C
4195.0,Math,A
4195.0,Science,D
4195.0,History,B
4195.0,English,F
4195.0,Physical Education,C
4196.0,Math,C
4196.0,Science,D
4196.0,History,D
4196.0,English,C
4196.0,Physical Education,A
4197.0,Math,F
4197.0,Science,B
4197.0,History,C
4197.0,English,C
4197.0,Physical Education,F
4198.0,Math,B
4198.0,Science,F
4198.0,History,B
4198.0,English,C
4198.0,Physical Education,B
4199.0,Math,D
4199.0,Science,B
4199.0,History,C
4199.0,English,B
4199.0,Physical Education,D
4200.0,Math,F
4200.0,Science,D
4200.0,History,D
4200.0,English,F
4200.0,Physical Education,B
4201.0,Math,C
4201.0,Science,B
4201.0,History,D
4201.0,English,B
4201.0,Physical Education,F
4202.0,Math,D
4202.0,Science,B
4202.0,History,C
4202.0,English,A
4202.0,Physical Education,B
4203.0,Math,D
4203.0,Science,A
4203.0,History,D
4203.0,English,F
4203.0,Physical Education,A
4204.0,Math,C
4204.0,Science,B
4204.0,History,F
4204.0,English,D
4204.0,Physical Education,F
4205.0,Math,D
4205.0,Science,D
4205.0,History,D
4205.0,English,C
4205.0,Physical Education,A
4206.0,Math,D
4206.0,Science,A
4206.0,History,A
4206.0,English,B
4206.0,Physical Education,F
4207.0,Math,C
4207.0,Science,A
4207.0,History,A
4207.0,English,B
4207.0,Physical Education,A
4208.0,Math,B
4208.0,Science,D
4208.0,History,F
4208.0,English,A
4208.0,Physical Education,C
4209.0,Math,A
4209.0,Science,C
4209.0,History,D
4209.0,English,A
4209.0,Physical Education,B
4210.0,Math,F
4210.0,Science,A
4210.0,History,C
4210.0,English,A
4210.0,Physical Education,B
4211.0,Math,D
4211.0,Science,A
4211.0,History,D
4211.0,English,C
4211.0,Physical Education,F
4212.0,Math,B
4212.0,Science,D
4212.0,History,B
4212.0,English,D
4212.0,Physical Education,B
4213.0,Math,C
4213.0,Science,D
4213.0,History,B
4213.0,English,F
4213.0,Physical Education,D
4214.0,Math,B
4214.0,Science,F
4214.0,History,F
4214.0,English,C
4214.0,Physical Education,F
4215.0,Math,C
4215.0,Science,B
4215.0,History,A
4215.0,English,D
4215.0,Physical Education,F
4216.0,Math,C
4216.0,Science,F
4216.0,History,B
4216.0,English,F
4216.0,Physical Education,D
4217.0,Math,B
4217.0,Science,A
4217.0,History,D
4217.0,English,B
4217.0,Physical Education,F
4218.0,Math,A
4218.0,Science,A
4218.0,History,C
4218.0,English,F
4218.0,Physical Education,D
4219.0,Math,B
4219.0,Science,F
4219.0,History,C
4219.0,English,C
4219.0,Physical Education,C
4220.0,Math,F
4220.0,Science,A
4220.0,History,F
4220.0,English,C
4220.0,Physical Education,C
4221.0,Math,D
4221.0,Science,D
4221.0,History,D
4221.0,English,B
4221.0,Physical Education,A
4222.0,Math,B
4222.0,Science,B
4222.0,History,C
4222.0,English,B
4222.0,Physical Education,B
4223.0,Math,B
4223.0,Science,C
4223.0,History,B
4223.0,English,B
4223.0,Physical Education,C
4224.0,Math,A
4224.0,Science,D
4224.0,History,D
4224.0,English,D
4224.0,Physical Education,D
4225.0,Math,D
4225.0,Science,F
4225.0,History,C
4225.0,English,C
4225.0,Physical Education,C
4226.0,Math,A
4226.0,Science,D
4226.0,History,B
4226.0,English,A
4226.0,Physical Education,A
4227.0,Math,F
4227.0,Science,D
4227.0,History,C
4227.0,English,A
4227.0,Physical Education,C
4228.0,Math,B
4228.0,Science,C
4228.0,History,D
4228.0,English,C
4228.0,Physical Education,D
4229.0,Math,A
4229.0,Science,A
4229.0,History,F
4229.0,English,B
4229.0,Physical Education,F
4230.0,Math,F
4230.0,Science,C
4230.0,History,D
4230.0,English,D
4230.0,Physical Education,A
4231.0,Math,B
4231.0,Science,F
4231.0,History,B
4231.0,English,B
4231.0,Physical Education,C
4232.0,Math,A
4232.0,Science,A
4232.0,History,F
4232.0,English,B
4232.0,Physical Education,F
4233.0,Math,A
4233.0,Science,F
4233.0,History,C
4233.0,English,B
4233.0,Physical Education,D
4234.0,Math,C
4234.0,Science,B
4234.0,History,A
4234.0,English,A
4234.0,Physical Education,B
4235.0,Math,F
4235.0,Science,D
4235.0,History,A
4235.0,English,A
4235.0,Physical Education,A
4236.0,Math,A
4236.0,Science,B
4236.0,History,D
4236.0,English,F
4236.0,Physical Education,C
4237.0,Math,D
4237.0,Science,C
4237.0,History,D
4237.0,English,B
4237.0,Physical Education,A
4238.0,Math,C
4238.0,Science,F
4238.0,History,B
4238.0,English,C
4238.0,Physical Education,F
4239.0,Math,F
4239.0,Science,A
4239.0,History,D
4239.0,English,B
4239.0,Physical Education,B
4240.0,Math,F
4240.0,Science,B
4240.0,History,C
4240.0,English,D
4240.0,Physical Education,C
4241.0,Math,C
4241.0,Science,A
4241.0,History,F
4241.0,English,C
4241.0,Physical Education,C
4242.0,Math,C
4242.0,Science,D
4242.0,History,D
4242.0,English,F
4242.0,Physical Education,A
4243.0,Math,F
4243.0,Science,D
4243.0,History,A
4243.0,English,F
4243.0,Physical Education,C
4244.0,Math,C
4244.0,Science,D
4244.0,History,A
4244.0,English,C
4244.0,Physical Education,B
4245.0,Math,D
4245.0,Science,D
4245.0,History,F
4245.0,English,B
4245.0,Physical Education,B
4246.0,Math,C
4246.0,Science,F
4246.0,History,B
4246.0,English,B
4246.0,Physical Education,F
4247.0,Math,A
4247.0,Science,C
4247.0,History,B
4247.0,English,F
4247.0,Physical Education,D
4248.0,Math,F
4248.0,Science,B
4248.0,History,B
4248.0,English,C
4248.0,Physical Education,F
4249.0,Math,A
4249.0,Science,C
4249.0,History,F
4249.0,English,B
4249.0,Physical Education,F
4250.0,Math,A
4250.0,Science,D
4250.0,History,A
4250.0,English,F
4250.0,Physical Education,F
4251.0,Math,F
4251.0,Science,B
4251.0,History,A
4251.0,English,A
4251.0,Physical Education,B
4252.0,Math,C
4252.0,Science,D
4252.0,History,F
4252.0,English,F
4252.0,Physical Education,B
4253.0,Math,C
4253.0,Science,A
4253.0,History,C
4253.0,English,D
4253.0,Physical Education,A
4254.0,Math,B
4254.0,Science,D
4254.0,History,C
4254.0,English,B
4254.0,Physical Education,C
4255.0,Math,F
4255.0,Science,A
4255.0,History,B
4255.0,English,F
4255.0,Physical Education,C
4256.0,Math,D
4256.0,Science,F
4256.0,History,A
4256.0,English,F
4256.0,Physical Education,F
4257.0,Math,A
4257.0,Science,A
4257.0,History,B
4257.0,English,A
4257.0,Physical Education,F
4258.0,Math,B
4258.0,Science,D
4258.0,History,A
4258.0,English,C
4258.0,Physical Education,A
4259.0,Math,D
4259.0,Science,F
4259.0,History,A
4259.0,English,F
4259.0,Physical Education,B
4260.0,Math,C
4260.0,Science,D
4260.0,History,A
4260.0,English,F
4260.0,Physical Education,D
4261.0,Math,D
4261.0,Science,B
4261.0,History,B
4261.0,English,F
4261.0,Physical Education,B
4262.0,Math,C
4262.0,Science,D
4262.0,History,A
4262.0,English,F
4262.0,Physical Education,B
4263.0,Math,F
4263.0,Science,C
4263.0,History,A
4263.0,English,C
4263.0,Physical Education,B
4264.0,Math,D
4264.0,Science,B
4264.0,History,D
4264.0,English,A
4264.0,Physical Education,C
4265.0,Math,A
4265.0,Science,A
4265.0,History,A
4265.0,English,A
4265.0,Physical Education,B
4266.0,Math,A
4266.0,Science,F
4266.0,History,F
4266.0,English,B
4266.0,Physical Education,A
4267.0,Math,C
4267.0,Science,A
4267.0,History,D
4267.0,English,A
4267.0,Physical Education,C
4268.0,Math,D
4268.0,Science,F
4268.0,History,F
4268.0,English,C
4268.0,Physical Education,B
4269.0,Math,C
4269.0,Science,F
4269.0,History,F
4269.0,English,A
4269.0,Physical Education,F
4270.0,Math,D
4270.0,Science,D
4270.0,History,C
4270.0,English,F
4270.0,Physical Education,A
4271.0,Math,C
4271.0,Science,A
4271.0,History,F
4271.0,English,D
4271.0,Physical Education,A
4272.0,Math,A
4272.0,Science,C
4272.0,History,C
4272.0,English,A
4272.0,Physical Education,A
4273.0,Math,F
4273.0,Science,D
4273.0,History,F
4273.0,English,F
4273.0,Physical Education,D
4274.0,Math,D
4274.0,Science,D
4274.0,History,B
4274.0,English,A
4274.0,Physical Education,B
4275.0,Math,A
4275.0,Science,A
4275.0,History,D
4275.0,English,C
4275.0,Physical Education,A
4276.0,Math,F
4276.0,Science,C
4276.0,History,B
4276.0,English,F
4276.0,Physical Education,B
4277.0,Math,A
4277.0,Science,A
4277.0,History,F
4277.0,English,D
4277.0,Physical Education,C
4278.0,Math,A
4278.0,Science,B
4278.0,History,D
4278.0,English,F
4278.0,Physical Education,F
4279.0,Math,C
4279.0,Science,C
4279.0,History,F
4279.0,English,B
4279.0,Physical Education,A
4280.0,Math,D
4280.0,Science,B
4280.0,History,D
4280.0,English,A
4280.0,Physical Education,B
4281.0,Math,F
4281.0,Science,A
4281.0,History,B
4281.0,English,F
4281.0,Physical Education,C
4282.0,Math,C
4282.0,Science,A
4282.0,History,C
4282.0,English,D
4282.0,Physical Education,C
4283.0,Math,A
4283.0,Science,B
4283.0,History,F
4283.0,English,C
4283.0,Physical Education,C
4284.0,Math,B
4284.0,Science,C
4284.0,History,C
4284.0,English,F
4284.0,Physical Education,F
4285.0,Math,D
4285.0,Science,B
4285.0,History,C
4285.0,English,F
4285.0,Physical Education,C
4286.0,Math,C
4286.0,Science,B
4286.0,History,D
4286.0,English,C
4286.0,Physical Education,B
4287.0,Math,B
4287.0,Science,D
4287.0,History,D
4287.0,English,B
4287.0,Physical Education,B
4288.0,Math,D
4288.0,Science,C
4288.0,History,A
4288.0,English,A
4288.0,Physical Education,D
4289.0,Math,F
4289.0,Science,B
4289.0,History,A
4289.0,English,F
4289.0,Physical Education,C
4290.0,Math,C
4290.0,Science,B
4290.0,History,F
4290.0,English,C
4290.0,Physical Education,C
4291.0,Math,A
4291.0,Science,F
4291.0,History,A
4291.0,English,F
4291.0,Physical Education,D
4292.0,Math,D
4292.0,Science,D
4292.0,History,C
4292.0,English,B
4292.0,Physical Education,A
4293.0,Math,C
4293.0,Science,F
4293.0,History,B
4293.0,English,D
4293.0,Physical Education,D
4294.0,Math,B
4294.0,Science,D
4294.0,History,B
4294.0,English,F
4294.0,Physical Education,D
4295.0,Math,A
4295.0,Science,D
4295.0,History,D
4295.0,English,B
4295.0,Physical Education,C
4296.0,Math,B
4296.0,Science,B
4296.0,History,D
4296.0,English,C
4296.0,Physical Education,D
4297.0,Math,A
4297.0,Science,A
4297.0,History,D
4297.0,English,D
4297.0,Physical Education,C
4298.0,Math,F
4298.0,Science,F
4298.0,History,C
4298.0,English,B
4298.0,Physical Education,A
4299.0,Math,D
4299.0,Science,D
4299.0,History,F
4299.0,English,B
4299.0,Physical Education,B
4300.0,Math,C
4300.0,Science,F
4300.0,History,A
4300.0,English,C
4300.0,Physical Education,D
4301.0,Math,B
4301.0,Science,C
4301.0,History,A
4301.0,English,D
4301.0,Physical Education,F
4302.0,Math,F
4302.0,Science,D
4302.0,History,C
4302.0,English,D
4302.0,Physical Education,C
4303.0,Math,C
4303.0,Science,D
4303.0,History,C
4303.0,English,F
4303.0,Physical Education,A
4304.0,Math,D
4304.0,Science,C
4304.0,History,B
4304.0,English,A
4304.0,Physical Education,C
4305.0,Math,B
4305.0,Science,F
4305.0,History,F
4305.0,English,A
4305.0,Physical Education,D
4306.0,Math,A
4306.0,Science,B
4306.0,History,F
4306.0,English,A
4306.0,Physical Education,B
4307.0,Math,B
4307.0,Science,D
4307.0,History,C
4307.0,English,F
4307.0,Physical Education,B
4308.0,Math,B
4308.0,Science,B
4308.0,History,D
4308.0,English,D
4308.0,Physical Education,F
4309.0,Math,F
4309.0,Science,A
4309.0,History,B
4309.0,English,B
4309.0,Physical Education,B
4310.0,Math,C
4310.0,Science,B
4310.0,History,F
4310.0,English,F
4310.0,Physical Education,A
4311.0,Math,A
4311.0,Science,F
4311.0,History,C
4311.0,English,D
4311.0,Physical Education,D
4312.0,Math,F
4312.0,Science,C
4312.0,History,D
4312.0,English,D
4312.0,Physical Education,F
4313.0,Math,A
4313.0,Science,D
4313.0,History,D
4313.0,English,C
4313.0,Physical Education,D
4314.0,Math,A
4314.0,Science,B
4314.0,History,B
4314.0,English,A
4314.0,Physical Education,F
4315.0,Math,B
4315.0,Science,F
4315.0,History,D
4315.0,English,B
4315.0,Physical Education,F
4316.0,Math,F
4316.0,Science,A
4316.0,History,F
4316.0,English,F
4316.0,Physical Education,D
4317.0,Math,F
4317.0,Science,D
4317.0,History,D
4317.0,English,F
4317.0,Physical Education,A
4318.0,Math,A
4318.0,Science,C
4318.0,History,A
4318.0,English,C
4318.0,Physical Education,C
4319.0,Math,D
4319.0,Science,F
4319.0,History,C
4319.0,English,C
4319.0,Physical Education,F
4320.0,Math,D
4320.0,Science,F
4320.0,History,D
4320.0,English,C
4320.0,Physical Education,F
4321.0,Math,F
4321.0,Science,D
4321.0,History,A
4321.0,English,C
4321.0,Physical Education,A
4322.0,Math,C
4322.0,Science,C
4322.0,History,D
4322.0,English,C
4322.0,Physical Education,D
4323.0,Math,D
4323.0,Science,C
4323.0,History,F
4323.0,English,D
4323.0,Physical Education,F
4324.0,Math,D
4324.0,Science,D
4324.0,History,C
4324.0,English,C
4324.0,Physical Education,C
4325.0,Math,D
4325.0,Science,C
4325.0,History,F
4325.0,English,D
4325.0,Physical Education,B
4326.0,Math,B
4326.0,Science,D
4326.0,History,A
4326.0,English,C
4326.0,Physical Education,B
4327.0,Math,D
4327.0,Science,A
4327.0,History,B
4327.0,English,C
4327.0,Physical Education,B
4328.0,Math,B
4328.0,Science,B
4328.0,History,F
4328.0,English,F
4328.0,Physical Education,A
4329.0,Math,B
4329.0,Science,B
4329.0,History,B
4329.0,English,F
4329.0,Physical Education,D
4330.0,Math,F
4330.0,Science,A
4330.0,History,A
4330.0,English,B
4330.0,Physical Education,A
4331.0,Math,D
4331.0,Science,F
4331.0,History,D
4331.0,English,F
4331.0,Physical Education,A
4332.0,Math,C
4332.0,Science,A
4332.0,History,D
4332.0,English,B
4332.0,Physical Education,A
4333.0,Math,A
4333.0,Science,B
4333.0,History,C
4333.0,English,F
4333.0,Physical Education,C
4334.0,Math,A
4334.0,Science,F
4334.0,History,F
4334.0,English,A
4334.0,Physical Education,D
4335.0,Math,C
4335.0,Science,F
4335.0,History,C
4335.0,English,D
4335.0,Physical Education,C
4336.0,Math,C
4336.0,Science,F
4336.0,History,C
4336.0,English,D
4336.0,Physical Education,F
4337.0,Math,C
4337.0,Science,A
4337.0,History,F
4337.0,English,A
4337.0,Physical Education,C
4338.0,Math,A
4338.0,Science,A
4338.0,History,C
4338.0,English,F
4338.0,Physical Education,A
4339.0,Math,C
4339.0,Science,F
4339.0,History,D
4339.0,English,D
4339.0,Physical Education,A
4340.0,Math,D
4340.0,Science,B
4340.0,History,B
4340.0,English,D
4340.0,Physical Education,C
4341.0,Math,F
4341.0,Science,A
4341.0,History,F
4341.0,English,D
4341.0,Physical Education,D
4342.0,Math,A
4342.0,Science,F
4342.0,History,C
4342.0,English,B
4342.0,Physical Education,D
4343.0,Math,A
4343.0,Science,A
4343.0,History,A
4343.0,English,F
4343.0,Physical Education,A
4344.0,Math,F
4344.0,Science,A
4344.0,History,A
4344.0,English,F
4344.0,Physical Education,B
4345.0,Math,D
4345.0,Science,A
4345.0,History,F
4345.0,English,F
4345.0,Physical Education,C
4346.0,Math,A
4346.0,Science,D
4346.0,History,F
4346.0,English,F
4346.0,Physical Education,F
4347.0,Math,F
4347.0,Science,F
4347.0,History,B
4347.0,English,A
4347.0,Physical Education,D
4348.0,Math,B
4348.0,Science,D
4348.0,History,B
4348.0,English,A
4348.0,Physical Education,D
4349.0,Math,B
4349.0,Science,F
4349.0,History,A
4349.0,English,B
4349.0,Physical Education,D
4350.0,Math,C
4350.0,Science,F
4350.0,History,C
4350.0,English,C
4350.0,Physical Education,C
4351.0,Math,A
4351.0,Science,F
4351.0,History,F
4351.0,English,D
4351.0,Physical Education,D
4352.0,Math,C
4352.0,Science,C
4352.0,History,C
4352.0,English,C
4352.0,Physical Education,A
4353.0,Math,B
4353.0,Science,A
4353.0,History,A
4353.0,English,B
4353.0,Physical Education,D
4354.0,Math,B
4354.0,Science,D
4354.0,History,D
4354.0,English,A
4354.0,Physical Education,F
4355.0,Math,F
4355.0,Science,B
4355.0,History,F
4355.0,English,B
4355.0,Physical Education,F
4356.0,Math,C
4356.0,Science,D
4356.0,History,A
4356.0,English,C
4356.0,Physical Education,B
4357.0,Math,A
4357.0,Science,F
4357.0,History,A
4357.0,English,C
4357.0,Physical Education,C
4358.0,Math,C
4358.0,Science,D
4358.0,History,C
4358.0,English,F
4358.0,Physical Education,D
4359.0,Math,C
4359.0,Science,B
4359.0,History,C
4359.0,English,F
4359.0,Physical Education,A
4360.0,Math,B
4360.0,Science,D
4360.0,History,C
4360.0,English,B
4360.0,Physical Education,F
4361.0,Math,B
4361.0,Science,C
4361.0,History,B
4361.0,English,F
4361.0,Physical Education,A
4362.0,Math,F
4362.0,Science,D
4362.0,History,F
4362.0,English,F
4362.0,Physical Education,D
4363.0,Math,B
4363.0,Science,A
4363.0,History,B
4363.0,English,F
4363.0,Physical Education,F
4364.0,Math,F
4364.0,Science,C
4364.0,History,F
4364.0,English,C
4364.0,Physical Education,C
4365.0,Math,A
4365.0,Science,F
4365.0,History,A
4365.0,English,A
4365.0,Physical Education,F
4366.0,Math,B
4366.0,Science,A
4366.0,History,C
4366.0,English,C
4366.0,Physical Education,D
4367.0,Math,A
4367.0,Science,A
4367.0,History,C
4367.0,English,A
4367.0,Physical Education,F
4368.0,Math,D
4368.0,Science,D
4368.0,History,A
4368.0,English,A
4368.0,Physical Education,D
4369.0,Math,F
4369.0,Science,F
4369.0,History,A
4369.0,English,F
4369.0,Physical Education,B
4370.0,Math,D
4370.0,Science,D
4370.0,History,F
4370.0,English,F
4370.0,Physical Education,F
4371.0,Math,D
4371.0,Science,B
4371.0,History,F
4371.0,English,B
4371.0,Physical Education,F
4372.0,Math,C
4372.0,Science,F
4372.0,History,A
4372.0,English,B
4372.0,Physical Education,F
4373.0,Math,F
4373.0,Science,F
4373.0,History,F
4373.0,English,A
4373.0,Physical Education,D
4374.0,Math,C
4374.0,Science,C
4374.0,History,A
4374.0,English,D
4374.0,Physical Education,B
4375.0,Math,D
4375.0,Science,C
4375.0,History,A
4375.0,English,B
4375.0,Physical Education,C
4376.0,Math,B
4376.0,Science,A
4376.0,History,A
4376.0,English,A
4376.0,Physical Education,C
4377.0,Math,F
4377.0,Science,F
4377.0,History,D
4377.0,English,B
4377.0,Physical Education,B
4378.0,Math,B
4378.0,Science,B
4378.0,History,C
4378.0,English,D
4378.0,Physical Education,B
4379.0,Math,F
4379.0,Science,B
4379.0,History,B
4379.0,English,F
4379.0,Physical Education,B
4380.0,Math,D
4380.0,Science,A
4380.0,History,C
4380.0,English,C
4380.0,Physical Education,F
4381.0,Math,A
4381.0,Science,D
4381.0,History,D
4381.0,English,F
4381.0,Physical Education,C
4382.0,Math,B
4382.0,Science,B
4382.0,History,F
4382.0,English,C
4382.0,Physical Education,A
4383.0,Math,C
4383.0,Science,D
4383.0,History,D
4383.0,English,D
4383.0,Physical Education,A
4384.0,Math,D
4384.0,Science,B
4384.0,History,A
4384.0,English,C
4384.0,Physical Education,C
4385.0,Math,D
4385.0,Science,A
4385.0,History,D
4385.0,English,A
4385.0,Physical Education,C
4386.0,Math,F
4386.0,Science,D
4386.0,History,D
4386.0,English,D
4386.0,Physical Education,F
4387.0,Math,D
4387.0,Science,A
4387.0,History,A
4387.0,English,D
4387.0,Physical Education,A
4388.0,Math,F
4388.0,Science,D
4388.0,History,B
4388.0,English,D
4388.0,Physical Education,B
4389.0,Math,F
4389.0,Science,F
4389.0,History,C
4389.0,English,F
4389.0,Physical Education,C
4390.0,Math,F
4390.0,Science,F
4390.0,History,A
4390.0,English,A
4390.0,Physical Education,B
4391.0,Math,F
4391.0,Science,C
4391.0,History,C
4391.0,English,B
4391.0,Physical Education,D
4392.0,Math,C
4392.0,Science,C
4392.0,History,D
4392.0,English,A
4392.0,Physical Education,F
4393.0,Math,D
4393.0,Science,C
4393.0,History,C
4393.0,English,B
4393.0,Physical Education,A
4394.0,Math,D
4394.0,Science,F
4394.0,History,A
4394.0,English,A
4394.0,Physical Education,C
4395.0,Math,A
4395.0,Science,A
4395.0,History,F
4395.0,English,B
4395.0,Physical Education,B
4396.0,Math,B
4396.0,Science,C
4396.0,History,D
4396.0,English,C
4396.0,Physical Education,D
4397.0,Math,B
4397.0,Science,F
4397.0,History,B
4397.0,English,C
4397.0,Physical Education,B
4398.0,Math,B
4398.0,Science,D
4398.0,History,D
4398.0,English,B
4398.0,Physical Education,A
4399.0,Math,A
4399.0,Science,F
4399.0,History,D
4399.0,English,B
4399.0,Physical Education,C
4400.0,Math,F
4400.0,Science,B
4400.0,History,C
4400.0,English,C
4400.0,Physical Education,A
4401.0,Math,C
4401.0,Science,D
4401.0,History,D
4401.0,English,F
4401.0,Physical Education,B
4402.0,Math,B
4402.0,Science,B
4402.0,History,B
4402.0,English,F
4402.0,Physical Education,D
4403.0,Math,C
4403.0,Science,A
4403.0,History,A
4403.0,English,C
4403.0,Physical Education,B
4404.0,Math,A
4404.0,Science,B
4404.0,History,A
4404.0,English,C
4404.0,Physical Education,D
4405.0,Math,A
4405.0,Science,A
4405.0,History,A
4405.0,English,D
4405.0,Physical Education,F
4406.0,Math,B
4406.0,Science,B
4406.0,History,C
4406.0,English,D
4406.0,Physical Education,F
4407.0,Math,D
4407.0,Science,C
4407.0,History,D
4407.0,English,A
4407.0,Physical Education,C
4408.0,Math,C
4408.0,Science,D
4408.0,History,B
4408.0,English,C
4408.0,Physical Education,D
4409.0,Math,A
4409.0,Science,B
4409.0,History,F
4409.0,English,A
4409.0,Physical Education,D
4410.0,Math,C
4410.0,Science,B
4410.0,History,A
4410.0,English,B
4410.0,Physical Education,C
4411.0,Math,B
4411.0,Science,B
4411.0,History,C
4411.0,English,B
4411.0,Physical Education,D
4412.0,Math,C
4412.0,Science,A
4412.0,History,B
4412.0,English,B
4412.0,Physical Education,F
4413.0,Math,F
4413.0,Science,C
4413.0,History,C
4413.0,English,B
4413.0,Physical Education,D
4414.0,Math,A
4414.0,Science,C
4414.0,History,A
4414.0,English,F
4414.0,Physical Education,F
4415.0,Math,F
4415.0,Science,D
4415.0,History,F
4415.0,English,F
4415.0,Physical Education,D
4416.0,Math,D
4416.0,Science,F
4416.0,History,C
4416.0,English,A
4416.0,Physical Education,D
4417.0,Math,B
4417.0,Science,F
4417.0,History,C
4417.0,English,F
4417.0,Physical Education,B
4418.0,Math,C
4418.0,Science,F
4418.0,History,F
4418.0,English,A
4418.0,Physical Education,A
4419.0,Math,D
4419.0,Science,F
4419.0,History,C
4419.0,English,B
4419.0,Physical Education,A
4420.0,Math,A
4420.0,Science,D
4420.0,History,D
4420.0,English,C
4420.0,Physical Education,D
4421.0,Math,D
4421.0,Science,B
4421.0,History,F
4421.0,English,C
4421.0,Physical Education,C
4422.0,Math,A
4422.0,Science,B
4422.0,History,D
4422.0,English,D
4422.0,Physical Education,F
4423.0,Math,D
4423.0,Science,C
4423.0,History,C
4423.0,English,F
4423.0,Physical Education,C
4424.0,Math,F
4424.0,Science,F
4424.0,History,A
4424.0,English,D
4424.0,Physical Education,F
4425.0,Math,A
4425.0,Science,D
4425.0,History,D
4425.0,English,D
4425.0,Physical Education,A
4426.0,Math,B
4426.0,Science,D
4426.0,History,B
4426.0,English,F
4426.0,Physical Education,B
4427.0,Math,C
4427.0,Science,B
4427.0,History,F
4427.0,English,D
4427.0,Physical Education,D
4428.0,Math,A
4428.0,Science,D
4428.0,History,B
4428.0,English,B
4428.0,Physical Education,A
4429.0,Math,C
4429.0,Science,D
4429.0,History,C
4429.0,English,C
4429.0,Physical Education,F
4430.0,Math,F
4430.0,Science,A
4430.0,History,C
4430.0,English,A
4430.0,Physical Education,D
4431.0,Math,D
4431.0,Science,B
4431.0,History,F
4431.0,English,F
4431.0,Physical Education,A
4432.0,Math,F
4432.0,Science,F
4432.0,History,A
4432.0,English,F
4432.0,Physical Education,A
4433.0,Math,A
4433.0,Science,A
4433.0,History,F
4433.0,English,A
4433.0,Physical Education,A
4434.0,Math,F
4434.0,Science,F
4434.0,History,D
4434.0,English,B
4434.0,Physical Education,C
4435.0,Math,D
4435.0,Science,D
4435.0,History,B
4435.0,English,A
4435.0,Physical Education,C
4436.0,Math,A
4436.0,Science,A
4436.0,History,D
4436.0,English,D
4436.0,Physical Education,A
4437.0,Math,B
4437.0,Science,F
4437.0,History,F
4437.0,English,A
4437.0,Physical Education,F
4438.0,Math,B
4438.0,Science,D
4438.0,History,A
4438.0,English,A
4438.0,Physical Education,A
4439.0,Math,F
4439.0,Science,C
4439.0,History,A
4439.0,English,B
4439.0,Physical Education,F
4440.0,Math,F
4440.0,Science,F
4440.0,History,A
4440.0,English,D
4440.0,Physical Education,C
4441.0,Math,B
4441.0,Science,C
4441.0,History,D
4441.0,English,C
4441.0,Physical Education,A
4442.0,Math,D
4442.0,Science,D
4442.0,History,F
4442.0,English,A
4442.0,Physical Education,C
4443.0,Math,F
4443.0,Science,C
4443.0,History,D
4443.0,English,A
4443.0,Physical Education,F
4444.0,Math,A
4444.0,Science,F
4444.0,History,A
4444.0,English,C
4444.0,Physical Education,B
4445.0,Math,C
4445.0,Science,C
4445.0,History,B
4445.0,English,D
4445.0,Physical Education,C
4446.0,Math,F
4446.0,Science,D
4446.0,History,F
4446.0,English,D
4446.0,Physical Education,D
4447.0,Math,A
4447.0,Science,A
4447.0,History,B
4447.0,English,F
4447.0,Physical Education,C
4448.0,Math,A
4448.0,Science,A
4448.0,History,B
4448.0,English,C
4448.0,Physical Education,D
4449.0,Math,F
4449.0,Science,B
4449.0,History,A
4449.0,English,C
4449.0,Physical Education,A
4450.0,Math,D
4450.0,Science,C
4450.0,History,D
4450.0,English,A
4450.0,Physical Education,C
4451.0,Math,C
4451.0,Science,F
4451.0,History,C
4451.0,English,A
4451.0,Physical Education,C
4452.0,Math,D
4452.0,Science,D
4452.0,History,B
4452.0,English,B
4452.0,Physical Education,A
4453.0,Math,B
4453.0,Science,A
4453.0,History,D
4453.0,English,C
4453.0,Physical Education,C
4454.0,Math,D
4454.0,Science,D
4454.0,History,D
4454.0,English,B
4454.0,Physical Education,F
4455.0,Math,B
4455.0,Science,F
4455.0,History,B
4455.0,English,B
4455.0,Physical Education,F
4456.0,Math,F
4456.0,Science,A
4456.0,History,F
4456.0,English,A
4456.0,Physical Education,D
4457.0,Math,C
4457.0,Science,C
4457.0,History,D
4457.0,English,F
4457.0,Physical Education,F
4458.0,Math,C
4458.0,Science,F
4458.0,History,A
4458.0,English,B
4458.0,Physical Education,F
4459.0,Math,D
4459.0,Science,C
4459.0,History,D
4459.0,English,A
4459.0,Physical Education,F
4460.0,Math,A
4460.0,Science,D
4460.0,History,C
4460.0,English,D
4460.0,Physical Education,A
4461.0,Math,B
4461.0,Science,C
4461.0,History,F
4461.0,English,D
4461.0,Physical Education,F
4462.0,Math,F
4462.0,Science,A
4462.0,History,C
4462.0,English,F
4462.0,Physical Education,A
4463.0,Math,F
4463.0,Science,C
4463.0,History,C
4463.0,English,D
4463.0,Physical Education,B
4464.0,Math,F
4464.0,Science,D
4464.0,History,B
4464.0,English,C
4464.0,Physical Education,C
4465.0,Math,F
4465.0,Science,B
4465.0,History,F
4465.0,English,F
4465.0,Physical Education,D
4466.0,Math,A
4466.0,Science,F
4466.0,History,B
4466.0,English,A
4466.0,Physical Education,C
4467.0,Math,D
4467.0,Science,B
4467.0,History,F
4467.0,English,B
4467.0,Physical Education,F
4468.0,Math,C
4468.0,Science,C
4468.0,History,D
4468.0,English,F
4468.0,Physical Education,A
4469.0,Math,C
4469.0,Science,A
4469.0,History,F
4469.0,English,D
4469.0,Physical Education,B
4470.0,Math,F
4470.0,Science,F
4470.0,History,C
4470.0,English,D
4470.0,Physical Education,C
4471.0,Math,F
4471.0,Science,D
4471.0,History,F
4471.0,English,A
4471.0,Physical Education,C
4472.0,Math,A
4472.0,Science,A
4472.0,History,F
4472.0,English,B
4472.0,Physical Education,A
4473.0,Math,B
4473.0,Science,C
4473.0,History,D
4473.0,English,C
4473.0,Physical Education,A
4474.0,Math,B
4474.0,Science,F
4474.0,History,B
4474.0,English,C
4474.0,Physical Education,F
4475.0,Math,F
4475.0,Science,F
4475.0,History,A
4475.0,English,A
4475.0,Physical Education,C
4476.0,Math,D
4476.0,Science,F
4476.0,History,A
4476.0,English,D
4476.0,Physical Education,B
4477.0,Math,A
4477.0,Science,D
4477.0,History,A
4477.0,English,D
4477.0,Physical Education,A
4478.0,Math,F
4478.0,Science,D
4478.0,History,C
4478.0,English,D
4478.0,Physical Education,F
4479.0,Math,B
4479.0,Science,B
4479.0,History,D
4479.0,English,D
4479.0,Physical Education,F
4480.0,Math,A
4480.0,Science,A
4480.0,History,D
4480.0,English,D
4480.0,Physical Education,F
4481.0,Math,B
4481.0,Science,F
4481.0,History,C
4481.0,English,F
4481.0,Physical Education,D
4482.0,Math,B
4482.0,Science,C
4482.0,History,C
4482.0,English,F
4482.0,Physical Education,D
4483.0,Math,C
4483.0,Science,B
4483.0,History,F
4483.0,English,B
4483.0,Physical Education,C
4484.0,Math,B
4484.0,Science,D
4484.0,History,F
4484.0,English,B
4484.0,Physical Education,B
4485.0,Math,F
4485.0,Science,F
4485.0,History,F
4485.0,English,F
4485.0,Physical Education,F
4486.0,Math,F
4486.0,Science,D
4486.0,History,F
4486.0,English,C
4486.0,Physical Education,C
4487.0,Math,D
4487.0,Science,B
4487.0,History,A
4487.0,English,B
4487.0,Physical Education,C
4488.0,Math,B
4488.0,Science,F
4488.0,History,A
4488.0,English,F
4488.0,Physical Education,D
4489.0,Math,C
4489.0,Science,C
4489.0,History,C
4489.0,English,A
4489.0,Physical Education,D
4490.0,Math,B
4490.0,Science,B
4490.0,History,F
4490.0,English,F
4490.0,Physical Education,F
4491.0,Math,A
4491.0,Science,D
4491.0,History,D
4491.0,English,A
4491.0,Physical Education,F
4492.0,Math,C
4492.0,Science,D
4492.0,History,B
4492.0,English,A
4492.0,Physical Education,A
4493.0,Math,D
4493.0,Science,F
4493.0,History,F
4493.0,English,F
4493.0,Physical Education,D
4494.0,Math,A
4494.0,Science,C
4494.0,History,D
4494.0,English,A
4494.0,Physical Education,F
4495.0,Math,B
4495.0,Science,A
4495.0,History,D
4495.0,English,F
4495.0,Physical Education,A
4496.0,Math,C
4496.0,Science,C
4496.0,History,B
4496.0,English,D
4496.0,Physical Education,D
4497.0,Math,B
4497.0,Science,D
4497.0,History,C
4497.0,English,A
4497.0,Physical Education,A
4498.0,Math,C
4498.0,Science,C
4498.0,History,B
4498.0,English,C
4498.0,Physical Education,D
4499.0,Math,D
4499.0,Science,F
4499.0,History,A
4499.0,English,B
4499.0,Physical Education,A
4500.0,Math,D
4500.0,Science,B
4500.0,History,A
4500.0,English,C
4500.0,Physical Education,A
4501.0,Math,D
4501.0,Science,F
4501.0,History,F
4501.0,English,C
4501.0,Physical Education,A
4502.0,Math,F
4502.0,Science,D
4502.0,History,B
4502.0,English,B
4502.0,Physical Education,A
4503.0,Math,A
4503.0,Science,F
4503.0,History,D
4503.0,English,F
4503.0,Physical Education,A
4504.0,Math,B
4504.0,Science,F
4504.0,History,D
4504.0,English,B
4504.0,Physical Education,B
4505.0,Math,D
4505.0,Science,F
4505.0,History,F
4505.0,English,B
4505.0,Physical Education,A
4506.0,Math,A
4506.0,Science,F
4506.0,History,F
4506.0,English,D
4506.0,Physical Education,F
4507.0,Math,A
4507.0,Science,F
4507.0,History,A
4507.0,English,C
4507.0,Physical Education,F
4508.0,Math,B
4508.0,Science,F
4508.0,History,C
4508.0,English,B
4508.0,Physical Education,A
4509.0,Math,C
4509.0,Science,C
4509.0,History,A
4509.0,English,C
4509.0,Physical Education,F
4510.0,Math,C
4510.0,Science,F
4510.0,History,D
4510.0,English,A
4510.0,Physical Education,A
4511.0,Math,A
4511.0,Science,C
4511.0,History,F
4511.0,English,D
4511.0,Physical Education,C
4512.0,Math,F
4512.0,Science,F
4512.0,History,B
4512.0,English,A
4512.0,Physical Education,F
4513.0,Math,C
4513.0,Science,D
4513.0,History,C
4513.0,English,C
4513.0,Physical Education,A
4514.0,Math,F
4514.0,Science,F
4514.0,History,A
4514.0,English,C
4514.0,Physical Education,D
4515.0,Math,B
4515.0,Science,B
4515.0,History,C
4515.0,English,B
4515.0,Physical Education,B
4516.0,Math,C
4516.0,Science,A
4516.0,History,D
4516.0,English,C
4516.0,Physical Education,A
4517.0,Math,F
4517.0,Science,D
4517.0,History,F
4517.0,English,D
4517.0,Physical Education,B
4518.0,Math,F
4518.0,Science,D
4518.0,History,C
4518.0,English,B
4518.0,Physical Education,C
4519.0,Math,C
4519.0,Science,A
4519.0,History,C
4519.0,English,A
4519.0,Physical Education,B
4520.0,Math,D
4520.0,Science,B
4520.0,History,A
4520.0,English,F
4520.0,Physical Education,D
4521.0,Math,C
4521.0,Science,C
4521.0,History,B
4521.0,English,D
4521.0,Physical Education,A
4522.0,Math,C
4522.0,Science,B
4522.0,History,F
4522.0,English,C
4522.0,Physical Education,B
4523.0,Math,B
4523.0,Science,A
4523.0,History,D
4523.0,English,F
4523.0,Physical Education,F
4524.0,Math,B
4524.0,Science,A
4524.0,History,F
4524.0,English,F
4524.0,Physical Education,F
4525.0,Math,D
4525.0,Science,B
4525.0,History,F
4525.0,English,D
4525.0,Physical Education,D
4526.0,Math,C
4526.0,Science,A
4526.0,History,C
4526.0,English,A
4526.0,Physical Education,F
4527.0,Math,A
4527.0,Science,F
4527.0,History,D
4527.0,English,B
4527.0,Physical Education,B
4528.0,Math,A
4528.0,Science,D
4528.0,History,F
4528.0,English,C
4528.0,Physical Education,C
4529.0,Math,C
4529.0,Science,D
4529.0,History,B
4529.0,English,D
4529.0,Physical Education,C
4530.0,Math,F
4530.0,Science,C
4530.0,History,D
4530.0,English,F
4530.0,Physical Education,F
4531.0,Math,A
4531.0,Science,C
4531.0,History,C
4531.0,English,D
4531.0,Physical Education,D
4532.0,Math,B
4532.0,Science,A
4532.0,History,B
4532.0,English,B
4532.0,Physical Education,F
4533.0,Math,F
4533.0,Science,F
4533.0,History,B
4533.0,English,C
4533.0,Physical Education,C
4534.0,Math,B
4534.0,Science,A
4534.0,History,F
4534.0,English,C
4534.0,Physical Education,D
4535.0,Math,A
4535.0,Science,D
4535.0,History,C
4535.0,English,D
4535.0,Physical Education,B
4536.0,Math,B
4536.0,Science,A
4536.0,History,C
4536.0,English,A
4536.0,Physical Education,B
4537.0,Math,A
4537.0,Science,C
4537.0,History,D
4537.0,English,A
4537.0,Physical Education,A
4538.0,Math,A
4538.0,Science,B
4538.0,History,D
4538.0,English,F
4538.0,Physical Education,C
4539.0,Math,F
4539.0,Science,D
4539.0,History,B
4539.0,English,D
4539.0,Physical Education,B
4540.0,Math,C
4540.0,Science,A
4540.0,History,C
4540.0,English,C
4540.0,Physical Education,A
4541.0,Math,D
4541.0,Science,A
4541.0,History,B
4541.0,English,A
4541.0,Physical Education,C
4542.0,Math,B
4542.0,Science,F
4542.0,History,D
4542.0,English,A
4542.0,Physical Education,B
4543.0,Math,F
4543.0,Science,C
4543.0,History,A
4543.0,English,B
4543.0,Physical Education,C
4544.0,Math,F
4544.0,Science,A
4544.0,History,B
4544.0,English,D
4544.0,Physical Education,B
4545.0,Math,F
4545.0,Science,D
4545.0,History,C
4545.0,English,D
4545.0,Physical Education,A
4546.0,Math,A
4546.0,Science,F
4546.0,History,A
4546.0,English,A
4546.0,Physical Education,A
4547.0,Math,F
4547.0,Science,B
4547.0,History,B
4547.0,English,D
4547.0,Physical Education,D
4548.0,Math,A
4548.0,Science,C
4548.0,History,F
4548.0,English,F
4548.0,Physical Education,B
4549.0,Math,F
4549.0,Science,A
4549.0,History,D
4549.0,English,C
4549.0,Physical Education,C
4550.0,Math,B
4550.0,Science,B
4550.0,History,D
4550.0,English,D
4550.0,Physical Education,D
4551.0,Math,C
4551.0,Science,F
4551.0,History,C
4551.0,English,D
4551.0,Physical Education,A
4552.0,Math,D
4552.0,Science,C
4552.0,History,B
4552.0,English,B
4552.0,Physical Education,F
4553.0,Math,C
4553.0,Science,F
4553.0,History,C
4553.0,English,B
4553.0,Physical Education,A
4554.0,Math,A
4554.0,Science,D
4554.0,History,C
4554.0,English,C
4554.0,Physical Education,F
4555.0,Math,C
4555.0,Science,C
4555.0,History,C
4555.0,English,C
4555.0,Physical Education,A
4556.0,Math,D
4556.0,Science,C
4556.0,History,A
4556.0,English,A
4556.0,Physical Education,B
4557.0,Math,B
4557.0,Science,D
4557.0,History,D
4557.0,English,D
4557.0,Physical Education,C
4558.0,Math,A
4558.0,Science,F
4558.0,History,D
4558.0,English,F
4558.0,Physical Education,B
4559.0,Math,A
4559.0,Science,F
4559.0,History,D
4559.0,English,C
4559.0,Physical Education,A
4560.0,Math,B
4560.0,Science,C
4560.0,History,A
4560.0,English,B
4560.0,Physical Education,B
4561.0,Math,F
4561.0,Science,F
4561.0,History,F
4561.0,English,C
4561.0,Physical Education,F
4562.0,Math,C
4562.0,Science,F
4562.0,History,B
4562.0,English,F
4562.0,Physical Education,D
4563.0,Math,F
4563.0,Science,B
4563.0,History,A
4563.0,English,A
4563.0,Physical Education,B
4564.0,Math,D
4564.0,Science,C
4564.0,History,B
4564.0,English,F
4564.0,Physical Education,D
4565.0,Math,D
4565.0,Science,C
4565.0,History,A
4565.0,English,F
4565.0,Physical Education,F
4566.0,Math,B
4566.0,Science,F
4566.0,History,B
4566.0,English,D
4566.0,Physical Education,F
4567.0,Math,D
4567.0,Science,B
4567.0,History,B
4567.0,English,C
4567.0,Physical Education,C
4568.0,Math,A
4568.0,Science,D
4568.0,History,B
4568.0,English,A
4568.0,Physical Education,D
4569.0,Math,F
4569.0,Science,C
4569.0,History,A
4569.0,English,D
4569.0,Physical Education,D
4570.0,Math,A
4570.0,Science,F
4570.0,History,D
4570.0,English,C
4570.0,Physical Education,C
4571.0,Math,F
4571.0,Science,A
4571.0,History,B
4571.0,English,F
4571.0,Physical Education,C
4572.0,Math,A
4572.0,Science,F
4572.0,History,D
4572.0,English,B
4572.0,Physical Education,A
4573.0,Math,B
4573.0,Science,F
4573.0,History,F
4573.0,English,B
4573.0,Physical Education,A
4574.0,Math,C
4574.0,Science,C
4574.0,History,B
4574.0,English,A
4574.0,Physical Education,C
4575.0,Math,A
4575.0,Science,D
4575.0,History,C
4575.0,English,B
4575.0,Physical Education,C
4576.0,Math,D
4576.0,Science,B
4576.0,History,B
4576.0,English,D
4576.0,Physical Education,F
4577.0,Math,C
4577.0,Science,F
4577.0,History,A
4577.0,English,F
4577.0,Physical Education,B
4578.0,Math,C
4578.0,Science,F
4578.0,History,C
4578.0,English,B
4578.0,Physical Education,A
4579.0,Math,D
4579.0,Science,B
4579.0,History,D
4579.0,English,D
4579.0,Physical Education,F
4580.0,Math,D
4580.0,Science,B
4580.0,History,C
4580.0,English,A
4580.0,Physical Education,C
4581.0,Math,B
4581.0,Science,F
4581.0,History,D
4581.0,English,A
4581.0,Physical Education,F
4582.0,Math,F
4582.0,Science,F
4582.0,History,A
4582.0,English,D
4582.0,Physical Education,B
4583.0,Math,D
4583.0,Science,A
4583.0,History,A
4583.0,English,D
4583.0,Physical Education,B
4584.0,Math,C
4584.0,Science,A
4584.0,History,F
4584.0,English,F
4584.0,Physical Education,A
4585.0,Math,D
4585.0,Science,A
4585.0,History,C
4585.0,English,B
4585.0,Physical Education,C
4586.0,Math,B
4586.0,Science,A
4586.0,History,D
4586.0,English,F
4586.0,Physical Education,C
4587.0,Math,A
4587.0,Science,A
4587.0,History,F
4587.0,English,B
4587.0,Physical Education,C
4588.0,Math,B
4588.0,Science,F
4588.0,History,D
4588.0,English,B
4588.0,Physical Education,D
4589.0,Math,A
4589.0,Science,A
4589.0,History,A
4589.0,English,F
4589.0,Physical Education,C
4590.0,Math,B
4590.0,Science,F
4590.0,History,A
4590.0,English,F
4590.0,Physical Education,F
4591.0,Math,B
4591.0,Science,F
4591.0,History,B
4591.0,English,B
4591.0,Physical Education,B
4592.0,Math,B
4592.0,Science,C
4592.0,History,A
4592.0,English,C
4592.0,Physical Education,C
4593.0,Math,D
4593.0,Science,D
4593.0,History,C
4593.0,English,C
4593.0,Physical Education,F
4594.0,Math,F
4594.0,Science,A
4594.0,History,D
4594.0,English,A
4594.0,Physical Education,D
4595.0,Math,F
4595.0,Science,B
4595.0,History,C
4595.0,English,C
4595.0,Physical Education,A
4596.0,Math,A
4596.0,Science,F
4596.0,History,F
4596.0,English,B
4596.0,Physical Education,C
4597.0,Math,C
4597.0,Science,C
4597.0,History,F
4597.0,English,A
4597.0,Physical Education,A
4598.0,Math,B
4598.0,Science,D
4598.0,History,F
4598.0,English,B
4598.0,Physical Education,A
4599.0,Math,D
4599.0,Science,A
4599.0,History,C
4599.0,English,A
4599.0,Physical Education,C
4600.0,Math,C
4600.0,Science,F
4600.0,History,A
4600.0,English,D
4600.0,Physical Education,D
4601.0,Math,B
4601.0,Science,D
4601.0,History,A
4601.0,English,F
4601.0,Physical Education,C
4602.0,Math,F
4602.0,Science,A
4602.0,History,D
4602.0,English,A
4602.0,Physical Education,A
4603.0,Math,B
4603.0,Science,D
4603.0,History,A
4603.0,English,D
4603.0,Physical Education,C
4604.0,Math,C
4604.0,Science,D
4604.0,History,D
4604.0,English,B
4604.0,Physical Education,F
4605.0,Math,A
4605.0,Science,B
4605.0,History,C
4605.0,English,F
4605.0,Physical Education,F
4606.0,Math,F
4606.0,Science,A
4606.0,History,C
4606.0,English,C
4606.0,Physical Education,A
4607.0,Math,D
4607.0,Science,D
4607.0,History,D
4607.0,English,B
4607.0,Physical Education,F
4608.0,Math,B
4608.0,Science,D
4608.0,History,D
4608.0,English,C
4608.0,Physical Education,A
4609.0,Math,C
4609.0,Science,B
4609.0,History,B
4609.0,English,B
4609.0,Physical Education,A
4610.0,Math,A
4610.0,Science,F
4610.0,History,B
4610.0,English,B
4610.0,Physical Education,F
4611.0,Math,F
4611.0,Science,F
4611.0,History,D
4611.0,English,C
4611.0,Physical Education,A
4612.0,Math,F
4612.0,Science,B
4612.0,History,D
4612.0,English,B
4612.0,Physical Education,C
4613.0,Math,F
4613.0,Science,B
4613.0,History,F
4613.0,English,D
4613.0,Physical Education,C
4614.0,Math,C
4614.0,Science,F
4614.0,History,B
4614.0,English,B
4614.0,Physical Education,B
4615.0,Math,F
4615.0,Science,F
4615.0,History,A
4615.0,English,F
4615.0,Physical Education,D
4616.0,Math,D
4616.0,Science,C
4616.0,History,D
4616.0,English,A
4616.0,Physical Education,B
4617.0,Math,B
4617.0,Science,F
4617.0,History,F
4617.0,English,D
4617.0,Physical Education,D
4618.0,Math,D
4618.0,Science,F
4618.0,History,F
4618.0,English,C
4618.0,Physical Education,B
4619.0,Math,D
4619.0,Science,B
4619.0,History,A
4619.0,English,D
4619.0,Physical Education,F
4620.0,Math,A
4620.0,Science,D
4620.0,History,A
4620.0,English,A
4620.0,Physical Education,C
4621.0,Math,C
4621.0,Science,C
4621.0,History,A
4621.0,English,A
4621.0,Physical Education,B
4622.0,Math,B
4622.0,Science,C
4622.0,History,A
4622.0,English,C
4622.0,Physical Education,F
4623.0,Math,D
4623.0,Science,D
4623.0,History,C
4623.0,English,C
4623.0,Physical Education,B
4624.0,Math,C
4624.0,Science,A
4624.0,History,C
4624.0,English,C
4624.0,Physical Education,A
4625.0,Math,B
4625.0,Science,B
4625.0,History,C
4625.0,English,F
4625.0,Physical Education,D
4626.0,Math,C
4626.0,Science,B
4626.0,History,B
4626.0,English,D
4626.0,Physical Education,B
4627.0,Math,B
4627.0,Science,C
4627.0,History,D
4627.0,English,C
4627.0,Physical Education,F
4628.0,Math,B
4628.0,Science,D
4628.0,History,A
4628.0,English,C
4628.0,Physical Education,D
4629.0,Math,C
4629.0,Science,A
4629.0,History,A
4629.0,English,C
4629.0,Physical Education,B
4630.0,Math,D
4630.0,Science,B
4630.0,History,A
4630.0,English,A
4630.0,Physical Education,F
4631.0,Math,F
4631.0,Science,F
4631.0,History,A
4631.0,English,B
4631.0,Physical Education,A
4632.0,Math,A
4632.0,Science,C
4632.0,History,F
4632.0,English,C
4632.0,Physical Education,D
4633.0,Math,D
4633.0,Science,B
4633.0,History,F
4633.0,English,C
4633.0,Physical Education,A
4634.0,Math,B
4634.0,Science,B
4634.0,History,C
4634.0,English,C
4634.0,Physical Education,A
4635.0,Math,C
4635.0,Science,C
4635.0,History,F
4635.0,English,C
4635.0,Physical Education,D
4636.0,Math,F
4636.0,Science,C
4636.0,History,A
4636.0,English,C
4636.0,Physical Education,B
4637.0,Math,A
4637.0,Science,C
4637.0,History,C
4637.0,English,C
4637.0,Physical Education,C
4638.0,Math,D
4638.0,Science,B
4638.0,History,F
4638.0,English,F
4638.0,Physical Education,C
4639.0,Math,C
4639.0,Science,A
4639.0,History,D
4639.0,English,A
4639.0,Physical Education,B
4640.0,Math,F
4640.0,Science,B
4640.0,History,F
4640.0,English,A
4640.0,Physical Education,A
4641.0,Math,A
4641.0,Science,B
4641.0,History,F
4641.0,English,A
4641.0,Physical Education,C
4642.0,Math,A
4642.0,Science,A
4642.0,History,A
4642.0,English,B
4642.0,Physical Education,D
4643.0,Math,A
4643.0,Science,D
4643.0,History,A
4643.0,English,A
4643.0,Physical Education,C
4644.0,Math,B
4644.0,Science,B
4644.0,History,D
4644.0,English,B
4644.0,Physical Education,D
4645.0,Math,D
4645.0,Science,C
4645.0,History,F
4645.0,English,F
4645.0,Physical Education,B
4646.0,Math,F
4646.0,Science,C
4646.0,History,A
4646.0,English,F
4646.0,Physical Education,D
4647.0,Math,D
4647.0,Science,D
4647.0,History,F
4647.0,English,B
4647.0,Physical Education,B
4648.0,Math,C
4648.0,Science,D
4648.0,History,A
4648.0,English,C
4648.0,Physical Education,A
4649.0,Math,A
4649.0,Science,C
4649.0,History,C
4649.0,English,D
4649.0,Physical Education,C
4650.0,Math,C
4650.0,Science,A
4650.0,History,B
4650.0,English,C
4650.0,Physical Education,A
4651.0,Math,C
4651.0,Science,D
4651.0,History,B
4651.0,English,C
4651.0,Physical Education,A
4652.0,Math,A
4652.0,Science,A
4652.0,History,D
4652.0,English,F
4652.0,Physical Education,F
4653.0,Math,B
4653.0,Science,D
4653.0,History,F
4653.0,English,D
4653.0,Physical Education,F
4654.0,Math,B
4654.0,Science,C
4654.0,History,A
4654.0,English,A
4654.0,Physical Education,A
4655.0,Math,C
4655.0,Science,B
4655.0,History,D
4655.0,English,A
4655.0,Physical Education,B
4656.0,Math,F
4656.0,Science,B
4656.0,History,F
4656.0,English,D
4656.0,Physical Education,C
4657.0,Math,F
4657.0,Science,C
4657.0,History,F
4657.0,English,B
4657.0,Physical Education,C
4658.0,Math,C
4658.0,Science,A
4658.0,History,D
4658.0,English,C
4658.0,Physical Education,B
4659.0,Math,C
4659.0,Science,B
4659.0,History,A
4659.0,English,A
4659.0,Physical Education,B
4660.0,Math,D
4660.0,Science,F
4660.0,History,A
4660.0,English,B
4660.0,Physical Education,B
4661.0,Math,B
4661.0,Science,C
4661.0,History,D
4661.0,English,A
4661.0,Physical Education,F
4662.0,Math,C
4662.0,Science,A
4662.0,History,A
4662.0,English,C
4662.0,Physical Education,D
4663.0,Math,C
4663.0,Science,B
4663.0,History,A
4663.0,English,F
4663.0,Physical Education,D
4664.0,Math,B
4664.0,Science,F
4664.0,History,D
4664.0,English,F
4664.0,Physical Education,F
4665.0,Math,D
4665.0,Science,B
4665.0,History,B
4665.0,English,F
4665.0,Physical Education,C
4666.0,Math,B
4666.0,Science,D
4666.0,History,A
4666.0,English,A
4666.0,Physical Education,D
4667.0,Math,A
4667.0,Science,D
4667.0,History,D
4667.0,English,D
4667.0,Physical Education,F
4668.0,Math,B
4668.0,Science,C
4668.0,History,B
4668.0,English,C
4668.0,Physical Education,D
4669.0,Math,F
4669.0,Science,C
4669.0,History,B
4669.0,English,F
4669.0,Physical Education,B
4670.0,Math,A
4670.0,Science,F
4670.0,History,B
4670.0,English,D
4670.0,Physical Education,B
4671.0,Math,B
4671.0,Science,B
4671.0,History,C
4671.0,English,C
4671.0,Physical Education,A
4672.0,Math,B
4672.0,Science,B
4672.0,History,C
4672.0,English,A
4672.0,Physical Education,C
4673.0,Math,A
4673.0,Science,B
4673.0,History,F
4673.0,English,B
4673.0,Physical Education,D
4674.0,Math,D
4674.0,Science,C
4674.0,History,C
4674.0,English,F
4674.0,Physical Education,C
4675.0,Math,F
4675.0,Science,C
4675.0,History,F
4675.0,English,A
4675.0,Physical Education,C
4676.0,Math,B
4676.0,Science,A
4676.0,History,B
4676.0,English,A
4676.0,Physical Education,C
4677.0,Math,D
4677.0,Science,B
4677.0,History,C
4677.0,English,C
4677.0,Physical Education,A
4678.0,Math,D
4678.0,Science,C
4678.0,History,C
4678.0,English,B
4678.0,Physical Education,D
4679.0,Math,D
4679.0,Science,D
4679.0,History,C
4679.0,English,F
4679.0,Physical Education,C
4680.0,Math,D
4680.0,Science,C
4680.0,History,D
4680.0,English,B
4680.0,Physical Education,B
4681.0,Math,F
4681.0,Science,F
4681.0,History,D
4681.0,English,D
4681.0,Physical Education,D
4682.0,Math,A
4682.0,Science,D
4682.0,History,F
4682.0,English,A
4682.0,Physical Education,C
4683.0,Math,C
4683.0,Science,B
4683.0,History,F
4683.0,English,A
4683.0,Physical Education,F
4684.0,Math,D
4684.0,Science,C
4684.0,History,F
4684.0,English,D
4684.0,Physical Education,F
4685.0,Math,D
4685.0,Science,A
4685.0,History,F
4685.0,English,C
4685.0,Physical Education,D
4686.0,Math,B
4686.0,Science,F
4686.0,History,B
4686.0,English,B
4686.0,Physical Education,F
4687.0,Math,B
4687.0,Science,C
4687.0,History,F
4687.0,English,B
4687.0,Physical Education,A
4688.0,Math,B
4688.0,Science,A
4688.0,History,F
4688.0,English,D
4688.0,Physical Education,F
4689.0,Math,B
4689.0,Science,C
4689.0,History,A
4689.0,English,F
4689.0,Physical Education,A
4690.0,Math,F
4690.0,Science,A
4690.0,History,D
4690.0,English,A
4690.0,Physical Education,C
4691.0,Math,D
4691.0,Science,F
4691.0,History,A
4691.0,English,C
4691.0,Physical Education,A
4692.0,Math,D
4692.0,Science,C
4692.0,History,C
4692.0,English,B
4692.0,Physical Education,A
4693.0,Math,D
4693.0,Science,B
4693.0,History,F
4693.0,English,C
4693.0,Physical Education,A
4694.0,Math,A
4694.0,Science,A
4694.0,History,C
4694.0,English,F
4694.0,Physical Education,F
4695.0,Math,C
4695.0,Science,F
4695.0,History,D
4695.0,English,B
4695.0,Physical Education,F
4696.0,Math,F
4696.0,Science,B
4696.0,History,C
4696.0,English,B
4696.0,Physical Education,A
4697.0,Math,C
4697.0,Science,D
4697.0,History,A
4697.0,English,F
4697.0,Physical Education,C
4698.0,Math,C
4698.0,Science,F
4698.0,History,F
4698.0,English,F
4698.0,Physical Education,C
4699.0,Math,B
4699.0,Science,B
4699.0,History,C
4699.0,English,D
4699.0,Physical Education,C
4700.0,Math,F
4700.0,Science,B
4700.0,History,F
4700.0,English,A
4700.0,Physical Education,B
4701.0,Math,B
4701.0,Science,B
4701.0,History,C
4701.0,English,C
4701.0,Physical Education,A
4702.0,Math,A
4702.0,Science,F
4702.0,History,F
4702.0,English,D
4702.0,Physical Education,D
4703.0,Math,B
4703.0,Science,A
4703.0,History,A
4703.0,English,D
4703.0,Physical Education,F
4704.0,Math,B
4704.0,Science,B
4704.0,History,F
4704.0,English,C
4704.0,Physical Education,B
4705.0,Math,C
4705.0,Science,A
4705.0,History,A
4705.0,English,A
4705.0,Physical Education,C
4706.0,Math,C
4706.0,Science,B
4706.0,History,F
4706.0,English,B
4706.0,Physical Education,B
4707.0,Math,A
4707.0,Science,A
4707.0,History,F
4707.0,English,D
4707.0,Physical Education,A
4708.0,Math,F
4708.0,Science,D
4708.0,History,A
4708.0,English,B
4708.0,Physical Education,A
4709.0,Math,D
4709.0,Science,A
4709.0,History,D
4709.0,English,D
4709.0,Physical Education,D
4710.0,Math,A
4710.0,Science,F
4710.0,History,A
4710.0,English,B
4710.0,Physical Education,D
4711.0,Math,D
4711.0,Science,A
4711.0,History,F
4711.0,English,F
4711.0,Physical Education,A
4712.0,Math,C
4712.0,Science,D
4712.0,History,F
4712.0,English,F
4712.0,Physical Education,C
4713.0,Math,C
4713.0,Science,A
4713.0,History,B
4713.0,English,F
4713.0,Physical Education,D
4714.0,Math,C
4714.0,Science,C
4714.0,History,F
4714.0,English,B
4714.0,Physical Education,A
4715.0,Math,F
4715.0,Science,D
4715.0,History,C
4715.0,English,B
4715.0,Physical Education,F
4716.0,Math,D
4716.0,Science,F
4716.0,History,B
4716.0,English,A
4716.0,Physical Education,A
4717.0,Math,F
4717.0,Science,F
4717.0,History,B
4717.0,English,B
4717.0,Physical Education,D
4718.0,Math,F
4718.0,Science,B
4718.0,History,D
4718.0,English,C
4718.0,Physical Education,D
4719.0,Math,C
4719.0,Science,B
4719.0,History,B
4719.0,English,A
4719.0,Physical Education,C
4720.0,Math,B
4720.0,Science,D
4720.0,History,C
4720.0,English,B
4720.0,Physical Education,A
4721.0,Math,C
4721.0,Science,C
4721.0,History,C
4721.0,English,C
4721.0,Physical Education,A
4722.0,Math,B
4722.0,Science,C
4722.0,History,A
4722.0,English,B
4722.0,Physical Education,D
4723.0,Math,F
4723.0,Science,A
4723.0,History,A
4723.0,English,C
4723.0,Physical Education,D
4724.0,Math,F
4724.0,Science,C
4724.0,History,F
4724.0,English,F
4724.0,Physical Education,A
4725.0,Math,B
4725.0,Science,C
4725.0,History,F
4725.0,English,C
4725.0,Physical Education,F
4726.0,Math,B
4726.0,Science,D
4726.0,History,D
4726.0,English,B
4726.0,Physical Education,D
4727.0,Math,D
4727.0,Science,F
4727.0,History,F
4727.0,English,F
4727.0,Physical Education,F
4728.0,Math,C
4728.0,Science,D
4728.0,History,A
4728.0,English,A
4728.0,Physical Education,C
4729.0,Math,D
4729.0,Science,F
4729.0,History,B
4729.0,English,C
4729.0,Physical Education,F
4730.0,Math,B
4730.0,Science,D
4730.0,History,D
4730.0,English,B
4730.0,Physical Education,F
4731.0,Math,C
4731.0,Science,F
4731.0,History,D
4731.0,English,C
4731.0,Physical Education,A
4732.0,Math,A
4732.0,Science,F
4732.0,History,B
4732.0,English,B
4732.0,Physical Education,B
4733.0,Math,A
4733.0,Science,F
4733.0,History,A
4733.0,English,C
4733.0,Physical Education,C
4734.0,Math,A
4734.0,Science,A
4734.0,History,D
4734.0,English,B
4734.0,Physical Education,A
4735.0,Math,C
4735.0,Science,F
4735.0,History,F
4735.0,English,D
4735.0,Physical Education,F
4736.0,Math,D
4736.0,Science,A
4736.0,History,A
4736.0,English,C
4736.0,Physical Education,B
4737.0,Math,F
4737.0,Science,B
4737.0,History,F
4737.0,English,A
4737.0,Physical Education,F
4738.0,Math,A
4738.0,Science,F
4738.0,History,C
4738.0,English,B
4738.0,Physical Education,C
4739.0,Math,F
4739.0,Science,F
4739.0,History,F
4739.0,English,C
4739.0,Physical Education,F
4740.0,Math,A
4740.0,Science,A
4740.0,History,C
4740.0,English,F
4740.0,Physical Education,C
4741.0,Math,C
4741.0,Science,F
4741.0,History,A
4741.0,English,A
4741.0,Physical Education,C
4742.0,Math,D
4742.0,Science,D
4742.0,History,F
4742.0,English,F
4742.0,Physical Education,F
4743.0,Math,F
4743.0,Science,B
4743.0,History,B
4743.0,English,D
4743.0,Physical Education,B
4744.0,Math,B
4744.0,Science,B
4744.0,History,A
4744.0,English,A
4744.0,Physical Education,B
4745.0,Math,B
4745.0,Science,A
4745.0,History,F
4745.0,English,D
4745.0,Physical Education,B
4746.0,Math,C
4746.0,Science,B
4746.0,History,D
4746.0,English,C
4746.0,Physical Education,A
4747.0,Math,B
4747.0,Science,A
4747.0,History,F
4747.0,English,F
4747.0,Physical Education,B
4748.0,Math,F
4748.0,Science,F
4748.0,History,D
4748.0,English,C
4748.0,Physical Education,D
4749.0,Math,F
4749.0,Science,B
4749.0,History,C
4749.0,English,C
4749.0,Physical Education,C
4750.0,Math,B
4750.0,Science,F
4750.0,History,B
4750.0,English,D
4750.0,Physical Education,B
4751.0,Math,D
4751.0,Science,C
4751.0,History,B
4751.0,English,F
4751.0,Physical Education,C
4752.0,Math,F
4752.0,Science,F
4752.0,History,B
4752.0,English,D
4752.0,Physical Education,D
4753.0,Math,A
4753.0,Science,F
4753.0,History,B
4753.0,English,C
4753.0,Physical Education,C
4754.0,Math,A
4754.0,Science,D
4754.0,History,A
4754.0,English,A
4754.0,Physical Education,C
4755.0,Math,C
4755.0,Science,B
4755.0,History,B
4755.0,English,B
4755.0,Physical Education,B
4756.0,Math,D
4756.0,Science,A
4756.0,History,F
4756.0,English,C
4756.0,Physical Education,B
4757.0,Math,C
4757.0,Science,B
4757.0,History,A
4757.0,English,D
4757.0,Physical Education,C
4758.0,Math,D
4758.0,Science,C
4758.0,History,A
4758.0,English,D
4758.0,Physical Education,C
4759.0,Math,A
4759.0,Science,A
4759.0,History,D
4759.0,English,D
4759.0,Physical Education,B
4760.0,Math,C
4760.0,Science,B
4760.0,History,B
4760.0,English,A
4760.0,Physical Education,A
4761.0,Math,A
4761.0,Science,A
4761.0,History,D
4761.0,English,A
4761.0,Physical Education,C
4762.0,Math,F
4762.0,Science,C
4762.0,History,F
4762.0,English,F
4762.0,Physical Education,F
4763.0,Math,F
4763.0,Science,F
4763.0,History,D
4763.0,English,F
4763.0,Physical Education,C
4764.0,Math,D
4764.0,Science,F
4764.0,History,A
4764.0,English,A
4764.0,Physical Education,B
4765.0,Math,D
4765.0,Science,F
4765.0,History,A
4765.0,English,F
4765.0,Physical Education,D
4766.0,Math,A
4766.0,Science,A
4766.0,History,A
4766.0,English,D
4766.0,Physical Education,B
4767.0,Math,F
4767.0,Science,A
4767.0,History,F
4767.0,English,B
4767.0,Physical Education,D
4768.0,Math,C
4768.0,Science,D
4768.0,History,A
4768.0,English,F
4768.0,Physical Education,B
4769.0,Math,A
4769.0,Science,B
4769.0,History,F
4769.0,English,A
4769.0,Physical Education,C
4770.0,Math,D
4770.0,Science,A
4770.0,History,A
4770.0,English,A
4770.0,Physical Education,D
4771.0,Math,C
4771.0,Science,D
4771.0,History,C
4771.0,English,A
4771.0,Physical Education,D
4772.0,Math,F
4772.0,Science,A
4772.0,History,F
4772.0,English,D
4772.0,Physical Education,A
4773.0,Math,D
4773.0,Science,B
4773.0,History,D
4773.0,English,B
4773.0,Physical Education,D
4774.0,Math,A
4774.0,Science,C
4774.0,History,F
4774.0,English,A
4774.0,Physical Education,D
4775.0,Math,A
4775.0,Science,D
4775.0,History,F
4775.0,English,C
4775.0,Physical Education,B
4776.0,Math,F
4776.0,Science,A
4776.0,History,D
4776.0,English,C
4776.0,Physical Education,A
4777.0,Math,D
4777.0,Science,B
4777.0,History,B
4777.0,English,C
4777.0,Physical Education,D
4778.0,Math,D
4778.0,Science,B
4778.0,History,F
4778.0,English,F
4778.0,Physical Education,F
4779.0,Math,B
4779.0,Science,F
4779.0,History,B
4779.0,English,C
4779.0,Physical Education,F
4780.0,Math,B
4780.0,Science,A
4780.0,History,D
4780.0,English,B
4780.0,Physical Education,C
4781.0,Math,C
4781.0,Science,F
4781.0,History,B
4781.0,English,A
4781.0,Physical Education,F
4782.0,Math,A
4782.0,Science,A
4782.0,History,A
4782.0,English,C
4782.0,Physical Education,B
4783.0,Math,B
4783.0,Science,F
4783.0,History,D
4783.0,English,A
4783.0,Physical Education,F
4784.0,Math,C
4784.0,Science,C
4784.0,History,A
4784.0,English,D
4784.0,Physical Education,C
4785.0,Math,F
4785.0,Science,B
4785.0,History,C
4785.0,English,D
4785.0,Physical Education,C
4786.0,Math,C
4786.0,Science,B
4786.0,History,A
4786.0,English,D
4786.0,Physical Education,A
4787.0,Math,F
4787.0,Science,B
4787.0,History,F
4787.0,English,B
4787.0,Physical Education,C
4788.0,Math,A
4788.0,Science,F
4788.0,History,D
4788.0,English,A
4788.0,Physical Education,F
4789.0,Math,B
4789.0,Science,D
4789.0,History,C
4789.0,English,B
4789.0,Physical Education,D
4790.0,Math,A
4790.0,Science,F
4790.0,History,F
4790.0,English,A
4790.0,Physical Education,C
4791.0,Math,A
4791.0,Science,B
4791.0,History,D
4791.0,English,D
4791.0,Physical Education,C
4792.0,Math,C
4792.0,Science,C
4792.0,History,F
4792.0,English,D
4792.0,Physical Education,A
4793.0,Math,C
4793.0,Science,C
4793.0,History,F
4793.0,English,C
4793.0,Physical Education,D
4794.0,Math,C
4794.0,Science,F
4794.0,History,A
4794.0,English,F
4794.0,Physical Education,C
4795.0,Math,D
4795.0,Science,F
4795.0,History,F
4795.0,English,B
4795.0,Physical Education,F
4796.0,Math,F
4796.0,Science,D
4796.0,History,A
4796.0,English,D
4796.0,Physical Education,C
4797.0,Math,A
4797.0,Science,F
4797.0,History,A
4797.0,English,F
4797.0,Physical Education,C
4798.0,Math,D
4798.0,Science,D
4798.0,History,C
4798.0,English,D
4798.0,Physical Education,B
4799.0,Math,C
4799.0,Science,D
4799.0,History,D
4799.0,English,A
4799.0,Physical Education,B
4800.0,Math,B
4800.0,Science,D
4800.0,History,A
4800.0,English,A
4800.0,Physical Education,F
4801.0,Math,C
4801.0,Science,B
4801.0,History,A
4801.0,English,B
4801.0,Physical Education,B
4802.0,Math,C
4802.0,Science,D
4802.0,History,C
4802.0,English,A
4802.0,Physical Education,C
4803.0,Math,A
4803.0,Science,D
4803.0,History,F
4803.0,English,C
4803.0,Physical Education,C
4804.0,Math,B
4804.0,Science,F
4804.0,History,F
4804.0,English,F
4804.0,Physical Education,A
4805.0,Math,D
4805.0,Science,B
4805.0,History,B
4805.0,English,C
4805.0,Physical Education,F
4806.0,Math,C
4806.0,Science,C
4806.0,History,D
4806.0,English,B
4806.0,Physical Education,A
4807.0,Math,D
4807.0,Science,F
4807.0,History,F
4807.0,English,B
4807.0,Physical Education,D
4808.0,Math,D
4808.0,Science,C
4808.0,History,B
4808.0,English,C
4808.0,Physical Education,D
4809.0,Math,A
4809.0,Science,F
4809.0,History,A
4809.0,English,A
4809.0,Physical Education,C
4810.0,Math,B
4810.0,Science,F
4810.0,History,F
4810.0,English,F
4810.0,Physical Education,F
4811.0,Math,A
4811.0,Science,C
4811.0,History,B
4811.0,English,F
4811.0,Physical Education,B
4812.0,Math,D
4812.0,Science,C
4812.0,History,B
4812.0,English,C
4812.0,Physical Education,D
4813.0,Math,F
4813.0,Science,C
4813.0,History,A
4813.0,English,A
4813.0,Physical Education,C
4814.0,Math,D
4814.0,Science,A
4814.0,History,F
4814.0,English,C
4814.0,Physical Education,F
4815.0,Math,B
4815.0,Science,B
4815.0,History,D
4815.0,English,D
4815.0,Physical Education,C
4816.0,Math,D
4816.0,Science,D
4816.0,History,B
4816.0,English,C
4816.0,Physical Education,B
4817.0,Math,A
4817.0,Science,A
4817.0,History,C
4817.0,English,B
4817.0,Physical Education,A
4818.0,Math,D
4818.0,Science,A
4818.0,History,D
4818.0,English,B
4818.0,Physical Education,A
4819.0,Math,B
4819.0,Science,C
4819.0,History,F
4819.0,English,B
4819.0,Physical Education,F
4820.0,Math,C
4820.0,Science,A
4820.0,History,D
4820.0,English,B
4820.0,Physical Education,B
4821.0,Math,A
4821.0,Science,C
4821.0,History,D
4821.0,English,F
4821.0,Physical Education,F
4822.0,Math,F
4822.0,Science,B
4822.0,History,B
4822.0,English,C
4822.0,Physical Education,D
4823.0,Math,A
4823.0,Science,B
4823.0,History,C
4823.0,English,F
4823.0,Physical Education,D
4824.0,Math,C
4824.0,Science,B
4824.0,History,C
4824.0,English,D
4824.0,Physical Education,F
4825.0,Math,F
4825.0,Science,B
4825.0,History,F
4825.0,English,C
4825.0,Physical Education,F
4826.0,Math,F
4826.0,Science,C
4826.0,History,D
4826.0,English,C
4826.0,Physical Education,F
4827.0,Math,D
4827.0,Science,D
4827.0,History,F
4827.0,English,A
4827.0,Physical Education,F
4828.0,Math,F
4828.0,Science,A
4828.0,History,D
4828.0,English,D
4828.0,Physical Education,F
4829.0,Math,D
4829.0,Science,A
4829.0,History,A
4829.0,English,F
4829.0,Physical Education,F
4830.0,Math,B
4830.0,Science,B
4830.0,History,A
4830.0,English,D
4830.0,Physical Education,A
4831.0,Math,C
4831.0,Science,B
4831.0,History,A
4831.0,English,F
4831.0,Physical Education,D
4832.0,Math,D
4832.0,Science,D
4832.0,History,B
4832.0,English,A
4832.0,Physical Education,B
4833.0,Math,D
4833.0,Science,C
4833.0,History,D
4833.0,English,F
4833.0,Physical Education,C
4834.0,Math,D
4834.0,Science,F
4834.0,History,B
4834.0,English,A
4834.0,Physical Education,C
4835.0,Math,F
4835.0,Science,A
4835.0,History,D
4835.0,English,B
4835.0,Physical Education,C
4836.0,Math,B
4836.0,Science,D
4836.0,History,A
4836.0,English,C
4836.0,Physical Education,D
4837.0,Math,F
4837.0,Science,F
4837.0,History,D
4837.0,English,A
4837.0,Physical Education,D
4838.0,Math,C
4838.0,Science,A
4838.0,History,D
4838.0,English,B
4838.0,Physical Education,A
4839.0,Math,D
4839.0,Science,F
4839.0,History,B
4839.0,English,F
4839.0,Physical Education,B
4840.0,Math,B
4840.0,Science,F
4840.0,History,D
4840.0,English,A
4840.0,Physical Education,A
4841.0,Math,D
4841.0,Science,D
4841.0,History,A
4841.0,English,A
4841.0,Physical Education,A
4842.0,Math,A
4842.0,Science,D
4842.0,History,D
4842.0,English,D
4842.0,Physical Education,A
4843.0,Math,F
4843.0,Science,F
4843.0,History,C
4843.0,English,B
4843.0,Physical Education,D
4844.0,Math,F
4844.0,Science,F
4844.0,History,F
4844.0,English,D
4844.0,Physical Education,B
4845.0,Math,F
4845.0,Science,B
4845.0,History,D
4845.0,English,D
4845.0,Physical Education,C
4846.0,Math,A
4846.0,Science,B
4846.0,History,F
4846.0,English,A
4846.0,Physical Education,C
4847.0,Math,B
4847.0,Science,C
4847.0,History,D
4847.0,English,A
4847.0,Physical Education,D
4848.0,Math,B
4848.0,Science,F
4848.0,History,A
4848.0,English,C
4848.0,Physical Education,F
4849.0,Math,C
4849.0,Science,A
4849.0,History,F
4849.0,English,B
4849.0,Physical Education,F
4850.0,Math,B
4850.0,Science,A
4850.0,History,D
4850.0,English,A
4850.0,Physical Education,F
4851.0,Math,D
4851.0,Science,D
4851.0,History,C
4851.0,English,C
4851.0,Physical Education,C
4852.0,Math,D
4852.0,Science,F
4852.0,History,B
4852.0,English,D
4852.0,Physical Education,D
4853.0,Math,C
4853.0,Science,B
4853.0,History,B
4853.0,English,B
4853.0,Physical Education,F
4854.0,Math,D
4854.0,Science,C
4854.0,History,D
4854.0,English,C
4854.0,Physical Education,F
4855.0,Math,C
4855.0,Science,B
4855.0,History,B
4855.0,English,B
4855.0,Physical Education,C
4856.0,Math,C
4856.0,Science,F
4856.0,History,A
4856.0,English,A
4856.0,Physical Education,C
4857.0,Math,A
4857.0,Science,D
4857.0,History,C
4857.0,English,A
4857.0,Physical Education,D
4858.0,Math,C
4858.0,Science,F
4858.0,History,D
4858.0,English,B
4858.0,Physical Education,B
4859.0,Math,A
4859.0,Science,D
4859.0,History,F
4859.0,English,F
4859.0,Physical Education,C
4860.0,Math,A
4860.0,Science,F
4860.0,History,F
4860.0,English,D
4860.0,Physical Education,D
4861.0,Math,B
4861.0,Science,D
4861.0,History,A
4861.0,English,C
4861.0,Physical Education,C
4862.0,Math,D
4862.0,Science,F
4862.0,History,F
4862.0,English,F
4862.0,Physical Education,D
4863.0,Math,B
4863.0,Science,C
4863.0,History,F
4863.0,English,C
4863.0,Physical Education,D
4864.0,Math,D
4864.0,Science,F
4864.0,History,D
4864.0,English,B
4864.0,Physical Education,A
4865.0,Math,A
4865.0,Science,A
4865.0,History,C
4865.0,English,D
4865.0,Physical Education,D
4866.0,Math,C
4866.0,Science,B
4866.0,History,C
4866.0,English,A
4866.0,Physical Education,F
4867.0,Math,A
4867.0,Science,A
4867.0,History,D
4867.0,English,D
4867.0,Physical Education,C
4868.0,Math,F
4868.0,Science,C
4868.0,History,A
4868.0,English,C
4868.0,Physical Education,A
4869.0,Math,A
4869.0,Science,F
4869.0,History,B
4869.0,English,B
4869.0,Physical Education,B
4870.0,Math,C
4870.0,Science,D
4870.0,History,B
4870.0,English,B
4870.0,Physical Education,C
4871.0,Math,D
4871.0,Science,D
4871.0,History,A
4871.0,English,A
4871.0,Physical Education,D
4872.0,Math,D
4872.0,Science,F
4872.0,History,B
4872.0,English,D
4872.0,Physical Education,B
4873.0,Math,C
4873.0,Science,C
4873.0,History,B
4873.0,English,A
4873.0,Physical Education,A
4874.0,Math,B
4874.0,Science,A
4874.0,History,F
4874.0,English,B
4874.0,Physical Education,F
4875.0,Math,D
4875.0,Science,D
4875.0,History,A
4875.0,English,C
4875.0,Physical Education,B
4876.0,Math,B
4876.0,Science,F
4876.0,History,A
4876.0,English,A
4876.0,Physical Education,A
4877.0,Math,B
4877.0,Science,F
4877.0,History,B
4877.0,English,C
4877.0,Physical Education,B
4878.0,Math,F
4878.0,Science,D
4878.0,History,B
4878.0,English,D
4878.0,Physical Education,C
4879.0,Math,B
4879.0,Science,B
4879.0,History,B
4879.0,English,C
4879.0,Physical Education,A
4880.0,Math,F
4880.0,Science,A
4880.0,History,D
4880.0,English,A
4880.0,Physical Education,F
4881.0,Math,C
4881.0,Science,B
4881.0,History,A
4881.0,English,B
4881.0,Physical Education,F
4882.0,Math,D
4882.0,Science,B
4882.0,History,A
4882.0,English,C
4882.0,Physical Education,A
4883.0,Math,D
4883.0,Science,D
4883.0,History,C
4883.0,English,F
4883.0,Physical Education,B
4884.0,Math,C
4884.0,Science,D
4884.0,History,B
4884.0,English,A
4884.0,Physical Education,A
4885.0,Math,F
4885.0,Science,D
4885.0,History,F
4885.0,English,D
4885.0,Physical Education,F
4886.0,Math,A
4886.0,Science,A
4886.0,History,B
4886.0,English,F
4886.0,Physical Education,D
4887.0,Math,F
4887.0,Science,B
4887.0,History,D
4887.0,English,F
4887.0,Physical Education,A
4888.0,Math,F
4888.0,Science,D
4888.0,History,F
4888.0,English,B
4888.0,Physical Education,F
4889.0,Math,F
4889.0,Science,A
4889.0,History,C
4889.0,English,C
4889.0,Physical Education,B
4890.0,Math,A
4890.0,Science,A
4890.0,History,C
4890.0,English,A
4890.0,Physical Education,F
4891.0,Math,D
4891.0,Science,B
4891.0,History,C
4891.0,English,C
4891.0,Physical Education,A
4892.0,Math,A
4892.0,Science,C
4892.0,History,A
4892.0,English,F
4892.0,Physical Education,A
4893.0,Math,F
4893.0,Science,A
4893.0,History,C
4893.0,English,C
4893.0,Physical Education,F
4894.0,Math,B
4894.0,Science,F
4894.0,History,D
4894.0,English,F
4894.0,Physical Education,C
4895.0,Math,C
4895.0,Science,A
4895.0,History,B
4895.0,English,F
4895.0,Physical Education,A
4896.0,Math,B
4896.0,Science,A
4896.0,History,B
4896.0,English,B
4896.0,Physical Education,C
4897.0,Math,F
4897.0,Science,F
4897.0,History,C
4897.0,English,A
4897.0,Physical Education,F
4898.0,Math,C
4898.0,Science,A
4898.0,History,D
4898.0,English,B
4898.0,Physical Education,D
4899.0,Math,D
4899.0,Science,A
4899.0,History,B
4899.0,English,F
4899.0,Physical Education,D
4900.0,Math,F
4900.0,Science,A
4900.0,History,C
4900.0,English,A
4900.0,Physical Education,C
4901.0,Math,B
4901.0,Science,F
4901.0,History,C
4901.0,English,D
4901.0,Physical Education,A
4902.0,Math,F
4902.0,Science,F
4902.0,History,B
4902.0,English,F
4902.0,Physical Education,C
4903.0,Math,B
4903.0,Science,C
4903.0,History,B
4903.0,English,C
4903.0,Physical Education,A
4904.0,Math,A
4904.0,Science,D
4904.0,History,C
4904.0,English,C
4904.0,Physical Education,A
4905.0,Math,A
4905.0,Science,D
4905.0,History,A
4905.0,English,C
4905.0,Physical Education,A
4906.0,Math,A
4906.0,Science,D
4906.0,History,C
4906.0,English,D
4906.0,Physical Education,C
4907.0,Math,C
4907.0,Science,A
4907.0,History,B
4907.0,English,F
4907.0,Physical Education,D
4908.0,Math,B
4908.0,Science,B
4908.0,History,B
4908.0,English,F
4908.0,Physical Education,B
4909.0,Math,F
4909.0,Science,A
4909.0,History,C
4909.0,English,B
4909.0,Physical Education,B
4910.0,Math,C
4910.0,Science,F
4910.0,History,F
4910.0,English,D
4910.0,Physical Education,A
4911.0,Math,B
4911.0,Science,B
4911.0,History,F
4911.0,English,D
4911.0,Physical Education,A
4912.0,Math,D
4912.0,Science,A
4912.0,History,A
4912.0,English,A
4912.0,Physical Education,F
4913.0,Math,D
4913.0,Science,C
4913.0,History,B
4913.0,English,F
4913.0,Physical Education,B
4914.0,Math,F
4914.0,Science,C
4914.0,History,F
4914.0,English,F
4914.0,Physical Education,D
4915.0,Math,A
4915.0,Science,B
4915.0,History,A
4915.0,English,B
4915.0,Physical Education,C
4916.0,Math,B
4916.0,Science,B
4916.0,History,B
4916.0,English,B
4916.0,Physical Education,A
4917.0,Math,F
4917.0,Science,C
4917.0,History,C
4917.0,English,B
4917.0,Physical Education,C
4918.0,Math,F
4918.0,Science,A
4918.0,History,B
4918.0,English,F
4918.0,Physical Education,C
4919.0,Math,B
4919.0,Science,D
4919.0,History,D
4919.0,English,F
4919.0,Physical Education,C
4920.0,Math,F
4920.0,Science,D
4920.0,History,A
4920.0,English,A
4920.0,Physical Education,F
4921.0,Math,B
4921.0,Science,F
4921.0,History,A
4921.0,English,D
4921.0,Physical Education,F
4922.0,Math,F
4922.0,Science,F
4922.0,History,A
4922.0,English,C
4922.0,Physical Education,F
4923.0,Math,B
4923.0,Science,D
4923.0,History,D
4923.0,English,A
4923.0,Physical Education,A
4924.0,Math,B
4924.0,Science,B
4924.0,History,D
4924.0,English,F
4924.0,Physical Education,F
4925.0,Math,B
4925.0,Science,B
4925.0,History,C
4925.0,English,B
4925.0,Physical Education,D
4926.0,Math,F
4926.0,Science,B
4926.0,History,A
4926.0,English,A
4926.0,Physical Education,F
4927.0,Math,D
4927.0,Science,C
4927.0,History,F
4927.0,English,C
4927.0,Physical Education,B
4928.0,Math,C
4928.0,Science,D
4928.0,History,A
4928.0,English,A
4928.0,Physical Education,C
4929.0,Math,D
4929.0,Science,C
4929.0,History,A
4929.0,English,C
4929.0,Physical Education,B
4930.0,Math,B
4930.0,Science,B
4930.0,History,A
4930.0,English,A
4930.0,Physical Education,C
4931.0,Math,B
4931.0,Science,A
4931.0,History,F
4931.0,English,B
4931.0,Physical Education,B
4932.0,Math,C
4932.0,Science,A
4932.0,History,B
4932.0,English,D
4932.0,Physical Education,F
4933.0,Math,C
4933.0,Science,A
4933.0,History,F
4933.0,English,B
4933.0,Physical Education,C
4934.0,Math,A
4934.0,Science,D
4934.0,History,F
4934.0,English,A
4934.0,Physical Education,D
4935.0,Math,C
4935.0,Science,B
4935.0,History,F
4935.0,English,F
4935.0,Physical Education,B
4936.0,Math,A
4936.0,Science,A
4936.0,History,B
4936.0,English,F
4936.0,Physical Education,D
4937.0,Math,B
4937.0,Science,A
4937.0,History,C
4937.0,English,F
4937.0,Physical Education,A
4938.0,Math,C
4938.0,Science,C
4938.0,History,D
4938.0,English,A
4938.0,Physical Education,C
4939.0,Math,C
4939.0,Science,C
4939.0,History,B
4939.0,English,A
4939.0,Physical Education,F
4940.0,Math,A
4940.0,Science,D
4940.0,History,B
4940.0,English,A
4940.0,Physical Education,D
4941.0,Math,F
4941.0,Science,D
4941.0,History,D
4941.0,English,C
4941.0,Physical Education,A
4942.0,Math,F
4942.0,Science,C
4942.0,History,D
4942.0,English,D
4942.0,Physical Education,F
4943.0,Math,B
4943.0,Science,F
4943.0,History,C
4943.0,English,F
4943.0,Physical Education,A
4944.0,Math,C
4944.0,Science,F
4944.0,History,F
4944.0,English,C
4944.0,Physical Education,F
4945.0,Math,A
4945.0,Science,F
4945.0,History,F
4945.0,English,B
4945.0,Physical Education,F
4946.0,Math,D
4946.0,Science,A
4946.0,History,B
4946.0,English,B
4946.0,Physical Education,D
4947.0,Math,C
4947.0,Science,A
4947.0,History,F
4947.0,English,F
4947.0,Physical Education,D
4948.0,Math,C
4948.0,Science,C
4948.0,History,A
4948.0,English,C
4948.0,Physical Education,C
4949.0,Math,C
4949.0,Science,C
4949.0,History,B
4949.0,English,D
4949.0,Physical Education,D
4950.0,Math,F
4950.0,Science,A
4950.0,History,A
4950.0,English,C
4950.0,Physical Education,B
4951.0,Math,D
4951.0,Science,C
4951.0,History,F
4951.0,English,C
4951.0,Physical Education,F
4952.0,Math,C
4952.0,Science,B
4952.0,History,D
4952.0,English,F
4952.0,Physical Education,A
4953.0,Math,D
4953.0,Science,A
4953.0,History,A
4953.0,English,D
4953.0,Physical Education,A
4954.0,Math,A
4954.0,Science,D
4954.0,History,F
4954.0,English,A
4954.0,Physical Education,F
4955.0,Math,F
4955.0,Science,B
4955.0,History,D
4955.0,English,F
4955.0,Physical Education,B
4956.0,Math,D
4956.0,Science,C
4956.0,History,C
4956.0,English,F
4956.0,Physical Education,B
4957.0,Math,B
4957.0,Science,A
4957.0,History,A
4957.0,English,A
4957.0,Physical Education,F
4958.0,Math,F
4958.0,Science,B
4958.0,History,A
4958.0,English,B
4958.0,Physical Education,C
4959.0,Math,A
4959.0,Science,B
4959.0,History,B
4959.0,English,A
4959.0,Physical Education,B
4960.0,Math,C
4960.0,Science,F
4960.0,History,F
4960.0,English,B
4960.0,Physical Education,D
4961.0,Math,C
4961.0,Science,F
4961.0,History,A
4961.0,English,B
4961.0,Physical Education,B
4962.0,Math,B
4962.0,Science,C
4962.0,History,B
4962.0,English,B
4962.0,Physical Education,D
4963.0,Math,A
4963.0,Science,F
4963.0,History,F
4963.0,English,C
4963.0,Physical Education,B
4964.0,Math,A
4964.0,Science,D
4964.0,History,D
4964.0,English,D
4964.0,Physical Education,D
4965.0,Math,F
4965.0,Science,F
4965.0,History,B
4965.0,English,C
4965.0,Physical Education,B
4966.0,Math,A
4966.0,Science,A
4966.0,History,A
4966.0,English,C
4966.0,Physical Education,F
4967.0,Math,A
4967.0,Science,D
4967.0,History,D
4967.0,English,F
4967.0,Physical Education,B
4968.0,Math,D
4968.0,Science,D
4968.0,History,A
4968.0,English,B
4968.0,Physical Education,D
4969.0,Math,C
4969.0,Science,F
4969.0,History,D
4969.0,English,A
4969.0,Physical Education,D
4970.0,Math,F
4970.0,Science,B
4970.0,History,C
4970.0,English,C
4970.0,Physical Education,D
4971.0,Math,F
4971.0,Science,F
4971.0,History,C
4971.0,English,F
4971.0,Physical Education,D
4972.0,Math,D
4972.0,Science,F
4972.0,History,C
4972.0,English,B
4972.0,Physical Education,D
4973.0,Math,F
4973.0,Science,D
4973.0,History,B
4973.0,English,D
4973.0,Physical Education,F
4974.0,Math,B
4974.0,Science,D
4974.0,History,B
4974.0,English,C
4974.0,Physical Education,A
4975.0,Math,F
4975.0,Science,C
4975.0,History,D
4975.0,English,B
4975.0,Physical Education,C
4976.0,Math,B
4976.0,Science,A
4976.0,History,D
4976.0,English,A
4976.0,Physical Education,B
4977.0,Math,C
4977.0,Science,C
4977.0,History,B
4977.0,English,C
4977.0,Physical Education,A
4978.0,Math,A
4978.0,Science,A
4978.0,History,B
4978.0,English,B
4978.0,Physical Education,A
4979.0,Math,D
4979.0,Science,B
4979.0,History,D
4979.0,English,D
4979.0,Physical Education,F
4980.0,Math,B
4980.0,Science,D
4980.0,History,C
4980.0,English,F
4980.0,Physical Education,D
4981.0,Math,D
4981.0,Science,F
4981.0,History,A
4981.0,English,B
4981.0,Physical Education,F
4982.0,Math,C
4982.0,Science,D
4982.0,History,F
4982.0,English,C
4982.0,Physical Education,D
4983.0,Math,F
4983.0,Science,C
4983.0,History,A
4983.0,English,B
4983.0,Physical Education,D
4984.0,Math,D
4984.0,Science,C
4984.0,History,B
4984.0,English,B
4984.0,Physical Education,B
4985.0,Math,B
4985.0,Science,A
4985.0,History,D
4985.0,English,F
4985.0,Physical Education,B
4986.0,Math,D
4986.0,Science,D
4986.0,History,F
4986.0,English,F
4986.0,Physical Education,D
4987.0,Math,B
4987.0,Science,C
4987.0,History,B
4987.0,English,F
4987.0,Physical Education,A
4988.0,Math,F
4988.0,Science,A
4988.0,History,D
4988.0,English,A
4988.0,Physical Education,C
4989.0,Math,D
4989.0,Science,F
4989.0,History,A
4989.0,English,A
4989.0,Physical Education,D
4990.0,Math,F
4990.0,Science,B
4990.0,History,F
4990.0,English,A
4990.0,Physical Education,D
4991.0,Math,B
4991.0,Science,A
4991.0,History,C
4991.0,English,D
4991.0,Physical Education,B
4992.0,Math,D
4992.0,Science,F
4992.0,History,A
4992.0,English,D
4992.0,Physical Education,D
4993.0,Math,C
4993.0,Science,D
4993.0,History,D
4993.0,English,C
4993.0,Physical Education,B
4994.0,Math,C
4994.0,Science,C
4994.0,History,D
4994.0,English,F
4994.0,Physical Education,A
4995.0,Math,D
4995.0,Science,B
4995.0,History,C
4995.0,English,C
4995.0,Physical Education,C
4996.0,Math,B
4996.0,Science,F
4996.0,History,C
4996.0,English,A
4996.0,Physical Education,A
4997.0,Math,F
4997.0,Science,B
4997.0,History,A
4997.0,English,A
4997.0,Physical Education,A
4998.0,Math,B
4998.0,Science,F
4998.0,History,A
4998.0,English,B
4998.0,Physical Education,A
4999.0,Math,C
4999.0,Science,B
4999.0,History,A
4999.0,English,A
4999.0,Physical Education,A
5000.0,Math,B
5000.0,Science,A
5000.0,History,F
5000.0,English,F
5000.0,Physical Education,A
5001.0,Math,D
5001.0,Science,D
5001.0,History,B
5001.0,English,F
5001.0,Physical Education,A
5002.0,Math,F
5002.0,Science,C
5002.0,History,D
5002.0,English,D
5002.0,Physical Education,B
5003.0,Math,D
5003.0,Science,A
5003.0,History,B
5003.0,English,D
5003.0,Physical Education,D
5004.0,Math,C
5004.0,Science,F
5004.0,History,B
5004.0,English,F
5004.0,Physical Education,C
5005.0,Math,C
5005.0,Science,C
5005.0,History,A
5005.0,English,A
5005.0,Physical Education,A
5006.0,Math,F
5006.0,Science,B
5006.0,History,A
5006.0,English,D
5006.0,Physical Education,C
5007.0,Math,B
5007.0,Science,A
5007.0,History,F
5007.0,English,D
5007.0,Physical Education,F
5008.0,Math,B
5008.0,Science,A
5008.0,History,F
5008.0,English,A
5008.0,Physical Education,D
5009.0,Math,C
5009.0,Science,D
5009.0,History,B
5009.0,English,C
5009.0,Physical Education,D
5010.0,Math,F
5010.0,Science,B
5010.0,History,A
5010.0,English,C
5010.0,Physical Education,A
5011.0,Math,A
5011.0,Science,D
5011.0,History,D
5011.0,English,F
5011.0,Physical Education,F
5012.0,Math,F
5012.0,Science,C
5012.0,History,C
5012.0,English,F
5012.0,Physical Education,A
5013.0,Math,C
5013.0,Science,B
5013.0,History,B
5013.0,English,B
5013.0,Physical Education,A
5014.0,Math,C
5014.0,Science,D
5014.0,History,A
5014.0,English,D
5014.0,Physical Education,B
5015.0,Math,C
5015.0,Science,B
5015.0,History,F
5015.0,English,D
5015.0,Physical Education,B
5016.0,Math,F
5016.0,Science,C
5016.0,History,C
5016.0,English,C
5016.0,Physical Education,F
5017.0,Math,D
5017.0,Science,D
5017.0,History,B
5017.0,English,D
5017.0,Physical Education,D
5018.0,Math,B
5018.0,Science,D
5018.0,History,C
5018.0,English,D
5018.0,Physical Education,D
5019.0,Math,C
5019.0,Science,A
5019.0,History,C
5019.0,English,D
5019.0,Physical Education,A
5020.0,Math,F
5020.0,Science,F
5020.0,History,F
5020.0,English,F
5020.0,Physical Education,A
5021.0,Math,B
5021.0,Science,C
5021.0,History,C
5021.0,English,B
5021.0,Physical Education,A
5022.0,Math,A
5022.0,Science,C
5022.0,History,F
5022.0,English,D
5022.0,Physical Education,A
5023.0,Math,B
5023.0,Science,B
5023.0,History,A
5023.0,English,D
5023.0,Physical Education,C
5024.0,Math,D
5024.0,Science,B
5024.0,History,B
5024.0,English,C
5024.0,Physical Education,D
5025.0,Math,A
5025.0,Science,B
5025.0,History,C
5025.0,English,D
5025.0,Physical Education,B
5026.0,Math,C
5026.0,Science,C
5026.0,History,A
5026.0,English,F
5026.0,Physical Education,A
5027.0,Math,A
5027.0,Science,B
5027.0,History,D
5027.0,English,B
5027.0,Physical Education,B
5028.0,Math,A
5028.0,Science,C
5028.0,History,A
5028.0,English,F
5028.0,Physical Education,B
5029.0,Math,D
5029.0,Science,C
5029.0,History,D
5029.0,English,B
5029.0,Physical Education,D
5030.0,Math,C
5030.0,Science,D
5030.0,History,D
5030.0,English,B
5030.0,Physical Education,A
5031.0,Math,F
5031.0,Science,F
5031.0,History,B
5031.0,English,A
5031.0,Physical Education,B
5032.0,Math,F
5032.0,Science,A
5032.0,History,F
5032.0,English,D
5032.0,Physical Education,F
5033.0,Math,B
5033.0,Science,B
5033.0,History,D
5033.0,English,A
5033.0,Physical Education,D
5034.0,Math,F
5034.0,Science,D
5034.0,History,F
5034.0,English,D
5034.0,Physical Education,D
5035.0,Math,C
5035.0,Science,C
5035.0,History,B
5035.0,English,B
5035.0,Physical Education,A
5036.0,Math,C
5036.0,Science,C
5036.0,History,C
5036.0,English,F
5036.0,Physical Education,A
5037.0,Math,C
5037.0,Science,F
5037.0,History,A
5037.0,English,B
5037.0,Physical Education,C
5038.0,Math,C
5038.0,Science,A
5038.0,History,D
5038.0,English,D
5038.0,Physical Education,D
5039.0,Math,B
5039.0,Science,A
5039.0,History,D
5039.0,English,F
5039.0,Physical Education,A
5040.0,Math,B
5040.0,Science,B
5040.0,History,A
5040.0,English,C
5040.0,Physical Education,D
5041.0,Math,D
5041.0,Science,C
5041.0,History,B
5041.0,English,A
5041.0,Physical Education,D
5042.0,Math,A
5042.0,Science,A
5042.0,History,A
5042.0,English,C
5042.0,Physical Education,F
5043.0,Math,D
5043.0,Science,F
5043.0,History,F
5043.0,English,F
5043.0,Physical Education,C
5044.0,Math,D
5044.0,Science,D
5044.0,History,B
5044.0,English,D
5044.0,Physical Education,B
5045.0,Math,C
5045.0,Science,A
5045.0,History,A
5045.0,English,C
5045.0,Physical Education,B
5046.0,Math,B
5046.0,Science,A
5046.0,History,F
5046.0,English,D
5046.0,Physical Education,C
5047.0,Math,D
5047.0,Science,B
5047.0,History,C
5047.0,English,B
5047.0,Physical Education,B
5048.0,Math,F
5048.0,Science,D
5048.0,History,F
5048.0,English,D
5048.0,Physical Education,B
5049.0,Math,D
5049.0,Science,D
5049.0,History,A
5049.0,English,D
5049.0,Physical Education,A
5050.0,Math,D
5050.0,Science,B
5050.0,History,F
5050.0,English,A
5050.0,Physical Education,C
5051.0,Math,D
5051.0,Science,B
5051.0,History,C
5051.0,English,A
5051.0,Physical Education,B
5052.0,Math,A
5052.0,Science,B
5052.0,History,A
5052.0,English,B
5052.0,Physical Education,F
5053.0,Math,A
5053.0,Science,A
5053.0,History,B
5053.0,English,F
5053.0,Physical Education,A
5054.0,Math,D
5054.0,Science,B
5054.0,History,F
5054.0,English,C
5054.0,Physical Education,B
5055.0,Math,C
5055.0,Science,D
5055.0,History,D
5055.0,English,D
5055.0,Physical Education,B
5056.0,Math,C
5056.0,Science,B
5056.0,History,B
5056.0,English,B
5056.0,Physical Education,B
5057.0,Math,F
5057.0,Science,D
5057.0,History,B
5057.0,English,C
5057.0,Physical Education,C
5058.0,Math,B
5058.0,Science,B
5058.0,History,D
5058.0,English,F
5058.0,Physical Education,A
5059.0,Math,D
5059.0,Science,A
5059.0,History,F
5059.0,English,A
5059.0,Physical Education,F
5060.0,Math,C
5060.0,Science,D
5060.0,History,F
5060.0,English,B
5060.0,Physical Education,B
5061.0,Math,B
5061.0,Science,C
5061.0,History,B
5061.0,English,A
5061.0,Physical Education,F
5062.0,Math,D
5062.0,Science,F
5062.0,History,B
5062.0,English,B
5062.0,Physical Education,F
5063.0,Math,C
5063.0,Science,F
5063.0,History,F
5063.0,English,A
5063.0,Physical Education,C
5064.0,Math,A
5064.0,Science,C
5064.0,History,A
5064.0,English,A
5064.0,Physical Education,C
5065.0,Math,A
5065.0,Science,F
5065.0,History,F
5065.0,English,F
5065.0,Physical Education,C
5066.0,Math,B
5066.0,Science,C
5066.0,History,F
5066.0,English,B
5066.0,Physical Education,F
5067.0,Math,D
5067.0,Science,F
5067.0,History,D
5067.0,English,F
5067.0,Physical Education,F
5068.0,Math,C
5068.0,Science,B
5068.0,History,D
5068.0,English,C
5068.0,Physical Education,D
5069.0,Math,C
5069.0,Science,B
5069.0,History,A
5069.0,English,D
5069.0,Physical Education,B
5070.0,Math,B
5070.0,Science,A
5070.0,History,F
5070.0,English,F
5070.0,Physical Education,B
5071.0,Math,A
5071.0,Science,D
5071.0,History,B
5071.0,English,A
5071.0,Physical Education,F
5072.0,Math,F
5072.0,Science,D
5072.0,History,D
5072.0,English,F
5072.0,Physical Education,D
5073.0,Math,C
5073.0,Science,F
5073.0,History,C
5073.0,English,D
5073.0,Physical Education,B
5074.0,Math,F
5074.0,Science,D
5074.0,History,B
5074.0,English,D
5074.0,Physical Education,D
5075.0,Math,C
5075.0,Science,F
5075.0,History,A
5075.0,English,F
5075.0,Physical Education,B
5076.0,Math,B
5076.0,Science,C
5076.0,History,D
5076.0,English,A
5076.0,Physical Education,C
5077.0,Math,F
5077.0,Science,B
5077.0,History,B
5077.0,English,D
5077.0,Physical Education,C
5078.0,Math,F
5078.0,Science,B
5078.0,History,D
5078.0,English,C
5078.0,Physical Education,C
5079.0,Math,B
5079.0,Science,C
5079.0,History,F
5079.0,English,F
5079.0,Physical Education,C
5080.0,Math,C
5080.0,Science,D
5080.0,History,A
5080.0,English,C
5080.0,Physical Education,A
5081.0,Math,A
5081.0,Science,D
5081.0,History,C
5081.0,English,C
5081.0,Physical Education,A
5082.0,Math,A
5082.0,Science,C
5082.0,History,A
5082.0,English,F
5082.0,Physical Education,B
5083.0,Math,F
5083.0,Science,D
5083.0,History,A
5083.0,English,A
5083.0,Physical Education,A
5084.0,Math,F
5084.0,Science,D
5084.0,History,A
5084.0,English,F
5084.0,Physical Education,F
5085.0,Math,C
5085.0,Science,D
5085.0,History,C
5085.0,English,C
5085.0,Physical Education,A
5086.0,Math,B
5086.0,Science,C
5086.0,History,C
5086.0,English,D
5086.0,Physical Education,B
5087.0,Math,B
5087.0,Science,B
5087.0,History,C
5087.0,English,F
5087.0,Physical Education,F
5088.0,Math,B
5088.0,Science,C
5088.0,History,F
5088.0,English,B
5088.0,Physical Education,A
5089.0,Math,D
5089.0,Science,C
5089.0,History,F
5089.0,English,A
5089.0,Physical Education,D
5090.0,Math,F
5090.0,Science,D
5090.0,History,F
5090.0,English,D
5090.0,Physical Education,F
5091.0,Math,F
5091.0,Science,C
5091.0,History,C
5091.0,English,F
5091.0,Physical Education,C
5092.0,Math,C
5092.0,Science,A
5092.0,History,B
5092.0,English,B
5092.0,Physical Education,B
5093.0,Math,A
5093.0,Science,F
5093.0,History,A
5093.0,English,B
5093.0,Physical Education,F
5094.0,Math,F
5094.0,Science,B
5094.0,History,B
5094.0,English,F
5094.0,Physical Education,F
5095.0,Math,F
5095.0,Science,B
5095.0,History,A
5095.0,English,F
5095.0,Physical Education,B
5096.0,Math,A
5096.0,Science,B
5096.0,History,A
5096.0,English,D
5096.0,Physical Education,F
5097.0,Math,F
5097.0,Science,D
5097.0,History,A
5097.0,English,D
5097.0,Physical Education,A
5098.0,Math,D
5098.0,Science,D
5098.0,History,B
5098.0,English,A
5098.0,Physical Education,B
5099.0,Math,D
5099.0,Science,B
5099.0,History,B
5099.0,English,D
5099.0,Physical Education,C
5100.0,Math,A
5100.0,Science,D
5100.0,History,C
5100.0,English,A
5100.0,Physical Education,F
5101.0,Math,D
5101.0,Science,B
5101.0,History,C
5101.0,English,B
5101.0,Physical Education,C
5102.0,Math,D
5102.0,Science,C
5102.0,History,A
5102.0,English,B
5102.0,Physical Education,B
5103.0,Math,C
5103.0,Science,C
5103.0,History,B
5103.0,English,C
5103.0,Physical Education,B
5104.0,Math,D
5104.0,Science,D
5104.0,History,A
5104.0,English,A
5104.0,Physical Education,D
5105.0,Math,F
5105.0,Science,D
5105.0,History,F
5105.0,English,A
5105.0,Physical Education,B
5106.0,Math,B
5106.0,Science,A
5106.0,History,B
5106.0,English,A
5106.0,Physical Education,F
5107.0,Math,B
5107.0,Science,F
5107.0,History,D
5107.0,English,D
5107.0,Physical Education,F
5108.0,Math,C
5108.0,Science,A
5108.0,History,F
5108.0,English,A
5108.0,Physical Education,B
5109.0,Math,A
5109.0,Science,B
5109.0,History,C
5109.0,English,A
5109.0,Physical Education,F
5110.0,Math,B
5110.0,Science,B
5110.0,History,A
5110.0,English,C
5110.0,Physical Education,C
5111.0,Math,B
5111.0,Science,C
5111.0,History,B
5111.0,English,F
5111.0,Physical Education,D
5112.0,Math,F
5112.0,Science,D
5112.0,History,D
5112.0,English,F
5112.0,Physical Education,F
5113.0,Math,F
5113.0,Science,F
5113.0,History,D
5113.0,English,F
5113.0,Physical Education,D
5114.0,Math,A
5114.0,Science,C
5114.0,History,F
5114.0,English,A
5114.0,Physical Education,C
5115.0,Math,C
5115.0,Science,F
5115.0,History,B
5115.0,English,A
5115.0,Physical Education,B
5116.0,Math,B
5116.0,Science,B
5116.0,History,A
5116.0,English,F
5116.0,Physical Education,F
5117.0,Math,B
5117.0,Science,A
5117.0,History,B
5117.0,English,C
5117.0,Physical Education,F
5118.0,Math,C
5118.0,Science,B
5118.0,History,F
5118.0,English,D
5118.0,Physical Education,D
5119.0,Math,F
5119.0,Science,A
5119.0,History,F
5119.0,English,B
5119.0,Physical Education,F
5120.0,Math,B
5120.0,Science,F
5120.0,History,D
5120.0,English,A
5120.0,Physical Education,C
5121.0,Math,A
5121.0,Science,B
5121.0,History,B
5121.0,English,A
5121.0,Physical Education,C
5122.0,Math,F
5122.0,Science,D
5122.0,History,A
5122.0,English,D
5122.0,Physical Education,A
5123.0,Math,C
5123.0,Science,D
5123.0,History,B
5123.0,English,C
5123.0,Physical Education,F
5124.0,Math,C
5124.0,Science,A
5124.0,History,A
5124.0,English,F
5124.0,Physical Education,C
5125.0,Math,F
5125.0,Science,F
5125.0,History,D
5125.0,English,C
5125.0,Physical Education,B
5126.0,Math,A
5126.0,Science,B
5126.0,History,C
5126.0,English,B
5126.0,Physical Education,D
5127.0,Math,F
5127.0,Science,D
5127.0,History,A
5127.0,English,C
5127.0,Physical Education,D
5128.0,Math,B
5128.0,Science,C
5128.0,History,F
5128.0,English,B
5128.0,Physical Education,D
5129.0,Math,B
5129.0,Science,B
5129.0,History,C
5129.0,English,A
5129.0,Physical Education,B
5130.0,Math,F
5130.0,Science,F
5130.0,History,B
5130.0,English,F
5130.0,Physical Education,F
5131.0,Math,F
5131.0,Science,F
5131.0,History,B
5131.0,English,C
5131.0,Physical Education,D
5132.0,Math,B
5132.0,Science,D
5132.0,History,A
5132.0,English,F
5132.0,Physical Education,C
5133.0,Math,D
5133.0,Science,B
5133.0,History,A
5133.0,English,A
5133.0,Physical Education,A
5134.0,Math,A
5134.0,Science,F
5134.0,History,F
5134.0,English,B
5134.0,Physical Education,D
5135.0,Math,C
5135.0,Science,F
5135.0,History,B
5135.0,English,A
5135.0,Physical Education,D
5136.0,Math,F
5136.0,Science,B
5136.0,History,F
5136.0,English,B
5136.0,Physical Education,F
5137.0,Math,F
5137.0,Science,F
5137.0,History,F
5137.0,English,C
5137.0,Physical Education,F
5138.0,Math,B
5138.0,Science,D
5138.0,History,D
5138.0,English,B
5138.0,Physical Education,B
5139.0,Math,C
5139.0,Science,A
5139.0,History,D
5139.0,English,A
5139.0,Physical Education,F
5140.0,Math,C
5140.0,Science,B
5140.0,History,F
5140.0,English,A
5140.0,Physical Education,A
5141.0,Math,A
5141.0,Science,A
5141.0,History,B
5141.0,English,A
5141.0,Physical Education,F
5142.0,Math,A
5142.0,Science,A
5142.0,History,A
5142.0,English,D
5142.0,Physical Education,B
5143.0,Math,F
5143.0,Science,C
5143.0,History,C
5143.0,English,D
5143.0,Physical Education,B
5144.0,Math,A
5144.0,Science,B
5144.0,History,F
5144.0,English,D
5144.0,Physical Education,B
5145.0,Math,D
5145.0,Science,D
5145.0,History,B
5145.0,English,B
5145.0,Physical Education,D
5146.0,Math,D
5146.0,Science,F
5146.0,History,F
5146.0,English,B
5146.0,Physical Education,A
5147.0,Math,D
5147.0,Science,F
5147.0,History,C
5147.0,English,C
5147.0,Physical Education,F
5148.0,Math,C
5148.0,Science,C
5148.0,History,B
5148.0,English,B
5148.0,Physical Education,C
5149.0,Math,F
5149.0,Science,A
5149.0,History,B
5149.0,English,A
5149.0,Physical Education,F
5150.0,Math,A
5150.0,Science,D
5150.0,History,B
5150.0,English,F
5150.0,Physical Education,D
5151.0,Math,C
5151.0,Science,C
5151.0,History,D
5151.0,English,C
5151.0,Physical Education,A
5152.0,Math,D
5152.0,Science,F
5152.0,History,C
5152.0,English,B
5152.0,Physical Education,D
5153.0,Math,D
5153.0,Science,F
5153.0,History,C
5153.0,English,D
5153.0,Physical Education,F
5154.0,Math,A
5154.0,Science,B
5154.0,History,A
5154.0,English,F
5154.0,Physical Education,A
5155.0,Math,D
5155.0,Science,A
5155.0,History,B
5155.0,English,B
5155.0,Physical Education,D
5156.0,Math,B
5156.0,Science,C
5156.0,History,B
5156.0,English,A
5156.0,Physical Education,D
5157.0,Math,C
5157.0,Science,F
5157.0,History,D
5157.0,English,C
5157.0,Physical Education,C
5158.0,Math,A
5158.0,Science,F
5158.0,History,D
5158.0,English,C
5158.0,Physical Education,A
5159.0,Math,F
5159.0,Science,F
5159.0,History,A
5159.0,English,D
5159.0,Physical Education,C
5160.0,Math,C
5160.0,Science,D
5160.0,History,C
5160.0,English,A
5160.0,Physical Education,F
5161.0,Math,D
5161.0,Science,C
5161.0,History,A
5161.0,English,B
5161.0,Physical Education,C
5162.0,Math,B
5162.0,Science,A
5162.0,History,B
5162.0,English,A
5162.0,Physical Education,F
5163.0,Math,D
5163.0,Science,C
5163.0,History,F
5163.0,English,A
5163.0,Physical Education,B
5164.0,Math,A
5164.0,Science,B
5164.0,History,B
5164.0,English,B
5164.0,Physical Education,B
5165.0,Math,A
5165.0,Science,A
5165.0,History,D
5165.0,English,D
5165.0,Physical Education,B
5166.0,Math,B
5166.0,Science,D
5166.0,History,B
5166.0,English,A
5166.0,Physical Education,D
5167.0,Math,C
5167.0,Science,F
5167.0,History,A
5167.0,English,C
5167.0,Physical Education,A
5168.0,Math,F
5168.0,Science,B
5168.0,History,A
5168.0,English,B
5168.0,Physical Education,C
5169.0,Math,F
5169.0,Science,D
5169.0,History,A
5169.0,English,B
5169.0,Physical Education,B
5170.0,Math,F
5170.0,Science,F
5170.0,History,B
5170.0,English,D
5170.0,Physical Education,D
5171.0,Math,A
5171.0,Science,B
5171.0,History,B
5171.0,English,D
5171.0,Physical Education,A
5172.0,Math,A
5172.0,Science,A
5172.0,History,C
5172.0,English,F
5172.0,Physical Education,B
5173.0,Math,A
5173.0,Science,F
5173.0,History,C
5173.0,English,A
5173.0,Physical Education,D
5174.0,Math,A
5174.0,Science,C
5174.0,History,A
5174.0,English,D
5174.0,Physical Education,C
5175.0,Math,C
5175.0,Science,C
5175.0,History,D
5175.0,English,D
5175.0,Physical Education,B
5176.0,Math,D
5176.0,Science,F
5176.0,History,C
5176.0,English,F
5176.0,Physical Education,D
5177.0,Math,D
5177.0,Science,D
5177.0,History,B
5177.0,English,B
5177.0,Physical Education,D
5178.0,Math,C
5178.0,Science,F
5178.0,History,B
5178.0,English,A
5178.0,Physical Education,F
5179.0,Math,F
5179.0,Science,B
5179.0,History,F
5179.0,English,F
5179.0,Physical Education,A
5180.0,Math,D
5180.0,Science,C
5180.0,History,F
5180.0,English,A
5180.0,Physical Education,C
5181.0,Math,D
5181.0,Science,C
5181.0,History,A
5181.0,English,F
5181.0,Physical Education,D
5182.0,Math,B
5182.0,Science,C
5182.0,History,D
5182.0,English,C
5182.0,Physical Education,F
5183.0,Math,B
5183.0,Science,B
5183.0,History,C
5183.0,English,D
5183.0,Physical Education,B
5184.0,Math,F
5184.0,Science,C
5184.0,History,D
5184.0,English,F
5184.0,Physical Education,C
5185.0,Math,C
5185.0,Science,B
5185.0,History,C
5185.0,English,B
5185.0,Physical Education,D
5186.0,Math,A
5186.0,Science,D
5186.0,History,D
5186.0,English,A
5186.0,Physical Education,A
5187.0,Math,F
5187.0,Science,F
5187.0,History,F
5187.0,English,B
5187.0,Physical Education,C
5188.0,Math,F
5188.0,Science,D
5188.0,History,F
5188.0,English,C
5188.0,Physical Education,C
5189.0,Math,C
5189.0,Science,C
5189.0,History,C
5189.0,English,F
5189.0,Physical Education,F
5190.0,Math,A
5190.0,Science,B
5190.0,History,B
5190.0,English,A
5190.0,Physical Education,F
5191.0,Math,A
5191.0,Science,C
5191.0,History,D
5191.0,English,F
5191.0,Physical Education,A
5192.0,Math,B
5192.0,Science,A
5192.0,History,F
5192.0,English,D
5192.0,Physical Education,D
5193.0,Math,D
5193.0,Science,C
5193.0,History,D
5193.0,English,A
5193.0,Physical Education,C
5194.0,Math,A
5194.0,Science,B
5194.0,History,D
5194.0,English,A
5194.0,Physical Education,F
5195.0,Math,D
5195.0,Science,F
5195.0,History,A
5195.0,English,A
5195.0,Physical Education,C
5196.0,Math,D
5196.0,Science,B
5196.0,History,D
5196.0,English,A
5196.0,Physical Education,F
5197.0,Math,A
5197.0,Science,D
5197.0,History,C
5197.0,English,A
5197.0,Physical Education,C
5198.0,Math,C
5198.0,Science,F
5198.0,History,A
5198.0,English,F
5198.0,Physical Education,C
5199.0,Math,C
5199.0,Science,D
5199.0,History,C
5199.0,English,D
5199.0,Physical Education,B
5200.0,Math,C
5200.0,Science,A
5200.0,History,F
5200.0,English,F
5200.0,Physical Education,B
5201.0,Math,B
5201.0,Science,D
5201.0,History,B
5201.0,English,C
5201.0,Physical Education,F
5202.0,Math,F
5202.0,Science,F
5202.0,History,A
5202.0,English,B
5202.0,Physical Education,C
5203.0,Math,D
5203.0,Science,B
5203.0,History,C
5203.0,English,A
5203.0,Physical Education,F
5204.0,Math,B
5204.0,Science,C
5204.0,History,F
5204.0,English,D
5204.0,Physical Education,B
5205.0,Math,D
5205.0,Science,D
5205.0,History,F
5205.0,English,F
5205.0,Physical Education,B
5206.0,Math,F
5206.0,Science,D
5206.0,History,B
5206.0,English,F
5206.0,Physical Education,B
5207.0,Math,A
5207.0,Science,C
5207.0,History,D
5207.0,English,D
5207.0,Physical Education,C
5208.0,Math,B
5208.0,Science,A
5208.0,History,A
5208.0,English,D
5208.0,Physical Education,D
5209.0,Math,A
5209.0,Science,C
5209.0,History,B
5209.0,English,D
5209.0,Physical Education,C
5210.0,Math,A
5210.0,Science,D
5210.0,History,C
5210.0,English,A
5210.0,Physical Education,B
5211.0,Math,F
5211.0,Science,D
5211.0,History,B
5211.0,English,A
5211.0,Physical Education,F
5212.0,Math,F
5212.0,Science,B
5212.0,History,D
5212.0,English,B
5212.0,Physical Education,D
5213.0,Math,D
5213.0,Science,B
5213.0,History,D
5213.0,English,A
5213.0,Physical Education,B
5214.0,Math,D
5214.0,Science,C
5214.0,History,C
5214.0,English,D
5214.0,Physical Education,D
5215.0,Math,B
5215.0,Science,C
5215.0,History,A
5215.0,English,C
5215.0,Physical Education,A
5216.0,Math,A
5216.0,Science,F
5216.0,History,B
5216.0,English,D
5216.0,Physical Education,A
5217.0,Math,C
5217.0,Science,F
5217.0,History,A
5217.0,English,F
5217.0,Physical Education,A
5218.0,Math,A
5218.0,Science,A
5218.0,History,A
5218.0,English,C
5218.0,Physical Education,B
5219.0,Math,B
5219.0,Science,A
5219.0,History,C
5219.0,English,B
5219.0,Physical Education,D
5220.0,Math,A
5220.0,Science,B
5220.0,History,C
5220.0,English,C
5220.0,Physical Education,F
5221.0,Math,D
5221.0,Science,B
5221.0,History,F
5221.0,English,D
5221.0,Physical Education,F
5222.0,Math,A
5222.0,Science,C
5222.0,History,A
5222.0,English,D
5222.0,Physical Education,A
5223.0,Math,A
5223.0,Science,D
5223.0,History,F
5223.0,English,B
5223.0,Physical Education,F
5224.0,Math,D
5224.0,Science,A
5224.0,History,D
5224.0,English,D
5224.0,Physical Education,A
5225.0,Math,A
5225.0,Science,D
5225.0,History,A
5225.0,English,F
5225.0,Physical Education,D
5226.0,Math,A
5226.0,Science,F
5226.0,History,F
5226.0,English,C
5226.0,Physical Education,C
5227.0,Math,F
5227.0,Science,A
5227.0,History,A
5227.0,English,A
5227.0,Physical Education,F
5228.0,Math,A
5228.0,Science,C
5228.0,History,F
5228.0,English,C
5228.0,Physical Education,B
5229.0,Math,C
5229.0,Science,D
5229.0,History,C
5229.0,English,F
5229.0,Physical Education,C
5230.0,Math,F
5230.0,Science,C
5230.0,History,F
5230.0,English,D
5230.0,Physical Education,C
5231.0,Math,A
5231.0,Science,A
5231.0,History,F
5231.0,English,B
5231.0,Physical Education,C
5232.0,Math,D
5232.0,Science,C
5232.0,History,B
5232.0,English,A
5232.0,Physical Education,B
5233.0,Math,C
5233.0,Science,D
5233.0,History,C
5233.0,English,C
5233.0,Physical Education,C
5234.0,Math,D
5234.0,Science,F
5234.0,History,F
5234.0,English,C
5234.0,Physical Education,C
5235.0,Math,B
5235.0,Science,B
5235.0,History,F
5235.0,English,F
5235.0,Physical Education,C
5236.0,Math,F
5236.0,Science,F
5236.0,History,A
5236.0,English,B
5236.0,Physical Education,F
5237.0,Math,D
5237.0,Science,A
5237.0,History,D
5237.0,English,A
5237.0,Physical Education,C
5238.0,Math,A
5238.0,Science,D
5238.0,History,B
5238.0,English,B
5238.0,Physical Education,B
5239.0,Math,D
5239.0,Science,F
5239.0,History,C
5239.0,English,C
5239.0,Physical Education,D
5240.0,Math,F
5240.0,Science,B
5240.0,History,B
5240.0,English,D
5240.0,Physical Education,C
5241.0,Math,F
5241.0,Science,A
5241.0,History,C
5241.0,English,F
5241.0,Physical Education,B
5242.0,Math,B
5242.0,Science,F
5242.0,History,F
5242.0,English,B
5242.0,Physical Education,B
5243.0,Math,D
5243.0,Science,A
5243.0,History,C
5243.0,English,D
5243.0,Physical Education,F
5244.0,Math,B
5244.0,Science,C
5244.0,History,A
5244.0,English,C
5244.0,Physical Education,A
5245.0,Math,C
5245.0,Science,B
5245.0,History,B
5245.0,English,D
5245.0,Physical Education,B
5246.0,Math,A
5246.0,Science,D
5246.0,History,F
5246.0,English,A
5246.0,Physical Education,F
5247.0,Math,D
5247.0,Science,F
5247.0,History,D
5247.0,English,C
5247.0,Physical Education,B
5248.0,Math,A
5248.0,Science,F
5248.0,History,A
5248.0,English,F
5248.0,Physical Education,B
5249.0,Math,D
5249.0,Science,A
5249.0,History,B
5249.0,English,D
5249.0,Physical Education,D
5250.0,Math,A
5250.0,Science,A
5250.0,History,C
5250.0,English,B
5250.0,Physical Education,D
5251.0,Math,D
5251.0,Science,D
5251.0,History,F
5251.0,English,C
5251.0,Physical Education,B
5252.0,Math,B
5252.0,Science,C
5252.0,History,C
5252.0,English,B
5252.0,Physical Education,B
5253.0,Math,F
5253.0,Science,D
5253.0,History,D
5253.0,English,A
5253.0,Physical Education,D
5254.0,Math,F
5254.0,Science,C
5254.0,History,B
5254.0,English,A
5254.0,Physical Education,D
5255.0,Math,F
5255.0,Science,C
5255.0,History,D
5255.0,English,A
5255.0,Physical Education,B
5256.0,Math,F
5256.0,Science,A
5256.0,History,A
5256.0,English,A
5256.0,Physical Education,F
5257.0,Math,B
5257.0,Science,D
5257.0,History,A
5257.0,English,C
5257.0,Physical Education,C
5258.0,Math,A
5258.0,Science,C
5258.0,History,B
5258.0,English,A
5258.0,Physical Education,A
5259.0,Math,D
5259.0,Science,A
5259.0,History,D
5259.0,English,A
5259.0,Physical Education,B
5260.0,Math,D
5260.0,Science,A
5260.0,History,B
5260.0,English,B
5260.0,Physical Education,B
5261.0,Math,D
5261.0,Science,C
5261.0,History,F
5261.0,English,B
5261.0,Physical Education,A
5262.0,Math,A
5262.0,Science,C
5262.0,History,B
5262.0,English,A
5262.0,Physical Education,B
5263.0,Math,D
5263.0,Science,B
5263.0,History,D
5263.0,English,F
5263.0,Physical Education,F
5264.0,Math,D
5264.0,Science,D
5264.0,History,A
5264.0,English,D
5264.0,Physical Education,B
5265.0,Math,A
5265.0,Science,D
5265.0,History,F
5265.0,English,B
5265.0,Physical Education,D
5266.0,Math,A
5266.0,Science,D
5266.0,History,A
5266.0,English,D
5266.0,Physical Education,A
5267.0,Math,D
5267.0,Science,C
5267.0,History,D
5267.0,English,D
5267.0,Physical Education,D
5268.0,Math,A
5268.0,Science,A
5268.0,History,C
5268.0,English,D
5268.0,Physical Education,B
5269.0,Math,B
5269.0,Science,A
5269.0,History,C
5269.0,English,A
5269.0,Physical Education,B
5270.0,Math,C
5270.0,Science,C
5270.0,History,B
5270.0,English,C
5270.0,Physical Education,C
5271.0,Math,D
5271.0,Science,C
5271.0,History,D
5271.0,English,A
5271.0,Physical Education,A
5272.0,Math,A
5272.0,Science,C
5272.0,History,D
5272.0,English,B
5272.0,Physical Education,A
5273.0,Math,C
5273.0,Science,D
5273.0,History,A
5273.0,English,D
5273.0,Physical Education,F
5274.0,Math,C
5274.0,Science,A
5274.0,History,C
5274.0,English,C
5274.0,Physical Education,B
5275.0,Math,D
5275.0,Science,B
5275.0,History,A
5275.0,English,C
5275.0,Physical Education,A
5276.0,Math,B
5276.0,Science,B
5276.0,History,B
5276.0,English,D
5276.0,Physical Education,D
5277.0,Math,F
5277.0,Science,D
5277.0,History,F
5277.0,English,F
5277.0,Physical Education,B
5278.0,Math,B
5278.0,Science,F
5278.0,History,D
5278.0,English,C
5278.0,Physical Education,D
5279.0,Math,D
5279.0,Science,B
5279.0,History,F
5279.0,English,C
5279.0,Physical Education,C
5280.0,Math,A
5280.0,Science,B
5280.0,History,A
5280.0,English,C
5280.0,Physical Education,F
5281.0,Math,F
5281.0,Science,D
5281.0,History,C
5281.0,English,A
5281.0,Physical Education,D
5282.0,Math,F
5282.0,Science,D
5282.0,History,B
5282.0,English,D
5282.0,Physical Education,C
5283.0,Math,D
5283.0,Science,A
5283.0,History,B
5283.0,English,A
5283.0,Physical Education,B
5284.0,Math,C
5284.0,Science,F
5284.0,History,A
5284.0,English,D
5284.0,Physical Education,F
5285.0,Math,F
5285.0,Science,C
5285.0,History,B
5285.0,English,C
5285.0,Physical Education,C
5286.0,Math,B
5286.0,Science,B
5286.0,History,A
5286.0,English,D
5286.0,Physical Education,F
5287.0,Math,A
5287.0,Science,A
5287.0,History,C
5287.0,English,B
5287.0,Physical Education,B
5288.0,Math,D
5288.0,Science,D
5288.0,History,B
5288.0,English,B
5288.0,Physical Education,A
5289.0,Math,C
5289.0,Science,B
5289.0,History,D
5289.0,English,C
5289.0,Physical Education,D
5290.0,Math,B
5290.0,Science,A
5290.0,History,C
5290.0,English,A
5290.0,Physical Education,A
5291.0,Math,C
5291.0,Science,A
5291.0,History,C
5291.0,English,A
5291.0,Physical Education,D
5292.0,Math,C
5292.0,Science,F
5292.0,History,D
5292.0,English,A
5292.0,Physical Education,D
5293.0,Math,B
5293.0,Science,C
5293.0,History,D
5293.0,English,A
5293.0,Physical Education,A
5294.0,Math,B
5294.0,Science,A
5294.0,History,F
5294.0,English,C
5294.0,Physical Education,A
5295.0,Math,F
5295.0,Science,C
5295.0,History,C
5295.0,English,C
5295.0,Physical Education,D
5296.0,Math,F
5296.0,Science,A
5296.0,History,D
5296.0,English,C
5296.0,Physical Education,C
5297.0,Math,D
5297.0,Science,B
5297.0,History,C
5297.0,English,F
5297.0,Physical Education,D
5298.0,Math,F
5298.0,Science,D
5298.0,History,A
5298.0,English,D
5298.0,Physical Education,F
5299.0,Math,B
5299.0,Science,B
5299.0,History,D
5299.0,English,C
5299.0,Physical Education,D
5300.0,Math,F
5300.0,Science,F
5300.0,History,C
5300.0,English,C
5300.0,Physical Education,C
5301.0,Math,A
5301.0,Science,B
5301.0,History,A
5301.0,English,C
5301.0,Physical Education,C
5302.0,Math,B
5302.0,Science,F
5302.0,History,C
5302.0,English,F
5302.0,Physical Education,F
5303.0,Math,F
5303.0,Science,B
5303.0,History,C
5303.0,English,B
5303.0,Physical Education,F
5304.0,Math,F
5304.0,Science,A
5304.0,History,D
5304.0,English,F
5304.0,Physical Education,D
5305.0,Math,B
5305.0,Science,C
5305.0,History,C
5305.0,English,C
5305.0,Physical Education,F
5306.0,Math,C
5306.0,Science,D
5306.0,History,D
5306.0,English,A
5306.0,Physical Education,A
5307.0,Math,A
5307.0,Science,C
5307.0,History,B
5307.0,English,B
5307.0,Physical Education,A
5308.0,Math,F
5308.0,Science,F
5308.0,History,D
5308.0,English,D
5308.0,Physical Education,B
5309.0,Math,F
5309.0,Science,C
5309.0,History,C
5309.0,English,A
5309.0,Physical Education,D
5310.0,Math,D
5310.0,Science,A
5310.0,History,C
5310.0,English,A
5310.0,Physical Education,B
5311.0,Math,F
5311.0,Science,B
5311.0,History,F
5311.0,English,F
5311.0,Physical Education,F
5312.0,Math,F
5312.0,Science,F
5312.0,History,B
5312.0,English,D
5312.0,Physical Education,F
5313.0,Math,F
5313.0,Science,C
5313.0,History,D
5313.0,English,A
5313.0,Physical Education,B
5314.0,Math,D
5314.0,Science,D
5314.0,History,A
5314.0,English,D
5314.0,Physical Education,D
5315.0,Math,F
5315.0,Science,D
5315.0,History,F
5315.0,English,F
5315.0,Physical Education,B
5316.0,Math,C
5316.0,Science,C
5316.0,History,F
5316.0,English,B
5316.0,Physical Education,A
5317.0,Math,D
5317.0,Science,F
5317.0,History,F
5317.0,English,D
5317.0,Physical Education,C
5318.0,Math,D
5318.0,Science,C
5318.0,History,F
5318.0,English,A
5318.0,Physical Education,C
5319.0,Math,F
5319.0,Science,D
5319.0,History,B
5319.0,English,B
5319.0,Physical Education,A
5320.0,Math,A
5320.0,Science,C
5320.0,History,D
5320.0,English,F
5320.0,Physical Education,B
5321.0,Math,C
5321.0,Science,A
5321.0,History,D
5321.0,English,F
5321.0,Physical Education,A
5322.0,Math,F
5322.0,Science,C
5322.0,History,C
5322.0,English,D
5322.0,Physical Education,B
5323.0,Math,C
5323.0,Science,C
5323.0,History,A
5323.0,English,C
5323.0,Physical Education,D
5324.0,Math,C
5324.0,Science,B
5324.0,History,A
5324.0,English,A
5324.0,Physical Education,A
5325.0,Math,C
5325.0,Science,F
5325.0,History,D
5325.0,English,C
5325.0,Physical Education,F
5326.0,Math,B
5326.0,Science,A
5326.0,History,F
5326.0,English,D
5326.0,Physical Education,F
5327.0,Math,A
5327.0,Science,B
5327.0,History,B
5327.0,English,A
5327.0,Physical Education,F
5328.0,Math,F
5328.0,Science,D
5328.0,History,F
5328.0,English,C
5328.0,Physical Education,A
5329.0,Math,A
5329.0,Science,A
5329.0,History,A
5329.0,English,F
5329.0,Physical Education,F
5330.0,Math,F
5330.0,Science,A
5330.0,History,B
5330.0,English,A
5330.0,Physical Education,B
5331.0,Math,D
5331.0,Science,A
5331.0,History,B
5331.0,English,D
5331.0,Physical Education,D
5332.0,Math,B
5332.0,Science,A
5332.0,History,C
5332.0,English,C
5332.0,Physical Education,B
5333.0,Math,F
5333.0,Science,F
5333.0,History,F
5333.0,English,D
5333.0,Physical Education,B
5334.0,Math,C
5334.0,Science,D
5334.0,History,D
5334.0,English,F
5334.0,Physical Education,D
5335.0,Math,B
5335.0,Science,D
5335.0,History,C
5335.0,English,C
5335.0,Physical Education,D
5336.0,Math,A
5336.0,Science,B
5336.0,History,A
5336.0,English,B
5336.0,Physical Education,D
5337.0,Math,C
5337.0,Science,D
5337.0,History,D
5337.0,English,A
5337.0,Physical Education,C
5338.0,Math,D
5338.0,Science,B
5338.0,History,F
5338.0,English,A
5338.0,Physical Education,B
5339.0,Math,A
5339.0,Science,B
5339.0,History,C
5339.0,English,D
5339.0,Physical Education,C
5340.0,Math,D
5340.0,Science,D
5340.0,History,F
5340.0,English,D
5340.0,Physical Education,F
5341.0,Math,B
5341.0,Science,F
5341.0,History,C
5341.0,English,C
5341.0,Physical Education,C
5342.0,Math,D
5342.0,Science,D
5342.0,History,F
5342.0,English,D
5342.0,Physical Education,A
5343.0,Math,F
5343.0,Science,D
5343.0,History,C
5343.0,English,F
5343.0,Physical Education,F
5344.0,Math,F
5344.0,Science,A
5344.0,History,F
5344.0,English,A
5344.0,Physical Education,F
5345.0,Math,C
5345.0,Science,A
5345.0,History,F
5345.0,English,A
5345.0,Physical Education,D
5346.0,Math,B
5346.0,Science,A
5346.0,History,B
5346.0,English,F
5346.0,Physical Education,D
5347.0,Math,B
5347.0,Science,D
5347.0,History,B
5347.0,English,C
5347.0,Physical Education,C
5348.0,Math,F
5348.0,Science,D
5348.0,History,C
5348.0,English,B
5348.0,Physical Education,C
5349.0,Math,D
5349.0,Science,B
5349.0,History,B
5349.0,English,F
5349.0,Physical Education,A
5350.0,Math,A
5350.0,Science,B
5350.0,History,D
5350.0,English,C
5350.0,Physical Education,C
5351.0,Math,A
5351.0,Science,D
5351.0,History,D
5351.0,English,C
5351.0,Physical Education,F
5352.0,Math,A
5352.0,Science,A
5352.0,History,C
5352.0,English,B
5352.0,Physical Education,A
5353.0,Math,A
5353.0,Science,D
5353.0,History,C
5353.0,English,C
5353.0,Physical Education,B
5354.0,Math,F
5354.0,Science,B
5354.0,History,C
5354.0,English,A
5354.0,Physical Education,D
5355.0,Math,F
5355.0,Science,B
5355.0,History,C
5355.0,English,B
5355.0,Physical Education,C
5356.0,Math,B
5356.0,Science,D
5356.0,History,C
5356.0,English,A
5356.0,Physical Education,B
5357.0,Math,D
5357.0,Science,F
5357.0,History,C
5357.0,English,C
5357.0,Physical Education,B
5358.0,Math,B
5358.0,Science,C
5358.0,History,F
5358.0,English,D
5358.0,Physical Education,B
5359.0,Math,C
5359.0,Science,D
5359.0,History,A
5359.0,English,C
5359.0,Physical Education,D
5360.0,Math,B
5360.0,Science,D
5360.0,History,C
5360.0,English,A
5360.0,Physical Education,F
5361.0,Math,B
5361.0,Science,F
5361.0,History,D
5361.0,English,D
5361.0,Physical Education,A
5362.0,Math,C
5362.0,Science,C
5362.0,History,D
5362.0,English,C
5362.0,Physical Education,D
5363.0,Math,F
5363.0,Science,C
5363.0,History,A
5363.0,English,B
5363.0,Physical Education,B
5364.0,Math,D
5364.0,Science,C
5364.0,History,D
5364.0,English,B
5364.0,Physical Education,B
5365.0,Math,B
5365.0,Science,D
5365.0,History,B
5365.0,English,F
5365.0,Physical Education,F
5366.0,Math,A
5366.0,Science,B
5366.0,History,C
5366.0,English,C
5366.0,Physical Education,C
5367.0,Math,D
5367.0,Science,B
5367.0,History,C
5367.0,English,C
5367.0,Physical Education,A
5368.0,Math,D
5368.0,Science,C
5368.0,History,B
5368.0,English,C
5368.0,Physical Education,B
5369.0,Math,D
5369.0,Science,B
5369.0,History,B
5369.0,English,B
5369.0,Physical Education,C
5370.0,Math,B
5370.0,Science,A
5370.0,History,D
5370.0,English,C
5370.0,Physical Education,B
5371.0,Math,F
5371.0,Science,D
5371.0,History,B
5371.0,English,B
5371.0,Physical Education,A
5372.0,Math,B
5372.0,Science,F
5372.0,History,D
5372.0,English,B
5372.0,Physical Education,D
5373.0,Math,D
5373.0,Science,A
5373.0,History,A
5373.0,English,A
5373.0,Physical Education,B
5374.0,Math,C
5374.0,Science,C
5374.0,History,D
5374.0,English,C
5374.0,Physical Education,A
5375.0,Math,F
5375.0,Science,D
5375.0,History,C
5375.0,English,C
5375.0,Physical Education,C
5376.0,Math,D
5376.0,Science,D
5376.0,History,F
5376.0,English,D
5376.0,Physical Education,B
5377.0,Math,D
5377.0,Science,B
5377.0,History,C
5377.0,English,B
5377.0,Physical Education,B
5378.0,Math,C
5378.0,Science,D
5378.0,History,D
5378.0,English,D
5378.0,Physical Education,B
5379.0,Math,C
5379.0,Science,B
5379.0,History,B
5379.0,English,B
5379.0,Physical Education,C
5380.0,Math,D
5380.0,Science,A
5380.0,History,D
5380.0,English,F
5380.0,Physical Education,D
5381.0,Math,D
5381.0,Science,C
5381.0,History,C
5381.0,English,B
5381.0,Physical Education,F
5382.0,Math,D
5382.0,Science,D
5382.0,History,A
5382.0,English,B
5382.0,Physical Education,C
5383.0,Math,B
5383.0,Science,B
5383.0,History,F
5383.0,English,D
5383.0,Physical Education,A
5384.0,Math,B
5384.0,Science,F
5384.0,History,A
5384.0,English,D
5384.0,Physical Education,C
5385.0,Math,F
5385.0,Science,B
5385.0,History,D
5385.0,English,C
5385.0,Physical Education,F
5386.0,Math,A
5386.0,Science,A
5386.0,History,B
5386.0,English,A
5386.0,Physical Education,A
5387.0,Math,A
5387.0,Science,D
5387.0,History,B
5387.0,English,D
5387.0,Physical Education,F
5388.0,Math,A
5388.0,Science,F
5388.0,History,D
5388.0,English,A
5388.0,Physical Education,F
5389.0,Math,D
5389.0,Science,A
5389.0,History,A
5389.0,English,F
5389.0,Physical Education,F
5390.0,Math,D
5390.0,Science,A
5390.0,History,C
5390.0,English,C
5390.0,Physical Education,B
5391.0,Math,D
5391.0,Science,D
5391.0,History,B
5391.0,English,D
5391.0,Physical Education,C
5392.0,Math,D
5392.0,Science,F
5392.0,History,D
5392.0,English,A
5392.0,Physical Education,F
5393.0,Math,F
5393.0,Science,C
5393.0,History,B
5393.0,English,A
5393.0,Physical Education,B
5394.0,Math,B
5394.0,Science,C
5394.0,History,F
5394.0,English,A
5394.0,Physical Education,D
5395.0,Math,F
5395.0,Science,D
5395.0,History,A
5395.0,English,B
5395.0,Physical Education,C
5396.0,Math,B
5396.0,Science,F
5396.0,History,A
5396.0,English,A
5396.0,Physical Education,B
5397.0,Math,A
5397.0,Science,C
5397.0,History,F
5397.0,English,D
5397.0,Physical Education,D
5398.0,Math,B
5398.0,Science,D
5398.0,History,B
5398.0,English,D
5398.0,Physical Education,B
5399.0,Math,A
5399.0,Science,D
5399.0,History,D
5399.0,English,B
5399.0,Physical Education,F
5400.0,Math,F
5400.0,Science,F
5400.0,History,A
5400.0,English,F
5400.0,Physical Education,A
5401.0,Math,C
5401.0,Science,B
5401.0,History,F
5401.0,English,A
5401.0,Physical Education,D
5402.0,Math,B
5402.0,Science,C
5402.0,History,B
5402.0,English,F
5402.0,Physical Education,C
5403.0,Math,D
5403.0,Science,B
5403.0,History,D
5403.0,English,A
5403.0,Physical Education,B
5404.0,Math,A
5404.0,Science,D
5404.0,History,C
5404.0,English,A
5404.0,Physical Education,C
5405.0,Math,C
5405.0,Science,C
5405.0,History,A
5405.0,English,B
5405.0,Physical Education,D
5406.0,Math,D
5406.0,Science,C
5406.0,History,A
5406.0,English,A
5406.0,Physical Education,B
5407.0,Math,C
5407.0,Science,B
5407.0,History,C
5407.0,English,F
5407.0,Physical Education,B
5408.0,Math,A
5408.0,Science,C
5408.0,History,B
5408.0,English,D
5408.0,Physical Education,B
5409.0,Math,A
5409.0,Science,C
5409.0,History,C
5409.0,English,A
5409.0,Physical Education,B
5410.0,Math,A
5410.0,Science,F
5410.0,History,C
5410.0,English,F
5410.0,Physical Education,A
5411.0,Math,C
5411.0,Science,A
5411.0,History,D
5411.0,English,B
5411.0,Physical Education,F
5412.0,Math,D
5412.0,Science,D
5412.0,History,D
5412.0,English,C
5412.0,Physical Education,A
5413.0,Math,F
5413.0,Science,F
5413.0,History,D
5413.0,English,A
5413.0,Physical Education,C
5414.0,Math,B
5414.0,Science,C
5414.0,History,B
5414.0,English,D
5414.0,Physical Education,F
5415.0,Math,C
5415.0,Science,B
5415.0,History,B
5415.0,English,B
5415.0,Physical Education,F
5416.0,Math,A
5416.0,Science,A
5416.0,History,A
5416.0,English,C
5416.0,Physical Education,C
5417.0,Math,C
5417.0,Science,F
5417.0,History,A
5417.0,English,B
5417.0,Physical Education,F
5418.0,Math,B
5418.0,Science,A
5418.0,History,C
5418.0,English,D
5418.0,Physical Education,C
5419.0,Math,C
5419.0,Science,B
5419.0,History,B
5419.0,English,B
5419.0,Physical Education,D
5420.0,Math,B
5420.0,Science,A
5420.0,History,C
5420.0,English,C
5420.0,Physical Education,F
5421.0,Math,D
5421.0,Science,D
5421.0,History,D
5421.0,English,A
5421.0,Physical Education,C
5422.0,Math,C
5422.0,Science,F
5422.0,History,B
5422.0,English,A
5422.0,Physical Education,F
5423.0,Math,B
5423.0,Science,A
5423.0,History,A
5423.0,English,D
5423.0,Physical Education,F
5424.0,Math,C
5424.0,Science,D
5424.0,History,B
5424.0,English,F
5424.0,Physical Education,D
5425.0,Math,B
5425.0,Science,D
5425.0,History,A
5425.0,English,D
5425.0,Physical Education,B
5426.0,Math,F
5426.0,Science,D
5426.0,History,A
5426.0,English,A
5426.0,Physical Education,F
5427.0,Math,A
5427.0,Science,C
5427.0,History,B
5427.0,English,D
5427.0,Physical Education,F
5428.0,Math,F
5428.0,Science,F
5428.0,History,C
5428.0,English,D
5428.0,Physical Education,F
5429.0,Math,C
5429.0,Science,B
5429.0,History,C
5429.0,English,C
5429.0,Physical Education,B
5430.0,Math,A
5430.0,Science,C
5430.0,History,A
5430.0,English,C
5430.0,Physical Education,F
5431.0,Math,B
5431.0,Science,C
5431.0,History,B
5431.0,English,D
5431.0,Physical Education,C
5432.0,Math,F
5432.0,Science,C
5432.0,History,D
5432.0,English,C
5432.0,Physical Education,F
5433.0,Math,B
5433.0,Science,F
5433.0,History,F
5433.0,English,F
5433.0,Physical Education,D
5434.0,Math,F
5434.0,Science,C
5434.0,History,C
5434.0,English,B
5434.0,Physical Education,B
5435.0,Math,B
5435.0,Science,C
5435.0,History,B
5435.0,English,C
5435.0,Physical Education,D
5436.0,Math,B
5436.0,Science,A
5436.0,History,A
5436.0,English,B
5436.0,Physical Education,C
5437.0,Math,C
5437.0,Science,C
5437.0,History,A
5437.0,English,F
5437.0,Physical Education,C
5438.0,Math,B
5438.0,Science,C
5438.0,History,A
5438.0,English,F
5438.0,Physical Education,A
5439.0,Math,B
5439.0,Science,C
5439.0,History,C
5439.0,English,A
5439.0,Physical Education,B
5440.0,Math,A
5440.0,Science,F
5440.0,History,B
5440.0,English,F
5440.0,Physical Education,B
5441.0,Math,B
5441.0,Science,B
5441.0,History,C
5441.0,English,D
5441.0,Physical Education,C
5442.0,Math,C
5442.0,Science,B
5442.0,History,B
5442.0,English,D
5442.0,Physical Education,C
5443.0,Math,B
5443.0,Science,B
5443.0,History,A
5443.0,English,D
5443.0,Physical Education,F
5444.0,Math,F
5444.0,Science,A
5444.0,History,D
5444.0,English,C
5444.0,Physical Education,D
5445.0,Math,A
5445.0,Science,B
5445.0,History,B
5445.0,English,D
5445.0,Physical Education,B
5446.0,Math,B
5446.0,Science,F
5446.0,History,F
5446.0,English,D
5446.0,Physical Education,D
5447.0,Math,B
5447.0,Science,D
5447.0,History,A
5447.0,English,A
5447.0,Physical Education,F
5448.0,Math,D
5448.0,Science,B
5448.0,History,B
5448.0,English,D
5448.0,Physical Education,F
5449.0,Math,A
5449.0,Science,A
5449.0,History,C
5449.0,English,F
5449.0,Physical Education,F
5450.0,Math,A
5450.0,Science,C
5450.0,History,B
5450.0,English,A
5450.0,Physical Education,C
5451.0,Math,B
5451.0,Science,D
5451.0,History,B
5451.0,English,A
5451.0,Physical Education,D
5452.0,Math,A
5452.0,Science,C
5452.0,History,D
5452.0,English,D
5452.0,Physical Education,F
5453.0,Math,A
5453.0,Science,B
5453.0,History,C
5453.0,English,F
5453.0,Physical Education,F
5454.0,Math,F
5454.0,Science,D
5454.0,History,A
5454.0,English,D
5454.0,Physical Education,F
5455.0,Math,B
5455.0,Science,B
5455.0,History,D
5455.0,English,B
5455.0,Physical Education,C
5456.0,Math,D
5456.0,Science,D
5456.0,History,C
5456.0,English,A
5456.0,Physical Education,C
5457.0,Math,B
5457.0,Science,C
5457.0,History,A
5457.0,English,B
5457.0,Physical Education,F
5458.0,Math,D
5458.0,Science,C
5458.0,History,B
5458.0,English,D
5458.0,Physical Education,B
5459.0,Math,C
5459.0,Science,D
5459.0,History,F
5459.0,English,C
5459.0,Physical Education,F
5460.0,Math,D
5460.0,Science,A
5460.0,History,D
5460.0,English,A
5460.0,Physical Education,F
5461.0,Math,A
5461.0,Science,F
5461.0,History,A
5461.0,English,B
5461.0,Physical Education,D
5462.0,Math,F
5462.0,Science,F
5462.0,History,B
5462.0,English,C
5462.0,Physical Education,B
5463.0,Math,F
5463.0,Science,C
5463.0,History,D
5463.0,English,D
5463.0,Physical Education,A
5464.0,Math,D
5464.0,Science,D
5464.0,History,A
5464.0,English,B
5464.0,Physical Education,F
5465.0,Math,B
5465.0,Science,A
5465.0,History,B
5465.0,English,D
5465.0,Physical Education,A
5466.0,Math,A
5466.0,Science,C
5466.0,History,B
5466.0,English,C
5466.0,Physical Education,B
5467.0,Math,A
5467.0,Science,D
5467.0,History,B
5467.0,English,D
5467.0,Physical Education,F
5468.0,Math,F
5468.0,Science,A
5468.0,History,F
5468.0,English,C
5468.0,Physical Education,D
5469.0,Math,B
5469.0,Science,D
5469.0,History,F
5469.0,English,C
5469.0,Physical Education,A
5470.0,Math,B
5470.0,Science,C
5470.0,History,F
5470.0,English,B
5470.0,Physical Education,A
5471.0,Math,A
5471.0,Science,A
5471.0,History,D
5471.0,English,F
5471.0,Physical Education,D
5472.0,Math,F
5472.0,Science,A
5472.0,History,F
5472.0,English,A
5472.0,Physical Education,D
5473.0,Math,B
5473.0,Science,D
5473.0,History,B
5473.0,English,C
5473.0,Physical Education,B
5474.0,Math,C
5474.0,Science,F
5474.0,History,A
5474.0,English,B
5474.0,Physical Education,B
5475.0,Math,C
5475.0,Science,B
5475.0,History,A
5475.0,English,C
5475.0,Physical Education,C
5476.0,Math,B
5476.0,Science,B
5476.0,History,F
5476.0,English,C
5476.0,Physical Education,C
5477.0,Math,C
5477.0,Science,A
5477.0,History,C
5477.0,English,F
5477.0,Physical Education,B
5478.0,Math,C
5478.0,Science,A
5478.0,History,A
5478.0,English,A
5478.0,Physical Education,C
5479.0,Math,F
5479.0,Science,B
5479.0,History,B
5479.0,English,C
5479.0,Physical Education,C
5480.0,Math,B
5480.0,Science,F
5480.0,History,D
5480.0,English,C
5480.0,Physical Education,D
5481.0,Math,C
5481.0,Science,C
5481.0,History,F
5481.0,English,C
5481.0,Physical Education,D
5482.0,Math,C
5482.0,Science,F
5482.0,History,F
5482.0,English,A
5482.0,Physical Education,B
5483.0,Math,C
5483.0,Science,B
5483.0,History,D
5483.0,English,D
5483.0,Physical Education,B
5484.0,Math,A
5484.0,Science,F
5484.0,History,B
5484.0,English,B
5484.0,Physical Education,C
5485.0,Math,B
5485.0,Science,C
5485.0,History,F
5485.0,English,D
5485.0,Physical Education,F
5486.0,Math,D
5486.0,Science,A
5486.0,History,B
5486.0,English,C
5486.0,Physical Education,D
5487.0,Math,A
5487.0,Science,B
5487.0,History,C
5487.0,English,C
5487.0,Physical Education,F
5488.0,Math,F
5488.0,Science,A
5488.0,History,D
5488.0,English,F
5488.0,Physical Education,F
5489.0,Math,B
5489.0,Science,B
5489.0,History,B
5489.0,English,B
5489.0,Physical Education,C
5490.0,Math,A
5490.0,Science,C
5490.0,History,B
5490.0,English,B
5490.0,Physical Education,D
5491.0,Math,D
5491.0,Science,C
5491.0,History,F
5491.0,English,F
5491.0,Physical Education,D
5492.0,Math,A
5492.0,Science,C
5492.0,History,C
5492.0,English,B
5492.0,Physical Education,C
5493.0,Math,A
5493.0,Science,C
5493.0,History,D
5493.0,English,F
5493.0,Physical Education,A
5494.0,Math,A
5494.0,Science,A
5494.0,History,B
5494.0,English,B
5494.0,Physical Education,A
5495.0,Math,A
5495.0,Science,B
5495.0,History,A
5495.0,English,F
5495.0,Physical Education,C
5496.0,Math,A
5496.0,Science,B
5496.0,History,C
5496.0,English,D
5496.0,Physical Education,D
,Math,C
5497.0,Science,D
5497.0,History,D
5497.0,English,F
5497.0,Physical Education,D
5498.0,Math,D
5498.0,Science,B
5498.0,History,D
5498.0,English,C
5498.0,Physical Education,C
5499.0,Math,D
5499.0,Science,B
5499.0,History,F
5499.0,English,D
5499.0,Physical Education,D
5500.0,Math,B
5500.0,Science,C
5500.0,History,B
5500.0,English,C
5500.0,Physical Education,F
5501.0,Math,C
5501.0,Science,A
5501.0,History,A
5501.0,English,C
5501.0,Physical Education,C
5502.0,Math,B
5502.0,Science,D
5502.0,History,F
5502.0,English,F
5502.0,Physical Education,C
5503.0,Math,F
5503.0,Science,D
5503.0,History,A
5503.0,English,A
5503.0,Physical Education,F
5504.0,Math,F
5504.0,Science,C
5504.0,History,A
5504.0,English,F
5504.0,Physical Education,D
5505.0,Math,B
5505.0,Science,A
5505.0,History,D
5505.0,English,F
5505.0,Physical Education,D
5506.0,Math,A
5506.0,Science,A
5506.0,History,A
5506.0,English,D
5506.0,Physical Education,A
5507.0,Math,C
5507.0,Science,A
5507.0,History,A
5507.0,English,C
5507.0,Physical Education,B
5508.0,Math,A
5508.0,Science,F
5508.0,History,A
5508.0,English,D
5508.0,Physical Education,A
5509.0,Math,A
5509.0,Science,D
5509.0,History,F
5509.0,English,A
5509.0,Physical Education,B
5510.0,Math,A
5510.0,Science,A
5510.0,History,B
5510.0,English,F
5510.0,Physical Education,B
5511.0,Math,C
5511.0,Science,F
5511.0,History,B
5511.0,English,F
5511.0,Physical Education,A
5512.0,Math,B
5512.0,Science,C
5512.0,History,F
5512.0,English,A
5512.0,Physical Education,A
5513.0,Math,C
5513.0,Science,C
5513.0,History,B
5513.0,English,A
5513.0,Physical Education,F
5514.0,Math,C
5514.0,Science,A
5514.0,History,C
5514.0,English,A
5514.0,Physical Education,C
5515.0,Math,C
5515.0,Science,D
5515.0,History,F
5515.0,English,C
5515.0,Physical Education,D
5516.0,Math,B
5516.0,Science,D
5516.0,History,F
5516.0,English,B
5516.0,Physical Education,D
5517.0,Math,B
5517.0,Science,C
5517.0,History,C
5517.0,English,F
5517.0,Physical Education,D
5518.0,Math,D
5518.0,Science,D
5518.0,History,C
5518.0,English,C
5518.0,Physical Education,A
5519.0,Math,F
5519.0,Science,B
5519.0,History,F
5519.0,English,A
5519.0,Physical Education,D
5520.0,Math,F
5520.0,Science,A
5520.0,History,A
5520.0,English,C
5520.0,Physical Education,D
5521.0,Math,A
5521.0,Science,F
5521.0,History,F
5521.0,English,B
5521.0,Physical Education,D
5522.0,Math,A
5522.0,Science,F
5522.0,History,F
5522.0,English,D
5522.0,Physical Education,F
5523.0,Math,F
5523.0,Science,F
5523.0,History,F
5523.0,English,C
5523.0,Physical Education,B
5524.0,Math,C
5524.0,Science,A
5524.0,History,F
5524.0,English,A
5524.0,Physical Education,B
5525.0,Math,D
5525.0,Science,F
5525.0,History,A
5525.0,English,B
5525.0,Physical Education,C
5526.0,Math,C
5526.0,Science,D
5526.0,History,C
5526.0,English,A
5526.0,Physical Education,F
5527.0,Math,F
5527.0,Science,A
5527.0,History,F
5527.0,English,A
5527.0,Physical Education,F
5528.0,Math,F
5528.0,Science,D
5528.0,History,A
5528.0,English,A
5528.0,Physical Education,D
5529.0,Math,A
5529.0,Science,D
5529.0,History,A
5529.0,English,C
5529.0,Physical Education,C
5530.0,Math,B
5530.0,Science,A
5530.0,History,B
5530.0,English,D
5530.0,Physical Education,A
5531.0,Math,C
5531.0,Science,C
5531.0,History,F
5531.0,English,A
5531.0,Physical Education,C
5532.0,Math,A
5532.0,Science,D
5532.0,History,C
5532.0,English,A
5532.0,Physical Education,B
5533.0,Math,D
5533.0,Science,D
5533.0,History,C
5533.0,English,C
5533.0,Physical Education,F
5534.0,Math,A
5534.0,Science,C
5534.0,History,D
5534.0,English,B
5534.0,Physical Education,F
5535.0,Math,F
5535.0,Science,C
5535.0,History,A
5535.0,English,D
5535.0,Physical Education,D
5536.0,Math,D
5536.0,Science,A
5536.0,History,F
5536.0,English,F
5536.0,Physical Education,D
5537.0,Math,A
5537.0,Science,C
5537.0,History,D
5537.0,English,A
5537.0,Physical Education,F
5538.0,Math,D
5538.0,Science,A
5538.0,History,B
5538.0,English,A
5538.0,Physical Education,D
5539.0,Math,C
5539.0,Science,C
5539.0,History,D
5539.0,English,F
5539.0,Physical Education,F
5540.0,Math,B
5540.0,Science,F
5540.0,History,A
5540.0,English,F
5540.0,Physical Education,C
5541.0,Math,A
5541.0,Science,C
5541.0,History,F
5541.0,English,D
5541.0,Physical Education,D
5542.0,Math,A
5542.0,Science,A
5542.0,History,C
5542.0,English,F
5542.0,Physical Education,D
5543.0,Math,F
5543.0,Science,F
5543.0,History,B
5543.0,English,C
5543.0,Physical Education,A
5544.0,Math,F
5544.0,Science,B
5544.0,History,C
5544.0,English,B
5544.0,Physical Education,F
5545.0,Math,C
5545.0,Science,F
5545.0,History,B
5545.0,English,B
5545.0,Physical Education,D
5546.0,Math,A
5546.0,Science,F
5546.0,History,D
5546.0,English,A
5546.0,Physical Education,D
5547.0,Math,F
5547.0,Science,C
5547.0,History,F
5547.0,English,A
5547.0,Physical Education,C
5548.0,Math,B
5548.0,Science,F
5548.0,History,C
5548.0,English,F
5548.0,Physical Education,A
5549.0,Math,F
5549.0,Science,F
5549.0,History,F
5549.0,English,F
5549.0,Physical Education,F
5550.0,Math,F
5550.0,Science,A
5550.0,History,C
5550.0,English,A
5550.0,Physical Education,B
5551.0,Math,F
5551.0,Science,F
5551.0,History,D
5551.0,English,D
5551.0,Physical Education,C
5552.0,Math,C
5552.0,Science,D
5552.0,History,A
5552.0,English,F
5552.0,Physical Education,B
5553.0,Math,B
5553.0,Science,B
5553.0,History,A
5553.0,English,B
5553.0,Physical Education,D
5554.0,Math,B
5554.0,Science,F
5554.0,History,F
5554.0,English,C
5554.0,Physical Education,A
5555.0,Math,C
5555.0,Science,D
5555.0,History,A
5555.0,English,A
5555.0,Physical Education,B
5556.0,Math,F
5556.0,Science,D
5556.0,History,A
5556.0,English,B
5556.0,Physical Education,D
5557.0,Math,F
5557.0,Science,F
5557.0,History,B
5557.0,English,B
5557.0,Physical Education,A
5558.0,Math,B
5558.0,Science,C
5558.0,History,A
5558.0,English,D
5558.0,Physical Education,D
5559.0,Math,A
5559.0,Science,A
5559.0,History,D
5559.0,English,C
5559.0,Physical Education,A
5560.0,Math,B
5560.0,Science,B
5560.0,History,B
5560.0,English,D
5560.0,Physical Education,F
5561.0,Math,C
5561.0,Science,D
5561.0,History,F
5561.0,English,D
5561.0,Physical Education,C
5562.0,Math,B
5562.0,Science,F
5562.0,History,D
5562.0,English,C
5562.0,Physical Education,F
5563.0,Math,B
5563.0,Science,A
5563.0,History,B
5563.0,English,A
5563.0,Physical Education,D
5564.0,Math,F
5564.0,Science,C
5564.0,History,B
5564.0,English,C
5564.0,Physical Education,B
5565.0,Math,D
5565.0,Science,D
5565.0,History,A
5565.0,English,F
5565.0,Physical Education,B
5566.0,Math,F
5566.0,Science,F
5566.0,History,A
5566.0,English,D
5566.0,Physical Education,A
5567.0,Math,C
5567.0,Science,A
5567.0,History,D
5567.0,English,F
5567.0,Physical Education,D
5568.0,Math,D
5568.0,Science,D
5568.0,History,A
5568.0,English,F
5568.0,Physical Education,D
5569.0,Math,B
5569.0,Science,F
5569.0,History,A
5569.0,English,A
5569.0,Physical Education,C
5570.0,Math,F
5570.0,Science,B
5570.0,History,F
5570.0,English,B
5570.0,Physical Education,D
5571.0,Math,D
5571.0,Science,C
5571.0,History,D
5571.0,English,F
5571.0,Physical Education,C
5572.0,Math,D
5572.0,Science,A
5572.0,History,C
5572.0,English,B
5572.0,Physical Education,F
5573.0,Math,F
5573.0,Science,F
5573.0,History,B
5573.0,English,C
5573.0,Physical Education,F
5574.0,Math,A
5574.0,Science,B
5574.0,History,B
5574.0,English,D
5574.0,Physical Education,F
5575.0,Math,C
5575.0,Science,A
5575.0,History,B
5575.0,English,B
5575.0,Physical Education,D
5576.0,Math,B
5576.0,Science,D
5576.0,History,D
5576.0,English,B
5576.0,Physical Education,B
5577.0,Math,A
5577.0,Science,B
5577.0,History,C
5577.0,English,D
5577.0,Physical Education,C
5578.0,Math,A
5578.0,Science,C
5578.0,History,A
5578.0,English,D
5578.0,Physical Education,C
5579.0,Math,D
5579.0,Science,A
5579.0,History,D
5579.0,English,B
5579.0,Physical Education,D
5580.0,Math,A
5580.0,Science,B
5580.0,History,C
5580.0,English,D
5580.0,Physical Education,C
5581.0,Math,A
5581.0,Science,F
5581.0,History,D
5581.0,English,B
5581.0,Physical Education,A
5582.0,Math,D
5582.0,Science,D
5582.0,History,C
5582.0,English,C
5582.0,Physical Education,B
5583.0,Math,C
5583.0,Science,F
5583.0,History,F
5583.0,English,B
5583.0,Physical Education,A
5584.0,Math,D
5584.0,Science,F
5584.0,History,A
5584.0,English,A
5584.0,Physical Education,A
5585.0,Math,B
5585.0,Science,B
5585.0,History,D
5585.0,English,D
5585.0,Physical Education,C
5586.0,Math,C
5586.0,Science,F
5586.0,History,F
5586.0,English,A
5586.0,Physical Education,F
5587.0,Math,A
5587.0,Science,F
5587.0,History,C
5587.0,English,C
5587.0,Physical Education,D
5588.0,Math,C
5588.0,Science,B
5588.0,History,F
5588.0,English,A
5588.0,Physical Education,B
5589.0,Math,C
5589.0,Science,B
5589.0,History,F
5589.0,English,F
5589.0,Physical Education,D
5590.0,Math,B
5590.0,Science,F
5590.0,History,A
5590.0,English,D
5590.0,Physical Education,B
5591.0,Math,C
5591.0,Science,D
5591.0,History,A
5591.0,English,A
5591.0,Physical Education,F
5592.0,Math,B
5592.0,Science,F
5592.0,History,B
5592.0,English,D
5592.0,Physical Education,D
5593.0,Math,D
5593.0,Science,A
5593.0,History,A
5593.0,English,D
5593.0,Physical Education,B
5594.0,Math,C
5594.0,Science,A
5594.0,History,A
5594.0,English,A
5594.0,Physical Education,A
5595.0,Math,D
5595.0,Science,C
5595.0,History,F
5595.0,English,C
5595.0,Physical Education,D
5596.0,Math,B
5596.0,Science,A
5596.0,History,B
5596.0,English,F
5596.0,Physical Education,D
5597.0,Math,C
5597.0,Science,D
5597.0,History,B
5597.0,English,D
5597.0,Physical Education,C
5598.0,Math,C
5598.0,Science,B
5598.0,History,B
5598.0,English,D
5598.0,Physical Education,D
5599.0,Math,A
5599.0,Science,D
5599.0,History,A
5599.0,English,D
5599.0,Physical Education,F
5600.0,Math,F
5600.0,Science,A
5600.0,History,C
5600.0,English,C
5600.0,Physical Education,A
5601.0,Math,C
5601.0,Science,F
5601.0,History,A
5601.0,English,F
5601.0,Physical Education,A
5602.0,Math,F
5602.0,Science,D
5602.0,History,F
5602.0,English,D
5602.0,Physical Education,D
5603.0,Math,C
5603.0,Science,C
5603.0,History,C
5603.0,English,A
5603.0,Physical Education,C
5604.0,Math,C
5604.0,Science,C
5604.0,History,A
5604.0,English,D
5604.0,Physical Education,F
5605.0,Math,B
5605.0,Science,F
5605.0,History,C
5605.0,English,F
5605.0,Physical Education,F
5606.0,Math,A
5606.0,Science,D
5606.0,History,F
5606.0,English,D
5606.0,Physical Education,C
5607.0,Math,F
5607.0,Science,A
5607.0,History,F
5607.0,English,B
5607.0,Physical Education,C
5608.0,Math,B
5608.0,Science,B
5608.0,History,D
5608.0,English,C
5608.0,Physical Education,B
5609.0,Math,D
5609.0,Science,B
5609.0,History,F
5609.0,English,B
5609.0,Physical Education,B
5610.0,Math,F
5610.0,Science,A
5610.0,History,C
5610.0,English,C
5610.0,Physical Education,B
5611.0,Math,A
5611.0,Science,B
5611.0,History,F
5611.0,English,B
5611.0,Physical Education,C
5612.0,Math,C
5612.0,Science,C
5612.0,History,D
5612.0,English,F
5612.0,Physical Education,B
5613.0,Math,B
5613.0,Science,A
5613.0,History,C
5613.0,English,D
5613.0,Physical Education,B
5614.0,Math,B
5614.0,Science,C
5614.0,History,B
5614.0,English,C
5614.0,Physical Education,C
5615.0,Math,B
5615.0,Science,B
5615.0,History,F
5615.0,English,A
5615.0,Physical Education,A
5616.0,Math,D
5616.0,Science,B
5616.0,History,A
5616.0,English,C
5616.0,Physical Education,F
5617.0,Math,A
5617.0,Science,D
5617.0,History,C
5617.0,English,C
5617.0,Physical Education,F
5618.0,Math,C
5618.0,Science,C
5618.0,History,A
5618.0,English,D
5618.0,Physical Education,A
5619.0,Math,D
5619.0,Science,B
5619.0,History,B
5619.0,English,A
5619.0,Physical Education,D
5620.0,Math,A
5620.0,Science,F
5620.0,History,D
5620.0,English,D
5620.0,Physical Education,F
5621.0,Math,F
5621.0,Science,C
5621.0,History,F
5621.0,English,F
5621.0,Physical Education,F
5622.0,Math,C
5622.0,Science,C
5622.0,History,B
5622.0,English,C
5622.0,Physical Education,A
5623.0,Math,F
5623.0,Science,D
5623.0,History,A
5623.0,English,D
5623.0,Physical Education,F
5624.0,Math,A
5624.0,Science,B
5624.0,History,F
5624.0,English,D
5624.0,Physical Education,F
5625.0,Math,F
5625.0,Science,F
5625.0,History,D
5625.0,English,B
5625.0,Physical Education,B
5626.0,Math,D
5626.0,Science,F
5626.0,History,B
5626.0,English,C
5626.0,Physical Education,D
5627.0,Math,B
5627.0,Science,D
5627.0,History,F
5627.0,English,A
5627.0,Physical Education,F
5628.0,Math,D
5628.0,Science,D
5628.0,History,A
5628.0,English,D
5628.0,Physical Education,C
5629.0,Math,B
5629.0,Science,D
5629.0,History,D
5629.0,English,A
5629.0,Physical Education,F
5630.0,Math,D
5630.0,Science,C
5630.0,History,C
5630.0,English,D
5630.0,Physical Education,B
5631.0,Math,D
5631.0,Science,D
5631.0,History,F
5631.0,English,D
5631.0,Physical Education,C
5632.0,Math,B
5632.0,Science,C
5632.0,History,B
5632.0,English,B
5632.0,Physical Education,A
5633.0,Math,B
5633.0,Science,F
5633.0,History,A
5633.0,English,F
5633.0,Physical Education,C
5634.0,Math,A
5634.0,Science,C
5634.0,History,B
5634.0,English,F
5634.0,Physical Education,C
5635.0,Math,B
5635.0,Science,B
5635.0,History,B
5635.0,English,B
5635.0,Physical Education,C
5636.0,Math,D
5636.0,Science,C
5636.0,History,C
5636.0,English,D
5636.0,Physical Education,F
5637.0,Math,C
5637.0,Science,F
5637.0,History,D
5637.0,English,B
5637.0,Physical Education,B
5638.0,Math,B
5638.0,Science,F
5638.0,History,F
5638.0,English,D
5638.0,Physical Education,A
5639.0,Math,B
5639.0,Science,B
5639.0,History,F
5639.0,English,A
5639.0,Physical Education,F
5640.0,Math,D
5640.0,Science,A
5640.0,History,C
5640.0,English,F
5640.0,Physical Education,B
5641.0,Math,F
5641.0,Science,F
5641.0,History,D
5641.0,English,C
5641.0,Physical Education,A
5642.0,Math,A
5642.0,Science,A
5642.0,History,F
5642.0,English,F
5642.0,Physical Education,A
5643.0,Math,C
5643.0,Science,C
5643.0,History,C
5643.0,English,D
5643.0,Physical Education,B
5644.0,Math,C
5644.0,Science,C
5644.0,History,D
5644.0,English,B
5644.0,Physical Education,C
5645.0,Math,D
5645.0,Science,C
5645.0,History,B
5645.0,English,F
5645.0,Physical Education,B
5646.0,Math,C
5646.0,Science,B
5646.0,History,C
5646.0,English,D
5646.0,Physical Education,D
5647.0,Math,B
5647.0,Science,C
5647.0,History,A
5647.0,English,A
5647.0,Physical Education,A
5648.0,Math,F
5648.0,Science,D
5648.0,History,F
5648.0,English,A
5648.0,Physical Education,B
5649.0,Math,B
5649.0,Science,C
5649.0,History,C
5649.0,English,A
5649.0,Physical Education,D
5650.0,Math,C
5650.0,Science,F
5650.0,History,C
5650.0,English,D
5650.0,Physical Education,F
5651.0,Math,F
5651.0,Science,D
5651.0,History,D
5651.0,English,C
5651.0,Physical Education,D
5652.0,Math,D
5652.0,Science,D
5652.0,History,D
5652.0,English,B
5652.0,Physical Education,D
5653.0,Math,B
5653.0,Science,F
5653.0,History,F
5653.0,English,D
5653.0,Physical Education,C
5654.0,Math,C
5654.0,Science,A
5654.0,History,D
5654.0,English,A
5654.0,Physical Education,B
5655.0,Math,F
5655.0,Science,C
5655.0,History,D
5655.0,English,C
5655.0,Physical Education,C
5656.0,Math,C
5656.0,Science,F
5656.0,History,B
5656.0,English,F
5656.0,Physical Education,F
5657.0,Math,F
5657.0,Science,D
5657.0,History,F
5657.0,English,D
5657.0,Physical Education,B
5658.0,Math,A
5658.0,Science,A
5658.0,History,B
5658.0,English,B
5658.0,Physical Education,D
5659.0,Math,C
5659.0,Science,A
5659.0,History,C
5659.0,English,A
5659.0,Physical Education,D
5660.0,Math,D
5660.0,Science,B
5660.0,History,A
5660.0,English,A
5660.0,Physical Education,B
5661.0,Math,D
5661.0,Science,C
5661.0,History,A
5661.0,English,D
5661.0,Physical Education,B
5662.0,Math,D
5662.0,Science,A
5662.0,History,B
5662.0,English,C
5662.0,Physical Education,B
5663.0,Math,A
5663.0,Science,C
5663.0,History,C
5663.0,English,C
5663.0,Physical Education,A
5664.0,Math,B
5664.0,Science,A
5664.0,History,C
5664.0,English,A
5664.0,Physical Education,B
5665.0,Math,A
5665.0,Science,A
5665.0,History,B
5665.0,English,C
5665.0,Physical Education,F
5666.0,Math,C
5666.0,Science,A
5666.0,History,F
5666.0,English,A
5666.0,Physical Education,F
5667.0,Math,A
5667.0,Science,F
5667.0,History,C
5667.0,English,B
5667.0,Physical Education,F
5668.0,Math,F
5668.0,Science,C
5668.0,History,C
5668.0,English,C
5668.0,Physical Education,C
5669.0,Math,C
5669.0,Science,A
5669.0,History,B
5669.0,English,C
5669.0,Physical Education,F
5670.0,Math,F
5670.0,Science,B
5670.0,History,B
5670.0,English,D
5670.0,Physical Education,B
5671.0,Math,F
5671.0,Science,B
5671.0,History,C
5671.0,English,C
5671.0,Physical Education,B
5672.0,Math,A
5672.0,Science,F
5672.0,History,C
5672.0,English,D
5672.0,Physical Education,D
5673.0,Math,F
5673.0,Science,A
5673.0,History,F
5673.0,English,F
5673.0,Physical Education,A
5674.0,Math,D
5674.0,Science,F
5674.0,History,A
5674.0,English,D
5674.0,Physical Education,C
5675.0,Math,F
5675.0,Science,F
5675.0,History,A
5675.0,English,B
5675.0,Physical Education,A
5676.0,Math,A
5676.0,Science,D
5676.0,History,C
5676.0,English,B
5676.0,Physical Education,D
5677.0,Math,D
5677.0,Science,A
5677.0,History,D
5677.0,English,C
5677.0,Physical Education,C
5678.0,Math,D
5678.0,Science,B
5678.0,History,B
5678.0,English,F
5678.0,Physical Education,B
5679.0,Math,A
5679.0,Science,D
5679.0,History,C
5679.0,English,A
5679.0,Physical Education,F
5680.0,Math,A
5680.0,Science,A
5680.0,History,F
5680.0,English,D
5680.0,Physical Education,B
5681.0,Math,B
5681.0,Science,A
5681.0,History,C
5681.0,English,F
5681.0,Physical Education,B
5682.0,Math,F
5682.0,Science,D
5682.0,History,A
5682.0,English,F
5682.0,Physical Education,C
5683.0,Math,B
5683.0,Science,B
5683.0,History,A
5683.0,English,D
5683.0,Physical Education,C
5684.0,Math,F
5684.0,Science,A
5684.0,History,F
5684.0,English,C
5684.0,Physical Education,B
5685.0,Math,D
5685.0,Science,B
5685.0,History,B
5685.0,English,A
5685.0,Physical Education,C
5686.0,Math,D
5686.0,Science,B
5686.0,History,B
5686.0,English,F
5686.0,Physical Education,C
5687.0,Math,C
5687.0,Science,B
5687.0,History,A
5687.0,English,F
5687.0,Physical Education,B
5688.0,Math,A
5688.0,Science,F
5688.0,History,C
5688.0,English,A
5688.0,Physical Education,F
5689.0,Math,D
5689.0,Science,F
5689.0,History,B
5689.0,English,B
5689.0,Physical Education,F
5690.0,Math,F
5690.0,Science,F
5690.0,History,A
5690.0,English,A
5690.0,Physical Education,D
5691.0,Math,D
5691.0,Science,A
5691.0,History,C
5691.0,English,C
5691.0,Physical Education,B
5692.0,Math,D
5692.0,Science,A
5692.0,History,A
5692.0,English,A
5692.0,Physical Education,F
5693.0,Math,F
5693.0,Science,B
5693.0,History,D
5693.0,English,F
5693.0,Physical Education,B
5694.0,Math,B
5694.0,Science,C
5694.0,History,F
5694.0,English,B
5694.0,Physical Education,B
5695.0,Math,D
5695.0,Science,D
5695.0,History,B
5695.0,English,D
5695.0,Physical Education,A
5696.0,Math,A
5696.0,Science,A
5696.0,History,F
5696.0,English,A
5696.0,Physical Education,F
5697.0,Math,A
5697.0,Science,A
5697.0,History,F
5697.0,English,D
5697.0,Physical Education,A
5698.0,Math,D
5698.0,Science,A
5698.0,History,A
5698.0,English,D
5698.0,Physical Education,C
5699.0,Math,D
5699.0,Science,D
5699.0,History,D
5699.0,English,A
5699.0,Physical Education,D
5700.0,Math,C
5700.0,Science,D
5700.0,History,F
5700.0,English,C
5700.0,Physical Education,D
5701.0,Math,D
5701.0,Science,D
5701.0,History,C
5701.0,English,F
5701.0,Physical Education,A
5702.0,Math,A
5702.0,Science,D
5702.0,History,B
5702.0,English,D
5702.0,Physical Education,C
5703.0,Math,F
5703.0,Science,D
5703.0,History,A
5703.0,English,C
5703.0,Physical Education,D
5704.0,Math,D
5704.0,Science,F
5704.0,History,D
5704.0,English,C
5704.0,Physical Education,C
5705.0,Math,A
5705.0,Science,D
5705.0,History,D
5705.0,English,B
5705.0,Physical Education,C
5706.0,Math,F
5706.0,Science,C
5706.0,History,A
5706.0,English,C
5706.0,Physical Education,D
5707.0,Math,F
5707.0,Science,C
5707.0,History,B
5707.0,English,A
5707.0,Physical Education,A
5708.0,Math,D
5708.0,Science,D
5708.0,History,C
5708.0,English,C
5708.0,Physical Education,C
5709.0,Math,A
5709.0,Science,C
5709.0,History,D
5709.0,English,A
5709.0,Physical Education,A
5710.0,Math,F
5710.0,Science,C
5710.0,History,B
5710.0,English,B
5710.0,Physical Education,A
5711.0,Math,C
5711.0,Science,F
5711.0,History,B
5711.0,English,A
5711.0,Physical Education,B
5712.0,Math,C
5712.0,Science,C
5712.0,History,D
5712.0,English,C
5712.0,Physical Education,C
5713.0,Math,F
5713.0,Science,F
5713.0,History,B
5713.0,English,C
5713.0,Physical Education,B
5714.0,Math,D
5714.0,Science,A
5714.0,History,F
5714.0,English,B
5714.0,Physical Education,C
5715.0,Math,A
5715.0,Science,D
5715.0,History,F
5715.0,English,C
5715.0,Physical Education,A
5716.0,Math,D
5716.0,Science,F
5716.0,History,D
5716.0,English,A
5716.0,Physical Education,C
5717.0,Math,F
5717.0,Science,C
5717.0,History,A
5717.0,English,D
5717.0,Physical Education,D
5718.0,Math,A
5718.0,Science,A
5718.0,History,C
5718.0,English,D
5718.0,Physical Education,A
5719.0,Math,D
5719.0,Science,B
5719.0,History,A
5719.0,English,A
5719.0,Physical Education,A
5720.0,Math,C
5720.0,Science,F
5720.0,History,C
5720.0,English,A
5720.0,Physical Education,C
5721.0,Math,D
5721.0,Science,F
5721.0,History,B
5721.0,English,D
5721.0,Physical Education,D
5722.0,Math,D
5722.0,Science,A
5722.0,History,D
5722.0,English,D
5722.0,Physical Education,F
5723.0,Math,B
5723.0,Science,F
5723.0,History,D
5723.0,English,B
5723.0,Physical Education,A
5724.0,Math,C
5724.0,Science,D
5724.0,History,D
5724.0,English,B
5724.0,Physical Education,A
5725.0,Math,A
5725.0,Science,F
5725.0,History,C
5725.0,English,A
5725.0,Physical Education,D
5726.0,Math,B
5726.0,Science,F
5726.0,History,B
5726.0,English,F
5726.0,Physical Education,C
5727.0,Math,F
5727.0,Science,D
5727.0,History,D
5727.0,English,F
5727.0,Physical Education,A
5728.0,Math,C
5728.0,Science,A
5728.0,History,C
5728.0,English,A
5728.0,Physical Education,C
5729.0,Math,D
5729.0,Science,A
5729.0,History,B
5729.0,English,A
5729.0,Physical Education,B
5730.0,Math,D
5730.0,Science,D
5730.0,History,C
5730.0,English,C
5730.0,Physical Education,D
5731.0,Math,A
5731.0,Science,F
5731.0,History,F
5731.0,English,F
5731.0,Physical Education,F
5732.0,Math,A
5732.0,Science,D
5732.0,History,F
5732.0,English,F
5732.0,Physical Education,C
5733.0,Math,C
5733.0,Science,B
5733.0,History,D
5733.0,English,F
5733.0,Physical Education,D
5734.0,Math,D
5734.0,Science,D
5734.0,History,B
5734.0,English,B
5734.0,Physical Education,B
5735.0,Math,A
5735.0,Science,C
5735.0,History,B
5735.0,English,B
5735.0,Physical Education,F
5736.0,Math,B
5736.0,Science,A
5736.0,History,B
5736.0,English,B
5736.0,Physical Education,B
5737.0,Math,B
5737.0,Science,C
5737.0,History,B
5737.0,English,A
5737.0,Physical Education,B
5738.0,Math,B
5738.0,Science,F
5738.0,History,A
5738.0,English,A
5738.0,Physical Education,C
5739.0,Math,A
5739.0,Science,F
5739.0,History,B
,English,C
5739.0,Physical Education,A
5740.0,Math,F
5740.0,Science,F
5740.0,History,D
5740.0,English,F
5740.0,Physical Education,F
5741.0,Math,F
5741.0,Science,D
5741.0,History,A
5741.0,English,A
5741.0,Physical Education,D
5742.0,Math,A
5742.0,Science,B
5742.0,History,C
5742.0,English,A
5742.0,Physical Education,F
5743.0,Math,C
5743.0,Science,D
5743.0,History,F
5743.0,English,A
5743.0,Physical Education,D
5744.0,Math,F
5744.0,Science,D
5744.0,History,A
5744.0,English,F
5744.0,Physical Education,C
5745.0,Math,A
5745.0,Science,F
5745.0,History,F
5745.0,English,F
5745.0,Physical Education,F
5746.0,Math,F
5746.0,Science,B
5746.0,History,D
5746.0,English,C
5746.0,Physical Education,A
5747.0,Math,D
5747.0,Science,F
5747.0,History,C
5747.0,English,D
5747.0,Physical Education,F
5748.0,Math,D
5748.0,Science,D
5748.0,History,A
5748.0,English,C
5748.0,Physical Education,A
5749.0,Math,B
5749.0,Science,A
5749.0,History,F
5749.0,English,D
5749.0,Physical Education,F
5750.0,Math,A
5750.0,Science,A
5750.0,History,D
5750.0,English,F
5750.0,Physical Education,B
5751.0,Math,B
5751.0,Science,C
5751.0,History,A
5751.0,English,D
5751.0,Physical Education,F
5752.0,Math,A
5752.0,Science,A
5752.0,History,A
5752.0,English,F
5752.0,Physical Education,B
5753.0,Math,F
5753.0,Science,F
5753.0,History,C
5753.0,English,C
5753.0,Physical Education,C
5754.0,Math,F
5754.0,Science,B
5754.0,History,F
5754.0,English,F
5754.0,Physical Education,F
5755.0,Math,C
5755.0,Science,B
5755.0,History,B
5755.0,English,A
5755.0,Physical Education,A
5756.0,Math,F
5756.0,Science,D
5756.0,History,D
5756.0,English,F
5756.0,Physical Education,D
5757.0,Math,D
5757.0,Science,D
5757.0,History,F
5757.0,English,D
5757.0,Physical Education,B
5758.0,Math,C
5758.0,Science,A
5758.0,History,C
5758.0,English,A
5758.0,Physical Education,F
5759.0,Math,F
5759.0,Science,F
5759.0,History,F
5759.0,English,C
5759.0,Physical Education,C
5760.0,Math,B
5760.0,Science,D
5760.0,History,B
5760.0,English,A
5760.0,Physical Education,A
5761.0,Math,F
5761.0,Science,C
5761.0,History,A
5761.0,English,A
5761.0,Physical Education,A
5762.0,Math,F
5762.0,Science,A
5762.0,History,F
5762.0,English,F
5762.0,Physical Education,D
5763.0,Math,C
5763.0,Science,F
5763.0,History,D
5763.0,English,F
5763.0,Physical Education,F
5764.0,Math,D
5764.0,Science,F
5764.0,History,F
5764.0,English,F
5764.0,Physical Education,D
5765.0,Math,C
5765.0,Science,A
5765.0,History,D
5765.0,English,A
5765.0,Physical Education,B
5766.0,Math,B
5766.0,Science,C
5766.0,History,C
5766.0,English,C
5766.0,Physical Education,C
5767.0,Math,A
5767.0,Science,C
5767.0,History,D
5767.0,English,C
5767.0,Physical Education,B
5768.0,Math,A
5768.0,Science,F
5768.0,History,D
5768.0,English,A
5768.0,Physical Education,A
5769.0,Math,F
5769.0,Science,C
5769.0,History,C
5769.0,English,D
5769.0,Physical Education,C
5770.0,Math,B
5770.0,Science,B
5770.0,History,C
5770.0,English,A
5770.0,Physical Education,C
5771.0,Math,D
5771.0,Science,D
5771.0,History,C
5771.0,English,D
5771.0,Physical Education,A
5772.0,Math,B
5772.0,Science,A
5772.0,History,D
5772.0,English,A
5772.0,Physical Education,D
5773.0,Math,B
5773.0,Science,D
5773.0,History,B
5773.0,English,B
5773.0,Physical Education,F
5774.0,Math,C
5774.0,Science,B
5774.0,History,A
5774.0,English,F
5774.0,Physical Education,F
5775.0,Math,D
5775.0,Science,A
5775.0,History,F
5775.0,English,B
5775.0,Physical Education,C
5776.0,Math,D
5776.0,Science,A
5776.0,History,F
5776.0,English,D
5776.0,Physical Education,C
5777.0,Math,A
5777.0,Science,A
5777.0,History,C
5777.0,English,F
5777.0,Physical Education,B
5778.0,Math,B
5778.0,Science,D
5778.0,History,D
5778.0,English,F
5778.0,Physical Education,B
5779.0,Math,C
5779.0,Science,B
5779.0,History,A
5779.0,English,D
5779.0,Physical Education,C
5780.0,Math,B
5780.0,Science,A
5780.0,History,A
5780.0,English,F
5780.0,Physical Education,B
5781.0,Math,B
5781.0,Science,D
5781.0,History,B
5781.0,English,A
5781.0,Physical Education,D
5782.0,Math,F
5782.0,Science,F
5782.0,History,D
5782.0,English,C
5782.0,Physical Education,D
5783.0,Math,C
5783.0,Science,C
5783.0,History,B
5783.0,English,F
5783.0,Physical Education,C
5784.0,Math,D
5784.0,Science,D
5784.0,History,C
5784.0,English,C
5784.0,Physical Education,C
5785.0,Math,A
5785.0,Science,B
5785.0,History,A
5785.0,English,B
5785.0,Physical Education,B
5786.0,Math,D
5786.0,Science,A
5786.0,History,A
5786.0,English,C
5786.0,Physical Education,D
5787.0,Math,D
5787.0,Science,F
5787.0,History,F
5787.0,English,C
5787.0,Physical Education,F
5788.0,Math,B
5788.0,Science,F
5788.0,History,D
5788.0,English,F
5788.0,Physical Education,C
5789.0,Math,A
5789.0,Science,D
5789.0,History,C
5789.0,English,D
5789.0,Physical Education,F
5790.0,Math,D
5790.0,Science,D
5790.0,History,D
5790.0,English,D
5790.0,Physical Education,F
5791.0,Math,A
5791.0,Science,B
5791.0,History,D
5791.0,English,F
5791.0,Physical Education,C
5792.0,Math,A
5792.0,Science,F
5792.0,History,B
5792.0,English,D
5792.0,Physical Education,C
5793.0,Math,F
5793.0,Science,B
5793.0,History,C
5793.0,English,C
5793.0,Physical Education,C
5794.0,Math,D
5794.0,Science,D
5794.0,History,F
5794.0,English,F
5794.0,Physical Education,D
5795.0,Math,B
5795.0,Science,A
5795.0,History,C
5795.0,English,F
5795.0,Physical Education,F
5796.0,Math,D
5796.0,Science,B
5796.0,History,F
5796.0,English,A
5796.0,Physical Education,B
5797.0,Math,A
5797.0,Science,C
5797.0,History,D
5797.0,English,C
5797.0,Physical Education,F
5798.0,Math,D
5798.0,Science,C
5798.0,History,B
5798.0,English,C
5798.0,Physical Education,C
5799.0,Math,A
5799.0,Science,F
5799.0,History,C
5799.0,English,C
5799.0,Physical Education,A
5800.0,Math,C
5800.0,Science,D
5800.0,History,C
5800.0,English,C
5800.0,Physical Education,D
5801.0,Math,A
5801.0,Science,A
5801.0,History,C
5801.0,English,A
5801.0,Physical Education,A
5802.0,Math,F
5802.0,Science,F
5802.0,History,A
5802.0,English,B
5802.0,Physical Education,F
5803.0,Math,A
5803.0,Science,A
5803.0,History,A
5803.0,English,B
5803.0,Physical Education,B
5804.0,Math,D
5804.0,Science,C
5804.0,History,D
5804.0,English,F
5804.0,Physical Education,C
5805.0,Math,C
5805.0,Science,F
5805.0,History,A
5805.0,English,C
5805.0,Physical Education,F
5806.0,Math,B
5806.0,Science,D
5806.0,History,C
5806.0,English,F
5806.0,Physical Education,F
5807.0,Math,D
5807.0,Science,C
5807.0,History,A
5807.0,English,C
5807.0,Physical Education,D
5808.0,Math,A
5808.0,Science,C
5808.0,History,A
5808.0,English,F
5808.0,Physical Education,F
5809.0,Math,B
5809.0,Science,C
5809.0,History,B
5809.0,English,D
5809.0,Physical Education,B
5810.0,Math,A
5810.0,Science,F
5810.0,History,A
5810.0,English,B
5810.0,Physical Education,D
5811.0,Math,A
5811.0,Science,D
5811.0,History,F
5811.0,English,C
5811.0,Physical Education,C
5812.0,Math,D
5812.0,Science,A
5812.0,History,A
5812.0,English,B
5812.0,Physical Education,A
5813.0,Math,C
5813.0,Science,A
5813.0,History,A
5813.0,English,C
5813.0,Physical Education,F
5814.0,Math,A
5814.0,Science,C
5814.0,History,C
5814.0,English,C
5814.0,Physical Education,F
5815.0,Math,B
5815.0,Science,B
5815.0,History,C
5815.0,English,B
5815.0,Physical Education,D
5816.0,Math,B
5816.0,Science,A
5816.0,History,A
5816.0,English,C
5816.0,Physical Education,D
5817.0,Math,A
5817.0,Science,D
5817.0,History,B
5817.0,English,F
5817.0,Physical Education,C
5818.0,Math,D
5818.0,Science,B
5818.0,History,C
5818.0,English,D
5818.0,Physical Education,C
5819.0,Math,F
5819.0,Science,C
5819.0,History,F
5819.0,English,B
5819.0,Physical Education,D
5820.0,Math,A
5820.0,Science,A
5820.0,History,D
5820.0,English,D
5820.0,Physical Education,B
5821.0,Math,F
5821.0,Science,F
5821.0,History,D
5821.0,English,C
5821.0,Physical Education,D
5822.0,Math,C
5822.0,Science,F
5822.0,History,A
5822.0,English,A
5822.0,Physical Education,C
5823.0,Math,B
5823.0,Science,C
5823.0,History,C
5823.0,English,F
5823.0,Physical Education,D
5824.0,Math,D
5824.0,Science,F
5824.0,History,F
5824.0,English,F
5824.0,Physical Education,F
5825.0,Math,C
5825.0,Science,F
5825.0,History,B
5825.0,English,D
5825.0,Physical Education,C
5826.0,Math,A
5826.0,Science,D
5826.0,History,A
5826.0,English,C
5826.0,Physical Education,D
5827.0,Math,B
5827.0,Science,A
5827.0,History,C
5827.0,English,B
5827.0,Physical Education,D
5828.0,Math,D
5828.0,Science,D
5828.0,History,C
5828.0,English,A
5828.0,Physical Education,F
5829.0,Math,C
5829.0,Science,D
5829.0,History,B
5829.0,English,F
5829.0,Physical Education,A
5830.0,Math,D
5830.0,Science,C
5830.0,History,A
5830.0,English,C
5830.0,Physical Education,C
5831.0,Math,F
5831.0,Science,C
5831.0,History,D
5831.0,English,B
5831.0,Physical Education,D
5832.0,Math,D
5832.0,Science,F
5832.0,History,C
5832.0,English,F
5832.0,Physical Education,C
5833.0,Math,A
5833.0,Science,D
5833.0,History,B
5833.0,English,D
5833.0,Physical Education,B
5834.0,Math,C
5834.0,Science,D
5834.0,History,F
5834.0,English,C
5834.0,Physical Education,A
5835.0,Math,A
5835.0,Science,C
5835.0,History,D
5835.0,English,B
5835.0,Physical Education,B
5836.0,Math,F
5836.0,Science,B
5836.0,History,C
5836.0,English,D
5836.0,Physical Education,F
5837.0,Math,A
5837.0,Science,A
5837.0,History,B
5837.0,English,A
5837.0,Physical Education,B
5838.0,Math,D
5838.0,Science,D
5838.0,History,F
5838.0,English,B
5838.0,Physical Education,A
5839.0,Math,D
5839.0,Science,B
5839.0,History,B
5839.0,English,B
5839.0,Physical Education,A
5840.0,Math,F
5840.0,Science,A
5840.0,History,A
5840.0,English,B
5840.0,Physical Education,A
5841.0,Math,F
5841.0,Science,D
5841.0,History,B
5841.0,English,A
5841.0,Physical Education,D
5842.0,Math,B
5842.0,Science,A
5842.0,History,B
5842.0,English,A
5842.0,Physical Education,C
5843.0,Math,D
5843.0,Science,D
5843.0,History,B
5843.0,English,B
5843.0,Physical Education,D
5844.0,Math,A
5844.0,Science,F
5844.0,History,D
5844.0,English,F
5844.0,Physical Education,C
5845.0,Math,B
5845.0,Science,C
5845.0,History,B
5845.0,English,C
5845.0,Physical Education,D
5846.0,Math,A
5846.0,Science,A
5846.0,History,B
5846.0,English,F
5846.0,Physical Education,D
5847.0,Math,D
5847.0,Science,A
5847.0,History,A
5847.0,English,F
5847.0,Physical Education,B
5848.0,Math,F
5848.0,Science,C
5848.0,History,A
5848.0,English,A
5848.0,Physical Education,B
5849.0,Math,A
5849.0,Science,C
5849.0,History,B
5849.0,English,F
5849.0,Physical Education,D
5850.0,Math,B
5850.0,Science,A
5850.0,History,C
5850.0,English,A
5850.0,Physical Education,F
5851.0,Math,D
5851.0,Science,F
5851.0,History,C
5851.0,English,A
5851.0,Physical Education,A
5852.0,Math,F
5852.0,Science,D
5852.0,History,D
5852.0,English,C
5852.0,Physical Education,D
5853.0,Math,A
5853.0,Science,D
5853.0,History,B
5853.0,English,C
5853.0,Physical Education,A
5854.0,Math,F
5854.0,Science,F
5854.0,History,F
5854.0,English,B
5854.0,Physical Education,C
5855.0,Math,C
5855.0,Science,C
5855.0,History,C
5855.0,English,B
5855.0,Physical Education,B
5856.0,Math,D
5856.0,Science,F
5856.0,History,A
5856.0,English,D
5856.0,Physical Education,F
5857.0,Math,F
5857.0,Science,A
5857.0,History,F
5857.0,English,B
5857.0,Physical Education,F
5858.0,Math,F
5858.0,Science,D
5858.0,History,F
5858.0,English,D
5858.0,Physical Education,D
5859.0,Math,B
5859.0,Science,F
5859.0,History,B
5859.0,English,D
5859.0,Physical Education,B
5860.0,Math,A
5860.0,Science,C
5860.0,History,B
5860.0,English,D
5860.0,Physical Education,B
5861.0,Math,F
5861.0,Science,D
5861.0,History,D
5861.0,English,F
5861.0,Physical Education,C
5862.0,Math,F
5862.0,Science,D
5862.0,History,C
5862.0,English,D
5862.0,Physical Education,F
5863.0,Math,A
5863.0,Science,C
5863.0,History,F
5863.0,English,F
5863.0,Physical Education,C
5864.0,Math,A
5864.0,Science,F
5864.0,History,F
5864.0,English,B
5864.0,Physical Education,D
5865.0,Math,A
5865.0,Science,D
5865.0,History,D
5865.0,English,F
5865.0,Physical Education,D
5866.0,Math,A
5866.0,Science,A
5866.0,History,D
5866.0,English,F
5866.0,Physical Education,A
5867.0,Math,C
5867.0,Science,D
5867.0,History,F
5867.0,English,A
5867.0,Physical Education,D
5868.0,Math,F
5868.0,Science,F
5868.0,History,A
5868.0,English,D
5868.0,Physical Education,D
5869.0,Math,B
5869.0,Science,A
5869.0,History,D
5869.0,English,C
5869.0,Physical Education,B
5870.0,Math,F
5870.0,Science,C
5870.0,History,A
5870.0,English,B
5870.0,Physical Education,B
5871.0,Math,D
5871.0,Science,A
5871.0,History,F
5871.0,English,C
5871.0,Physical Education,A
5872.0,Math,D
5872.0,Science,A
5872.0,History,F
5872.0,English,B
5872.0,Physical Education,C
5873.0,Math,A
5873.0,Science,A
5873.0,History,D
5873.0,English,D
5873.0,Physical Education,D
5874.0,Math,A
5874.0,Science,F
5874.0,History,B
5874.0,English,D
5874.0,Physical Education,F
5875.0,Math,F
5875.0,Science,C
5875.0,History,F
5875.0,English,A
5875.0,Physical Education,A
5876.0,Math,C
5876.0,Science,A
5876.0,History,B
5876.0,English,B
5876.0,Physical Education,C
5877.0,Math,D
5877.0,Science,F
5877.0,History,D
5877.0,English,F
5877.0,Physical Education,F
5878.0,Math,C
5878.0,Science,C
5878.0,History,F
5878.0,English,D
5878.0,Physical Education,C
5879.0,Math,C
5879.0,Science,C
5879.0,History,B
5879.0,English,C
5879.0,Physical Education,D
5880.0,Math,F
5880.0,Science,C
5880.0,History,D
5880.0,English,D
5880.0,Physical Education,D
5881.0,Math,B
5881.0,Science,A
5881.0,History,A
5881.0,English,A
5881.0,Physical Education,A
5882.0,Math,B
5882.0,Science,C
5882.0,History,C
5882.0,English,A
5882.0,Physical Education,B
5883.0,Math,A
5883.0,Science,C
5883.0,History,C
5883.0,English,D
5883.0,Physical Education,F
5884.0,Math,D
5884.0,Science,C
5884.0,History,F
5884.0,English,F
5884.0,Physical Education,A
5885.0,Math,A
5885.0,Science,C
5885.0,History,F
5885.0,English,C
5885.0,Physical Education,B
5886.0,Math,F
5886.0,Science,F
5886.0,History,C
5886.0,English,F
5886.0,Physical Education,F
5887.0,Math,A
5887.0,Science,B
5887.0,History,C
5887.0,English,C
5887.0,Physical Education,A
5888.0,Math,D
5888.0,Science,B
5888.0,History,C
5888.0,English,D
5888.0,Physical Education,B
5889.0,Math,A
5889.0,Science,A
5889.0,History,B
5889.0,English,F
5889.0,Physical Education,B
5890.0,Math,C
5890.0,Science,F
5890.0,History,B
5890.0,English,A
5890.0,Physical Education,A
5891.0,Math,F
5891.0,Science,A
5891.0,History,A
5891.0,English,D
5891.0,Physical Education,C
5892.0,Math,B
5892.0,Science,B
5892.0,History,C
5892.0,English,C
5892.0,Physical Education,D
5893.0,Math,F
5893.0,Science,F
5893.0,History,B
5893.0,English,B
5893.0,Physical Education,B
5894.0,Math,C
5894.0,Science,C
5894.0,History,A
5894.0,English,F
5894.0,Physical Education,C
5895.0,Math,A
5895.0,Science,C
5895.0,History,D
5895.0,English,D
5895.0,Physical Education,A
5896.0,Math,D
5896.0,Science,A
5896.0,History,C
5896.0,English,A
5896.0,Physical Education,B
5897.0,Math,B
5897.0,Science,B
5897.0,History,C
5897.0,English,C
5897.0,Physical Education,D
5898.0,Math,D
5898.0,Science,C
5898.0,History,D
5898.0,English,F
5898.0,Physical Education,D
5899.0,Math,A
5899.0,Science,B
5899.0,History,F
5899.0,English,D
5899.0,Physical Education,D
5900.0,Math,A
5900.0,Science,A
5900.0,History,C
5900.0,English,D
5900.0,Physical Education,A
5901.0,Math,D
5901.0,Science,A
5901.0,History,D
5901.0,English,A
5901.0,Physical Education,B
5902.0,Math,D
5902.0,Science,C
5902.0,History,F
5902.0,English,B
5902.0,Physical Education,D
5903.0,Math,D
5903.0,Science,D
5903.0,History,D
5903.0,English,F
5903.0,Physical Education,C
5904.0,Math,B
5904.0,Science,C
5904.0,History,A
5904.0,English,B
5904.0,Physical Education,C
5905.0,Math,A
5905.0,Science,D
5905.0,History,B
5905.0,English,D
5905.0,Physical Education,D
5906.0,Math,A
5906.0,Science,F
5906.0,History,F
5906.0,English,D
5906.0,Physical Education,D
5907.0,Math,D
5907.0,Science,D
5907.0,History,C
5907.0,English,B
5907.0,Physical Education,F
5908.0,Math,B
5908.0,Science,D
5908.0,History,D
5908.0,English,B
5908.0,Physical Education,C
5909.0,Math,C
5909.0,Science,A
5909.0,History,F
5909.0,English,F
5909.0,Physical Education,D
5910.0,Math,F
5910.0,Science,D
5910.0,History,B
5910.0,English,C
5910.0,Physical Education,F
5911.0,Math,C
5911.0,Science,A
5911.0,History,C
5911.0,English,C
5911.0,Physical Education,A
5912.0,Math,B
5912.0,Science,A
5912.0,History,B
5912.0,English,C
5912.0,Physical Education,D
5913.0,Math,C
5913.0,Science,F
5913.0,History,F
5913.0,English,F
5913.0,Physical Education,C
5914.0,Math,C
5914.0,Science,D
5914.0,History,A
5914.0,English,B
5914.0,Physical Education,A
5915.0,Math,B
5915.0,Science,D
5915.0,History,F
5915.0,English,A
5915.0,Physical Education,B
5916.0,Math,D
5916.0,Science,B
5916.0,History,F
5916.0,English,D
5916.0,Physical Education,A
5917.0,Math,D
5917.0,Science,B
5917.0,History,B
5917.0,English,F
5917.0,Physical Education,A
5918.0,Math,A
5918.0,Science,C
5918.0,History,D
5918.0,English,F
5918.0,Physical Education,B
5919.0,Math,D
5919.0,Science,F
5919.0,History,B
5919.0,English,F
5919.0,Physical Education,A
5920.0,Math,F
5920.0,Science,C
5920.0,History,F
5920.0,English,D
5920.0,Physical Education,B
5921.0,Math,B
5921.0,Science,B
5921.0,History,D
5921.0,English,D
5921.0,Physical Education,B
5922.0,Math,F
5922.0,Science,D
5922.0,History,B
5922.0,English,A
5922.0,Physical Education,F
5923.0,Math,A
5923.0,Science,A
5923.0,History,A
5923.0,English,F
5923.0,Physical Education,D
5924.0,Math,C
5924.0,Science,D
5924.0,History,B
5924.0,English,F
5924.0,Physical Education,A
5925.0,Math,F
5925.0,Science,B
5925.0,History,D
5925.0,English,B
5925.0,Physical Education,B
5926.0,Math,C
5926.0,Science,C
5926.0,History,F
5926.0,English,C
5926.0,Physical Education,D
5927.0,Math,A
5927.0,Science,C
5927.0,History,F
5927.0,English,F
5927.0,Physical Education,D
5928.0,Math,F
5928.0,Science,D
5928.0,History,A
5928.0,English,C
5928.0,Physical Education,A
5929.0,Math,D
5929.0,Science,B
5929.0,History,F
5929.0,English,C
5929.0,Physical Education,C
5930.0,Math,C
5930.0,Science,C
5930.0,History,F
5930.0,English,C
5930.0,Physical Education,A
5931.0,Math,F
5931.0,Science,F
5931.0,History,B
5931.0,English,B
5931.0,Physical Education,C
5932.0,Math,C
5932.0,Science,F
5932.0,History,B
5932.0,English,C
5932.0,Physical Education,A
5933.0,Math,B
5933.0,Science,F
5933.0,History,C
5933.0,English,D
5933.0,Physical Education,A
5934.0,Math,C
5934.0,Science,D
5934.0,History,A
5934.0,English,D
5934.0,Physical Education,A
5935.0,Math,F
5935.0,Science,B
5935.0,History,A
5935.0,English,F
5935.0,Physical Education,D
5936.0,Math,A
5936.0,Science,C
5936.0,History,C
5936.0,English,C
5936.0,Physical Education,B
5937.0,Math,D
5937.0,Science,C
5937.0,History,C
5937.0,English,B
5937.0,Physical Education,A
5938.0,Math,A
5938.0,Science,F
5938.0,History,C
5938.0,English,B
5938.0,Physical Education,C
5939.0,Math,F
5939.0,Science,C
5939.0,History,F
5939.0,English,A
5939.0,Physical Education,F
5940.0,Math,A
5940.0,Science,A
5940.0,History,F
5940.0,English,C
5940.0,Physical Education,A
5941.0,Math,C
5941.0,Science,A
5941.0,History,B
5941.0,English,C
5941.0,Physical Education,D
5942.0,Math,B
5942.0,Science,D
5942.0,History,B
5942.0,English,B
5942.0,Physical Education,C
5943.0,Math,A
5943.0,Science,F
5943.0,History,D
5943.0,English,B
5943.0,Physical Education,F
5944.0,Math,C
5944.0,Science,B
5944.0,History,F
5944.0,English,F
5944.0,Physical Education,F
5945.0,Math,A
5945.0,Science,C
5945.0,History,C
5945.0,English,F
5945.0,Physical Education,F
5946.0,Math,A
5946.0,Science,D
5946.0,History,F
5946.0,English,B
5946.0,Physical Education,F
5947.0,Math,B
5947.0,Science,D
5947.0,History,C
5947.0,English,F
5947.0,Physical Education,D
5948.0,Math,A
5948.0,Science,D
5948.0,History,C
5948.0,English,A
5948.0,Physical Education,B
5949.0,Math,B
5949.0,Science,D
5949.0,History,C
5949.0,English,D
5949.0,Physical Education,D
5950.0,Math,C
5950.0,Science,B
5950.0,History,A
5950.0,English,A
5950.0,Physical Education,A
5951.0,Math,A
5951.0,Science,A
5951.0,History,A
5951.0,English,F
5951.0,Physical Education,C
5952.0,Math,C
5952.0,Science,B
5952.0,History,D
5952.0,English,C
5952.0,Physical Education,C
5953.0,Math,C
5953.0,Science,B
5953.0,History,C
5953.0,English,B
5953.0,Physical Education,D
5954.0,Math,D
5954.0,Science,D
5954.0,History,A
5954.0,English,C
5954.0,Physical Education,D
5955.0,Math,C
5955.0,Science,B
5955.0,History,A
5955.0,English,A
5955.0,Physical Education,B
5956.0,Math,F
5956.0,Science,D
5956.0,History,A
5956.0,English,B
5956.0,Physical Education,D
5957.0,Math,D
5957.0,Science,A
5957.0,History,F
5957.0,English,A
5957.0,Physical Education,B
5958.0,Math,A
5958.0,Science,A
5958.0,History,F
5958.0,English,C
5958.0,Physical Education,F
5959.0,Math,C
5959.0,Science,C
5959.0,History,B
5959.0,English,F
5959.0,Physical Education,B
5960.0,Math,B
5960.0,Science,F
5960.0,History,A
5960.0,English,A
5960.0,Physical Education,A
5961.0,Math,C
5961.0,Science,A
5961.0,History,F
5961.0,English,B
5961.0,Physical Education,A
5962.0,Math,D
5962.0,Science,C
5962.0,History,F
5962.0,English,F
5962.0,Physical Education,B
5963.0,Math,A
5963.0,Science,D
5963.0,History,C
5963.0,English,D
5963.0,Physical Education,A
5964.0,Math,C
5964.0,Science,D
5964.0,History,B
5964.0,English,C
5964.0,Physical Education,D
5965.0,Math,D
5965.0,Science,A
5965.0,History,F
5965.0,English,D
5965.0,Physical Education,A
5966.0,Math,F
5966.0,Science,A
5966.0,History,F
5966.0,English,C
5966.0,Physical Education,F
5967.0,Math,D
5967.0,Science,C
5967.0,History,F
5967.0,English,A
5967.0,Physical Education,C
5968.0,Math,A
5968.0,Science,B
5968.0,History,C
5968.0,English,F
5968.0,Physical Education,F
5969.0,Math,B
5969.0,Science,C
5969.0,History,D
5969.0,English,A
5969.0,Physical Education,F
5970.0,Math,B
5970.0,Science,C
5970.0,History,F
5970.0,English,F
5970.0,Physical Education,D
5971.0,Math,F
5971.0,Science,A
5971.0,History,C
5971.0,English,B
5971.0,Physical Education,A
5972.0,Math,F
5972.0,Science,F
5972.0,History,F
5972.0,English,D
5972.0,Physical Education,C
5973.0,Math,D
5973.0,Science,C
5973.0,History,D
5973.0,English,A
5973.0,Physical Education,A
5974.0,Math,F
5974.0,Science,B
5974.0,History,B
5974.0,English,A
5974.0,Physical Education,C
5975.0,Math,B
5975.0,Science,D
5975.0,History,B
5975.0,English,C
5975.0,Physical Education,A
5976.0,Math,F
5976.0,Science,D
5976.0,History,C
5976.0,English,B
5976.0,Physical Education,D
5977.0,Math,A
5977.0,Science,C
5977.0,History,F
5977.0,English,D
5977.0,Physical Education,D
5978.0,Math,B
5978.0,Science,B
5978.0,History,F
5978.0,English,A
5978.0,Physical Education,F
5979.0,Math,D
5979.0,Science,C
5979.0,History,C
5979.0,English,F
5979.0,Physical Education,D
5980.0,Math,A
5980.0,Science,A
5980.0,History,F
5980.0,English,D
5980.0,Physical Education,F
5981.0,Math,D
5981.0,Science,A
5981.0,History,F
5981.0,English,F
5981.0,Physical Education,A
5982.0,Math,C
5982.0,Science,F
5982.0,History,D
5982.0,English,C
5982.0,Physical Education,A
5983.0,Math,D
5983.0,Science,F
5983.0,History,B
5983.0,English,C
5983.0,Physical Education,A
5984.0,Math,F
5984.0,Science,B
5984.0,History,F
5984.0,English,D
5984.0,Physical Education,A
5985.0,Math,B
5985.0,Science,C
5985.0,History,A
5985.0,English,A
5985.0,Physical Education,D
5986.0,Math,A
5986.0,Science,A
5986.0,History,B
5986.0,English,D
5986.0,Physical Education,F
5987.0,Math,A
5987.0,Science,D
5987.0,History,A
5987.0,English,D
5987.0,Physical Education,C
5988.0,Math,D
5988.0,Science,F
5988.0,History,D
5988.0,English,D
5988.0,Physical Education,D
5989.0,Math,D
5989.0,Science,F
5989.0,History,B
5989.0,English,F
5989.0,Physical Education,D
5990.0,Math,A
5990.0,Science,A
5990.0,History,D
5990.0,English,F
5990.0,Physical Education,A
5991.0,Math,A
5991.0,Science,A
5991.0,History,C
5991.0,English,D
5991.0,Physical Education,A
5992.0,Math,A
5992.0,Science,C
5992.0,History,A
5992.0,English,A
5992.0,Physical Education,F
5993.0,Math,B
5993.0,Science,F
5993.0,History,D
5993.0,English,C
5993.0,Physical Education,B
5994.0,Math,C
5994.0,Science,F
5994.0,History,D
5994.0,English,B
5994.0,Physical Education,B
5995.0,Math,D
5995.0,Science,A
5995.0,History,B
5995.0,English,C
5995.0,Physical Education,B
5996.0,Math,B
5996.0,Science,A
5996.0,History,C
5996.0,English,A
5996.0,Physical Education,F
5997.0,Math,F
5997.0,Science,C
5997.0,History,D
5997.0,English,B
5997.0,Physical Education,B
5998.0,Math,F
5998.0,Science,A
5998.0,History,C
5998.0,English,C
5998.0,Physical Education,A
5999.0,Math,C
5999.0,Science,C
5999.0,History,A
5999.0,English,A
5999.0,Physical Education,A
6000.0,Math,A
6000.0,Science,B
6000.0,History,D
6000.0,English,F
6000.0,Physical Education,B
6001.0,Math,D
6001.0,Science,F
6001.0,History,C
6001.0,English,C
6001.0,Physical Education,A
6002.0,Math,C
6002.0,Science,A
6002.0,History,B
6002.0,English,D
6002.0,Physical Education,A
6003.0,Math,D
6003.0,Science,F
6003.0,History,F
6003.0,English,C
6003.0,Physical Education,A
6004.0,Math,F
6004.0,Science,D
6004.0,History,F
6004.0,English,A
6004.0,Physical Education,D
6005.0,Math,D
6005.0,Science,C
6005.0,History,D
6005.0,English,B
6005.0,Physical Education,B
6006.0,Math,D
6006.0,Science,F
6006.0,History,C
6006.0,English,A
6006.0,Physical Education,D
6007.0,Math,C
6007.0,Science,A
6007.0,History,C
6007.0,English,A
6007.0,Physical Education,B
6008.0,Math,A
6008.0,Science,A
6008.0,History,C
6008.0,English,B
6008.0,Physical Education,D
6009.0,Math,F
6009.0,Science,C
6009.0,History,B
6009.0,English,D
6009.0,Physical Education,D
6010.0,Math,D
6010.0,Science,B
6010.0,History,F
6010.0,English,C
6010.0,Physical Education,A
6011.0,Math,C
6011.0,Science,D
6011.0,History,C
6011.0,English,A
6011.0,Physical Education,F
6012.0,Math,A
6012.0,Science,D
6012.0,History,F
6012.0,English,C
6012.0,Physical Education,B
6013.0,Math,F
6013.0,Science,C
6013.0,History,F
6013.0,English,A
6013.0,Physical Education,C
6014.0,Math,A
6014.0,Science,F
6014.0,History,F
6014.0,English,D
6014.0,Physical Education,F
6015.0,Math,D
6015.0,Science,C
6015.0,History,C
6015.0,English,C
6015.0,Physical Education,C
6016.0,Math,A
6016.0,Science,C
6016.0,History,B
6016.0,English,F
6016.0,Physical Education,C
6017.0,Math,C
6017.0,Science,C
6017.0,History,B
6017.0,English,B
6017.0,Physical Education,C
6018.0,Math,B
6018.0,Science,B
6018.0,History,B
6018.0,English,B
6018.0,Physical Education,A
6019.0,Math,A
6019.0,Science,C
6019.0,History,C
6019.0,English,A
6019.0,Physical Education,D
6020.0,Math,A
6020.0,Science,B
6020.0,History,C
6020.0,English,D
6020.0,Physical Education,A
6021.0,Math,F
6021.0,Science,A
6021.0,History,B
6021.0,English,B
6021.0,Physical Education,C
6022.0,Math,A
6022.0,Science,B
6022.0,History,B
6022.0,English,D
6022.0,Physical Education,A
6023.0,Math,C
6023.0,Science,F
6023.0,History,C
6023.0,English,C
6023.0,Physical Education,F
6024.0,Math,D
6024.0,Science,C
6024.0,History,B
6024.0,English,A
6024.0,Physical Education,C
6025.0,Math,F
6025.0,Science,C
6025.0,History,A
6025.0,English,D
6025.0,Physical Education,D
6026.0,Math,A
6026.0,Science,D
6026.0,History,C
6026.0,English,F
6026.0,Physical Education,C
6027.0,Math,B
6027.0,Science,F
6027.0,History,D
6027.0,English,D
6027.0,Physical Education,D
6028.0,Math,A
6028.0,Science,A
6028.0,History,D
6028.0,English,A
6028.0,Physical Education,B
6029.0,Math,F
6029.0,Science,B
6029.0,History,D
6029.0,English,C
6029.0,Physical Education,C
6030.0,Math,A
6030.0,Science,C
6030.0,History,D
6030.0,English,B
6030.0,Physical Education,B
6031.0,Math,C
6031.0,Science,F
6031.0,History,D
6031.0,English,B
6031.0,Physical Education,F
6032.0,Math,C
6032.0,Science,A
6032.0,History,D
6032.0,English,F
6032.0,Physical Education,D
6033.0,Math,C
6033.0,Science,B
6033.0,History,B
6033.0,English,C
6033.0,Physical Education,D
6034.0,Math,D
6034.0,Science,B
6034.0,History,D
6034.0,English,A
6034.0,Physical Education,A
6035.0,Math,F
6035.0,Science,B
6035.0,History,A
6035.0,English,F
6035.0,Physical Education,B
6036.0,Math,B
6036.0,Science,A
6036.0,History,F
6036.0,English,D
6036.0,Physical Education,C
6037.0,Math,C
6037.0,Science,D
6037.0,History,C
6037.0,English,D
6037.0,Physical Education,A
6038.0,Math,A
6038.0,Science,F
6038.0,History,A
6038.0,English,F
6038.0,Physical Education,B
6039.0,Math,F
6039.0,Science,B
6039.0,History,C
6039.0,English,D
6039.0,Physical Education,A
6040.0,Math,C
6040.0,Science,B
6040.0,History,F
6040.0,English,D
6040.0,Physical Education,F
6041.0,Math,F
6041.0,Science,B
6041.0,History,C
6041.0,English,F
6041.0,Physical Education,F
6042.0,Math,D
6042.0,Science,D
6042.0,History,F
6042.0,English,D
6042.0,Physical Education,D
6043.0,Math,B
6043.0,Science,C
6043.0,History,F
6043.0,English,F
6043.0,Physical Education,C
6044.0,Math,A
6044.0,Science,F
6044.0,History,A
6044.0,English,D
6044.0,Physical Education,C
6045.0,Math,B
6045.0,Science,F
6045.0,History,D
6045.0,English,D
6045.0,Physical Education,A
6046.0,Math,F
6046.0,Science,F
6046.0,History,D
6046.0,English,F
6046.0,Physical Education,A
6047.0,Math,A
6047.0,Science,D
6047.0,History,B
6047.0,English,D
6047.0,Physical Education,F
6048.0,Math,F
6048.0,Science,A
6048.0,History,B
6048.0,English,F
6048.0,Physical Education,B
6049.0,Math,F
6049.0,Science,A
6049.0,History,A
6049.0,English,C
6049.0,Physical Education,A
6050.0,Math,D
6050.0,Science,F
6050.0,History,F
6050.0,English,C
6050.0,Physical Education,D
6051.0,Math,F
6051.0,Science,D
6051.0,History,B
6051.0,English,F
6051.0,Physical Education,B
6052.0,Math,D
6052.0,Science,D
6052.0,History,F
6052.0,English,A
6052.0,Physical Education,B
6053.0,Math,D
6053.0,Science,A
6053.0,History,C
6053.0,English,C
6053.0,Physical Education,D
6054.0,Math,A
6054.0,Science,A
6054.0,History,A
6054.0,English,A
6054.0,Physical Education,C
6055.0,Math,B
6055.0,Science,C
6055.0,History,A
6055.0,English,B
6055.0,Physical Education,A
6056.0,Math,B
6056.0,Science,B
6056.0,History,C
6056.0,English,C
6056.0,Physical Education,F
6057.0,Math,D
6057.0,Science,A
6057.0,History,D
6057.0,English,A
6057.0,Physical Education,C
6058.0,Math,F
6058.0,Science,F
6058.0,History,F
6058.0,English,F
6058.0,Physical Education,B
6059.0,Math,F
6059.0,Science,A
6059.0,History,F
6059.0,English,A
6059.0,Physical Education,B
6060.0,Math,B
6060.0,Science,C
6060.0,History,A
6060.0,English,C
6060.0,Physical Education,D
6061.0,Math,D
6061.0,Science,F
6061.0,History,D
6061.0,English,D
6061.0,Physical Education,A
6062.0,Math,A
6062.0,Science,F
6062.0,History,C
6062.0,English,B
6062.0,Physical Education,F
6063.0,Math,C
6063.0,Science,B
6063.0,History,B
6063.0,English,B
6063.0,Physical Education,C
6064.0,Math,C
6064.0,Science,F
6064.0,History,F
6064.0,English,A
6064.0,Physical Education,C
6065.0,Math,A
6065.0,Science,C
6065.0,History,D
6065.0,English,A
6065.0,Physical Education,B
6066.0,Math,C
6066.0,Science,F
6066.0,History,C
6066.0,English,D
6066.0,Physical Education,B
6067.0,Math,D
6067.0,Science,D
6067.0,History,A
6067.0,English,C
6067.0,Physical Education,B
6068.0,Math,A
6068.0,Science,A
6068.0,History,D
6068.0,English,A
6068.0,Physical Education,A
6069.0,Math,D
6069.0,Science,B
6069.0,History,D
6069.0,English,C
6069.0,Physical Education,B
6070.0,Math,A
6070.0,Science,A
6070.0,History,D
6070.0,English,A
6070.0,Physical Education,A
6071.0,Math,D
6071.0,Science,D
6071.0,History,B
6071.0,English,F
6071.0,Physical Education,F
6072.0,Math,A
6072.0,Science,A
6072.0,History,B
6072.0,English,B
6072.0,Physical Education,A
6073.0,Math,A
6073.0,Science,A
6073.0,History,C
6073.0,English,C
6073.0,Physical Education,C
6074.0,Math,D
6074.0,Science,F
6074.0,History,F
6074.0,English,C
6074.0,Physical Education,A
6075.0,Math,B
6075.0,Science,A
6075.0,History,C
6075.0,English,A
6075.0,Physical Education,D
6076.0,Math,D
6076.0,Science,F
6076.0,History,D
6076.0,English,D
6076.0,Physical Education,D
6077.0,Math,B
6077.0,Science,F
6077.0,History,C
6077.0,English,A
6077.0,Physical Education,F
6078.0,Math,C
6078.0,Science,F
6078.0,History,F
6078.0,English,A
6078.0,Physical Education,A
6079.0,Math,A
6079.0,Science,D
6079.0,History,D
6079.0,English,F
6079.0,Physical Education,D
6080.0,Math,B
6080.0,Science,F
6080.0,History,D
6080.0,English,D
6080.0,Physical Education,D
6081.0,Math,C
6081.0,Science,A
6081.0,History,C
6081.0,English,C
6081.0,Physical Education,F
6082.0,Math,A
6082.0,Science,B
6082.0,History,C
6082.0,English,C
6082.0,Physical Education,F
6083.0,Math,A
6083.0,Science,A
6083.0,History,A
6083.0,English,B
6083.0,Physical Education,B
6084.0,Math,F
6084.0,Science,D
6084.0,History,A
6084.0,English,D
6084.0,Physical Education,A
6085.0,Math,B
6085.0,Science,B
6085.0,History,D
6085.0,English,A
6085.0,Physical Education,A
6086.0,Math,F
6086.0,Science,A
6086.0,History,C
6086.0,English,C
6086.0,Physical Education,B
6087.0,Math,A
6087.0,Science,F
6087.0,History,D
6087.0,English,F
6087.0,Physical Education,B
6088.0,Math,A
6088.0,Science,A
6088.0,History,B
6088.0,English,D
6088.0,Physical Education,A
6089.0,Math,C
6089.0,Science,A
6089.0,History,D
6089.0,English,C
6089.0,Physical Education,A
6090.0,Math,D
6090.0,Science,B
6090.0,History,F
6090.0,English,D
6090.0,Physical Education,A
6091.0,Math,B
6091.0,Science,D
6091.0,History,C
6091.0,English,B
6091.0,Physical Education,A
6092.0,Math,A
6092.0,Science,C
6092.0,History,A
6092.0,English,A
6092.0,Physical Education,C
6093.0,Math,D
6093.0,Science,F
6093.0,History,D
6093.0,English,D
6093.0,Physical Education,A
6094.0,Math,B
6094.0,Science,F
6094.0,History,D
6094.0,English,F
6094.0,Physical Education,D
6095.0,Math,B
6095.0,Science,F
6095.0,History,F
6095.0,English,C
6095.0,Physical Education,C
6096.0,Math,D
6096.0,Science,A
6096.0,History,C
6096.0,English,C
6096.0,Physical Education,A
6097.0,Math,D
6097.0,Science,F
6097.0,History,B
6097.0,English,B
6097.0,Physical Education,A
6098.0,Math,D
6098.0,Science,D
6098.0,History,F
6098.0,English,F
6098.0,Physical Education,A
6099.0,Math,F
6099.0,Science,B
6099.0,History,F
6099.0,English,B
6099.0,Physical Education,F
6100.0,Math,C
6100.0,Science,B
6100.0,History,A
6100.0,English,C
6100.0,Physical Education,B
6101.0,Math,B
6101.0,Science,B
6101.0,History,C
6101.0,English,C
6101.0,Physical Education,B
6102.0,Math,B
6102.0,Science,D
6102.0,History,D
6102.0,English,B
6102.0,Physical Education,B
6103.0,Math,F
6103.0,Science,F
6103.0,History,A
6103.0,English,F
6103.0,Physical Education,D
6104.0,Math,D
6104.0,Science,A
6104.0,History,D
6104.0,English,B
6104.0,Physical Education,C
6105.0,Math,D
6105.0,Science,F
6105.0,History,A
6105.0,English,F
6105.0,Physical Education,B
6106.0,Math,A
6106.0,Science,F
6106.0,History,D
6106.0,English,D
6106.0,Physical Education,B
6107.0,Math,A
6107.0,Science,D
6107.0,History,F
6107.0,English,D
6107.0,Physical Education,C
6108.0,Math,C
6108.0,Science,F
6108.0,History,F
6108.0,English,C
6108.0,Physical Education,B
6109.0,Math,A
6109.0,Science,D
6109.0,History,C
6109.0,English,D
6109.0,Physical Education,A
6110.0,Math,A
6110.0,Science,F
6110.0,History,A
6110.0,English,D
6110.0,Physical Education,A
6111.0,Math,A
6111.0,Science,C
6111.0,History,A
6111.0,English,D
6111.0,Physical Education,F
6112.0,Math,A
6112.0,Science,A
6112.0,History,D
6112.0,English,D
6112.0,Physical Education,D
6113.0,Math,B
6113.0,Science,D
6113.0,History,F
6113.0,English,C
6113.0,Physical Education,F
6114.0,Math,D
6114.0,Science,B
6114.0,History,D
6114.0,English,D
6114.0,Physical Education,F
6115.0,Math,A
6115.0,Science,A
6115.0,History,F
6115.0,English,A
6115.0,Physical Education,B
6116.0,Math,D
6116.0,Science,B
6116.0,History,F
6116.0,English,B
6116.0,Physical Education,C
6117.0,Math,B
6117.0,Science,C
6117.0,History,F
6117.0,English,C
6117.0,Physical Education,B
6118.0,Math,A
6118.0,Science,B
6118.0,History,F
6118.0,English,F
6118.0,Physical Education,D
6119.0,Math,D
6119.0,Science,A
6119.0,History,F
6119.0,English,F
6119.0,Physical Education,C
6120.0,Math,A
6120.0,Science,D
6120.0,History,A
6120.0,English,D
6120.0,Physical Education,B
6121.0,Math,B
6121.0,Science,A
6121.0,History,D
6121.0,English,D
6121.0,Physical Education,C
6122.0,Math,C
6122.0,Science,D
6122.0,History,F
6122.0,English,C
6122.0,Physical Education,C
6123.0,Math,A
6123.0,Science,C
6123.0,History,D
6123.0,English,A
6123.0,Physical Education,D
6124.0,Math,F
6124.0,Science,B
6124.0,History,C
6124.0,English,F
6124.0,Physical Education,C
6125.0,Math,A
6125.0,Science,D
6125.0,History,D
6125.0,English,D
6125.0,Physical Education,A
6126.0,Math,C
6126.0,Science,C
6126.0,History,A
6126.0,English,A
6126.0,Physical Education,D
6127.0,Math,C
6127.0,Science,F
6127.0,History,C
6127.0,English,A
6127.0,Physical Education,B
6128.0,Math,C
6128.0,Science,A
6128.0,History,A
6128.0,English,D
6128.0,Physical Education,B
6129.0,Math,B
6129.0,Science,A
6129.0,History,D
6129.0,English,F
6129.0,Physical Education,C
6130.0,Math,C
6130.0,Science,B
6130.0,History,D
6130.0,English,D
6130.0,Physical Education,A
6131.0,Math,A
6131.0,Science,D
6131.0,History,D
6131.0,English,B
6131.0,Physical Education,D
6132.0,Math,D
6132.0,Science,C
6132.0,History,F
6132.0,English,D
6132.0,Physical Education,D
6133.0,Math,F
6133.0,Science,B
6133.0,History,F
6133.0,English,A
6133.0,Physical Education,D
6134.0,Math,F
6134.0,Science,C
6134.0,History,C
6134.0,English,B
6134.0,Physical Education,D
6135.0,Math,F
6135.0,Science,D
6135.0,History,D
6135.0,English,D
6135.0,Physical Education,A
6136.0,Math,A
6136.0,Science,C
6136.0,History,D
6136.0,English,D
6136.0,Physical Education,F
6137.0,Math,B
6137.0,Science,A
6137.0,History,C
6137.0,English,F
6137.0,Physical Education,C
6138.0,Math,C
6138.0,Science,C
6138.0,History,B
6138.0,English,A
6138.0,Physical Education,D
6139.0,Math,F
6139.0,Science,C
6139.0,History,C
6139.0,English,D
6139.0,Physical Education,C
6140.0,Math,C
6140.0,Science,D
6140.0,History,F
6140.0,English,F
6140.0,Physical Education,C
6141.0,Math,A
6141.0,Science,B
6141.0,History,C
6141.0,English,F
6141.0,Physical Education,A
6142.0,Math,B
6142.0,Science,F
6142.0,History,D
6142.0,English,A
6142.0,Physical Education,D
6143.0,Math,F
6143.0,Science,D
6143.0,History,B
6143.0,English,F
6143.0,Physical Education,D
6144.0,Math,B
6144.0,Science,A
6144.0,History,C
6144.0,English,F
6144.0,Physical Education,C
6145.0,Math,B
6145.0,Science,A
6145.0,History,B
6145.0,English,F
6145.0,Physical Education,A
6146.0,Math,D
6146.0,Science,D
6146.0,History,D
6146.0,English,F
6146.0,Physical Education,C
6147.0,Math,A
6147.0,Science,C
6147.0,History,C
6147.0,English,D
6147.0,Physical Education,F
6148.0,Math,F
6148.0,Science,F
6148.0,History,A
6148.0,English,F
6148.0,Physical Education,B
6149.0,Math,B
6149.0,Science,D
6149.0,History,B
6149.0,English,C
6149.0,Physical Education,C
6150.0,Math,C
6150.0,Science,F
6150.0,History,F
6150.0,English,F
6150.0,Physical Education,F
6151.0,Math,D
6151.0,Science,F
6151.0,History,C
6151.0,English,A
6151.0,Physical Education,C
6152.0,Math,A
6152.0,Science,C
6152.0,History,A
6152.0,English,D
6152.0,Physical Education,D
6153.0,Math,F
6153.0,Science,D
6153.0,History,B
6153.0,English,A
6153.0,Physical Education,D
6154.0,Math,F
6154.0,Science,B
6154.0,History,A
6154.0,English,C
6154.0,Physical Education,C
6155.0,Math,A
6155.0,Science,D
6155.0,History,A
6155.0,English,F
6155.0,Physical Education,D
6156.0,Math,B
6156.0,Science,B
6156.0,History,B
6156.0,English,C
6156.0,Physical Education,D
6157.0,Math,A
6157.0,Science,F
6157.0,History,F
6157.0,English,D
6157.0,Physical Education,F
6158.0,Math,C
6158.0,Science,B
6158.0,History,F
6158.0,English,F
6158.0,Physical Education,C
6159.0,Math,B
6159.0,Science,C
6159.0,History,B
6159.0,English,D
6159.0,Physical Education,C
6160.0,Math,C
6160.0,Science,C
6160.0,History,D
6160.0,English,D
6160.0,Physical Education,B
6161.0,Math,A
6161.0,Science,C
6161.0,History,C
6161.0,English,F
6161.0,Physical Education,F
6162.0,Math,F
6162.0,Science,A
6162.0,History,B
6162.0,English,B
6162.0,Physical Education,B
6163.0,Math,F
6163.0,Science,F
6163.0,History,B
6163.0,English,A
6163.0,Physical Education,F
6164.0,Math,C
6164.0,Science,B
6164.0,History,B
6164.0,English,F
6164.0,Physical Education,B
6165.0,Math,D
6165.0,Science,F
6165.0,History,D
6165.0,English,B
6165.0,Physical Education,C
6166.0,Math,C
6166.0,Science,D
6166.0,History,D
6166.0,English,B
6166.0,Physical Education,B
6167.0,Math,F
6167.0,Science,B
6167.0,History,D
6167.0,English,A
6167.0,Physical Education,F
6168.0,Math,D
6168.0,Science,C
6168.0,History,C
6168.0,English,C
6168.0,Physical Education,B
6169.0,Math,A
6169.0,Science,C
6169.0,History,D
6169.0,English,C
6169.0,Physical Education,B
6170.0,Math,B
6170.0,Science,D
6170.0,History,B
6170.0,English,C
6170.0,Physical Education,A
6171.0,Math,B
6171.0,Science,B
6171.0,History,A
6171.0,English,C
6171.0,Physical Education,A
6172.0,Math,B
6172.0,Science,B
6172.0,History,A
6172.0,English,F
6172.0,Physical Education,F
6173.0,Math,C
6173.0,Science,D
6173.0,History,F
6173.0,English,F
6173.0,Physical Education,D
6174.0,Math,F
6174.0,Science,B
6174.0,History,D
6174.0,English,F
6174.0,Physical Education,F
6175.0,Math,A
6175.0,Science,C
6175.0,History,C
6175.0,English,D
6175.0,Physical Education,D
6176.0,Math,F
6176.0,Science,A
6176.0,History,D
6176.0,English,C
6176.0,Physical Education,D
6177.0,Math,C
6177.0,Science,F
6177.0,History,F
6177.0,English,B
6177.0,Physical Education,D
6178.0,Math,A
6178.0,Science,D
6178.0,History,C
6178.0,English,A
6178.0,Physical Education,F
6179.0,Math,A
6179.0,Science,D
6179.0,History,A
6179.0,English,F
6179.0,Physical Education,C
6180.0,Math,F
6180.0,Science,A
6180.0,History,C
6180.0,English,C
6180.0,Physical Education,D
6181.0,Math,B
6181.0,Science,A
6181.0,History,F
6181.0,English,C
6181.0,Physical Education,F
6182.0,Math,A
6182.0,Science,B
6182.0,History,B
6182.0,English,F
6182.0,Physical Education,A
6183.0,Math,F
6183.0,Science,A
6183.0,History,D
6183.0,English,A
6183.0,Physical Education,D
6184.0,Math,B
6184.0,Science,C
6184.0,History,B
6184.0,English,B
6184.0,Physical Education,F
6185.0,Math,B
6185.0,Science,F
6185.0,History,D
6185.0,English,D
6185.0,Physical Education,F
6186.0,Math,D
6186.0,Science,B
6186.0,History,F
6186.0,English,D
6186.0,Physical Education,B
6187.0,Math,C
6187.0,Science,B
6187.0,History,F
6187.0,English,B
6187.0,Physical Education,A
6188.0,Math,A
6188.0,Science,D
6188.0,History,F
6188.0,English,D
6188.0,Physical Education,C
6189.0,Math,D
6189.0,Science,C
6189.0,History,B
6189.0,English,D
6189.0,Physical Education,A
6190.0,Math,A
6190.0,Science,F
6190.0,History,B
6190.0,English,B
6190.0,Physical Education,A
6191.0,Math,B
6191.0,Science,B
6191.0,History,A
6191.0,English,C
6191.0,Physical Education,A
6192.0,Math,B
6192.0,Science,D
6192.0,History,D
6192.0,English,C
6192.0,Physical Education,A
6193.0,Math,C
6193.0,Science,A
6193.0,History,A
6193.0,English,A
6193.0,Physical Education,C
6194.0,Math,D
6194.0,Science,F
6194.0,History,C
6194.0,English,F
6194.0,Physical Education,C
6195.0,Math,C
6195.0,Science,B
6195.0,History,C
6195.0,English,F
6195.0,Physical Education,C
6196.0,Math,C
6196.0,Science,C
6196.0,History,C
6196.0,English,C
6196.0,Physical Education,F
6197.0,Math,C
6197.0,Science,D
6197.0,History,B
6197.0,English,C
6197.0,Physical Education,D
6198.0,Math,F
6198.0,Science,B
6198.0,History,D
6198.0,English,A
6198.0,Physical Education,F
6199.0,Math,F
6199.0,Science,A
6199.0,History,D
6199.0,English,A
6199.0,Physical Education,C
6200.0,Math,D
6200.0,Science,C
6200.0,History,F
6200.0,English,C
6200.0,Physical Education,D
6201.0,Math,F
6201.0,Science,A
6201.0,History,D
6201.0,English,F
6201.0,Physical Education,B
6202.0,Math,A
6202.0,Science,D
6202.0,History,B
6202.0,English,F
6202.0,Physical Education,A
6203.0,Math,A
6203.0,Science,C
6203.0,History,A
6203.0,English,D
6203.0,Physical Education,C
6204.0,Math,B
6204.0,Science,F
6204.0,History,F
6204.0,English,F
6204.0,Physical Education,C
6205.0,Math,A
6205.0,Science,B
6205.0,History,B
6205.0,English,F
6205.0,Physical Education,D
6206.0,Math,A
6206.0,Science,B
6206.0,History,C
6206.0,English,B
6206.0,Physical Education,C
6207.0,Math,F
6207.0,Science,D
6207.0,History,A
6207.0,English,B
6207.0,Physical Education,D
6208.0,Math,B
6208.0,Science,F
6208.0,History,D
6208.0,English,A
6208.0,Physical Education,A
6209.0,Math,F
6209.0,Science,D
6209.0,History,B
6209.0,English,D
6209.0,Physical Education,B
6210.0,Math,B
6210.0,Science,C
6210.0,History,B
6210.0,English,A
6210.0,Physical Education,C
6211.0,Math,F
6211.0,Science,B
6211.0,History,D
6211.0,English,D
6211.0,Physical Education,C
6212.0,Math,B
6212.0,Science,A
6212.0,History,C
6212.0,English,C
6212.0,Physical Education,F
6213.0,Math,A
6213.0,Science,B
6213.0,History,D
6213.0,English,D
6213.0,Physical Education,D
6214.0,Math,D
6214.0,Science,A
6214.0,History,F
6214.0,English,C
6214.0,Physical Education,A
6215.0,Math,F
6215.0,Science,F
6215.0,History,C
6215.0,English,C
6215.0,Physical Education,A
6216.0,Math,F
6216.0,Science,A
6216.0,History,D
6216.0,English,C
6216.0,Physical Education,D
6217.0,Math,C
6217.0,Science,C
6217.0,History,A
6217.0,English,B
6217.0,Physical Education,F
6218.0,Math,B
6218.0,Science,D
6218.0,History,D
6218.0,English,B
6218.0,Physical Education,F
6219.0,Math,F
6219.0,Science,C
6219.0,History,F
6219.0,English,D
6219.0,Physical Education,D
6220.0,Math,F
6220.0,Science,D
6220.0,History,C
6220.0,English,F
6220.0,Physical Education,B
6221.0,Math,A
6221.0,Science,A
6221.0,History,A
6221.0,English,D
6221.0,Physical Education,B
6222.0,Math,B
6222.0,Science,C
6222.0,History,D
6222.0,English,B
6222.0,Physical Education,F
6223.0,Math,B
6223.0,Science,A
6223.0,History,B
6223.0,English,D
6223.0,Physical Education,D
6224.0,Math,F
6224.0,Science,D
6224.0,History,C
6224.0,English,A
6224.0,Physical Education,B
6225.0,Math,D
6225.0,Science,F
6225.0,History,F
6225.0,English,D
6225.0,Physical Education,A
6226.0,Math,B
6226.0,Science,F
6226.0,History,F
6226.0,English,B
6226.0,Physical Education,F
6227.0,Math,B
6227.0,Science,F
6227.0,History,B
6227.0,English,A
6227.0,Physical Education,D
6228.0,Math,B
6228.0,Science,A
6228.0,History,B
6228.0,English,B
6228.0,Physical Education,D
6229.0,Math,D
6229.0,Science,A
6229.0,History,A
6229.0,English,B
6229.0,Physical Education,A
6230.0,Math,A
6230.0,Science,C
6230.0,History,F
6230.0,English,F
6230.0,Physical Education,B
6231.0,Math,D
6231.0,Science,B
6231.0,History,B
6231.0,English,F
6231.0,Physical Education,B
6232.0,Math,F
6232.0,Science,C
6232.0,History,B
6232.0,English,F
6232.0,Physical Education,D
6233.0,Math,F
6233.0,Science,A
6233.0,History,C
6233.0,English,C
6233.0,Physical Education,D
6234.0,Math,B
6234.0,Science,F
6234.0,History,F
6234.0,English,C
6234.0,Physical Education,F
6235.0,Math,B
6235.0,Science,B
6235.0,History,C
6235.0,English,F
6235.0,Physical Education,B
6236.0,Math,A
6236.0,Science,A
6236.0,History,B
6236.0,English,B
6236.0,Physical Education,B
6237.0,Math,C
6237.0,Science,F
6237.0,History,A
6237.0,English,C
6237.0,Physical Education,D
6238.0,Math,F
6238.0,Science,A
6238.0,History,C
6238.0,English,B
6238.0,Physical Education,D
6239.0,Math,C
6239.0,Science,A
6239.0,History,D
6239.0,English,A
6239.0,Physical Education,A
6240.0,Math,A
6240.0,Science,D
6240.0,History,D
6240.0,English,D
6240.0,Physical Education,A
6241.0,Math,B
6241.0,Science,D
6241.0,History,A
6241.0,English,A
6241.0,Physical Education,C
6242.0,Math,F
6242.0,Science,B
6242.0,History,D
6242.0,English,C
6242.0,Physical Education,B
6243.0,Math,C
6243.0,Science,C
6243.0,History,B
6243.0,English,F
6243.0,Physical Education,F
6244.0,Math,C
6244.0,Science,F
6244.0,History,F
6244.0,English,D
6244.0,Physical Education,D
6245.0,Math,C
6245.0,Science,B
6245.0,History,F
6245.0,English,F
6245.0,Physical Education,F
6246.0,Math,A
6246.0,Science,F
6246.0,History,D
6246.0,English,B
6246.0,Physical Education,F
6247.0,Math,F
6247.0,Science,A
6247.0,History,A
6247.0,English,C
6247.0,Physical Education,C
6248.0,Math,A
6248.0,Science,A
6248.0,History,C
6248.0,English,D
6248.0,Physical Education,F
6249.0,Math,C
6249.0,Science,D
6249.0,History,C
6249.0,English,B
6249.0,Physical Education,A
6250.0,Math,D
6250.0,Science,F
6250.0,History,B
6250.0,English,D
6250.0,Physical Education,A
6251.0,Math,D
6251.0,Science,A
6251.0,History,B
6251.0,English,A
6251.0,Physical Education,D
6252.0,Math,D
6252.0,Science,F
6252.0,History,A
6252.0,English,A
6252.0,Physical Education,F
6253.0,Math,B
6253.0,Science,B
6253.0,History,B
6253.0,English,D
6253.0,Physical Education,D
6254.0,Math,C
6254.0,Science,B
6254.0,History,A
6254.0,English,D
6254.0,Physical Education,A
6255.0,Math,C
6255.0,Science,F
6255.0,History,C
6255.0,English,A
6255.0,Physical Education,B
6256.0,Math,A
6256.0,Science,A
6256.0,History,D
6256.0,English,B
6256.0,Physical Education,A
6257.0,Math,A
6257.0,Science,A
6257.0,History,F
6257.0,English,D
6257.0,Physical Education,D
6258.0,Math,A
6258.0,Science,B
6258.0,History,F
6258.0,English,B
6258.0,Physical Education,A
6259.0,Math,B
6259.0,Science,F
6259.0,History,C
6259.0,English,F
6259.0,Physical Education,C
6260.0,Math,F
6260.0,Science,D
6260.0,History,B
6260.0,English,D
6260.0,Physical Education,C
6261.0,Math,D
6261.0,Science,F
6261.0,History,C
6261.0,English,F
6261.0,Physical Education,A
6262.0,Math,F
6262.0,Science,A
6262.0,History,D
6262.0,English,B
6262.0,Physical Education,F
6263.0,Math,B
6263.0,Science,C
6263.0,History,D
6263.0,English,F
6263.0,Physical Education,B
6264.0,Math,B
6264.0,Science,B
6264.0,History,D
6264.0,English,A
6264.0,Physical Education,D
6265.0,Math,C
6265.0,Science,C
6265.0,History,B
6265.0,English,A
6265.0,Physical Education,B
6266.0,Math,F
6266.0,Science,C
6266.0,History,F
6266.0,English,F
6266.0,Physical Education,C
6267.0,Math,B
6267.0,Science,A
6267.0,History,F
6267.0,English,B
6267.0,Physical Education,C
6268.0,Math,C
6268.0,Science,A
6268.0,History,F
6268.0,English,D
6268.0,Physical Education,D
6269.0,Math,A
6269.0,Science,C
6269.0,History,C
6269.0,English,B
6269.0,Physical Education,F
6270.0,Math,F
6270.0,Science,A
6270.0,History,D
6270.0,English,D
6270.0,Physical Education,F
6271.0,Math,A
6271.0,Science,C
6271.0,History,B
6271.0,English,B
6271.0,Physical Education,D
6272.0,Math,B
6272.0,Science,D
6272.0,History,B
6272.0,English,B
6272.0,Physical Education,F
6273.0,Math,B
6273.0,Science,B
6273.0,History,B
6273.0,English,B
6273.0,Physical Education,D
6274.0,Math,B
6274.0,Science,A
6274.0,History,B
6274.0,English,C
6274.0,Physical Education,F
6275.0,Math,F
6275.0,Science,A
6275.0,History,C
6275.0,English,C
6275.0,Physical Education,C
6276.0,Math,D
6276.0,Science,A
6276.0,History,D
6276.0,English,D
6276.0,Physical Education,C
6277.0,Math,C
6277.0,Science,F
6277.0,History,C
6277.0,English,A
6277.0,Physical Education,C
6278.0,Math,B
6278.0,Science,D
6278.0,History,F
6278.0,English,A
6278.0,Physical Education,C
6279.0,Math,C
6279.0,Science,C
6279.0,History,B
6279.0,English,C
6279.0,Physical Education,F
6280.0,Math,F
6280.0,Science,B
6280.0,History,C
6280.0,English,F
6280.0,Physical Education,F
6281.0,Math,B
6281.0,Science,D
6281.0,History,C
6281.0,English,A
6281.0,Physical Education,F
6282.0,Math,C
6282.0,Science,A
6282.0,History,D
6282.0,English,C
6282.0,Physical Education,F
6283.0,Math,D
6283.0,Science,D
6283.0,History,D
6283.0,English,C
6283.0,Physical Education,A
6284.0,Math,B
6284.0,Science,C
6284.0,History,D
6284.0,English,F
6284.0,Physical Education,A
6285.0,Math,F
6285.0,Science,F
6285.0,History,C
6285.0,English,A
6285.0,Physical Education,D
6286.0,Math,A
6286.0,Science,B
6286.0,History,F
6286.0,English,C
6286.0,Physical Education,B
6287.0,Math,D
6287.0,Science,C
6287.0,History,B
6287.0,English,B
6287.0,Physical Education,F
6288.0,Math,B
6288.0,Science,F
6288.0,History,B
6288.0,English,A
6288.0,Physical Education,F
6289.0,Math,B
6289.0,Science,B
6289.0,History,B
6289.0,English,F
6289.0,Physical Education,F
6290.0,Math,B
6290.0,Science,D
6290.0,History,A
6290.0,English,F
6290.0,Physical Education,D
6291.0,Math,C
6291.0,Science,F
6291.0,History,C
6291.0,English,B
6291.0,Physical Education,D
6292.0,Math,A
6292.0,Science,A
6292.0,History,A
6292.0,English,C
6292.0,Physical Education,B
6293.0,Math,F
6293.0,Science,C
6293.0,History,D
6293.0,English,B
6293.0,Physical Education,B
6294.0,Math,D
6294.0,Science,C
6294.0,History,C
6294.0,English,F
6294.0,Physical Education,F
6295.0,Math,D
6295.0,Science,C
6295.0,History,F
6295.0,English,D
6295.0,Physical Education,C
6296.0,Math,B
6296.0,Science,D
6296.0,History,B
6296.0,English,B
6296.0,Physical Education,B
6297.0,Math,D
6297.0,Science,A
6297.0,History,D
6297.0,English,C
6297.0,Physical Education,A
6298.0,Math,B
6298.0,Science,F
6298.0,History,C
6298.0,English,D
6298.0,Physical Education,F
6299.0,Math,C
6299.0,Science,D
6299.0,History,C
6299.0,English,D
6299.0,Physical Education,D
6300.0,Math,A
6300.0,Science,D
6300.0,History,A
6300.0,English,F
6300.0,Physical Education,A
6301.0,Math,B
6301.0,Science,D
6301.0,History,C
6301.0,English,C
6301.0,Physical Education,A
6302.0,Math,F
6302.0,Science,F
6302.0,History,F
6302.0,English,F
6302.0,Physical Education,B
6303.0,Math,C
6303.0,Science,D
6303.0,History,A
6303.0,English,B
6303.0,Physical Education,C
6304.0,Math,D
6304.0,Science,C
6304.0,History,C
6304.0,English,D
6304.0,Physical Education,B
6305.0,Math,B
6305.0,Science,B
6305.0,History,B
6305.0,English,A
6305.0,Physical Education,F
6306.0,Math,A
6306.0,Science,C
6306.0,History,D
6306.0,English,A
6306.0,Physical Education,F
6307.0,Math,D
6307.0,Science,A
6307.0,History,D
6307.0,English,A
6307.0,Physical Education,F
6308.0,Math,B
6308.0,Science,D
6308.0,History,C
6308.0,English,B
6308.0,Physical Education,B
6309.0,Math,D
6309.0,Science,F
6309.0,History,F
6309.0,English,C
6309.0,Physical Education,F
6310.0,Math,B
6310.0,Science,F
6310.0,History,D
6310.0,English,C
6310.0,Physical Education,D
6311.0,Math,A
6311.0,Science,C
6311.0,History,A
6311.0,English,D
6311.0,Physical Education,A
6312.0,Math,C
6312.0,Science,F
6312.0,History,A
6312.0,English,F
6312.0,Physical Education,A
6313.0,Math,A
6313.0,Science,D
6313.0,History,D
6313.0,English,F
6313.0,Physical Education,F
6314.0,Math,D
6314.0,Science,F
6314.0,History,F
6314.0,English,C
6314.0,Physical Education,C
6315.0,Math,A
6315.0,Science,F
6315.0,History,B
6315.0,English,C
6315.0,Physical Education,F
6316.0,Math,A
6316.0,Science,C
6316.0,History,A
6316.0,English,A
6316.0,Physical Education,A
6317.0,Math,D
6317.0,Science,D
6317.0,History,A
6317.0,English,C
6317.0,Physical Education,C
6318.0,Math,A
6318.0,Science,A
6318.0,History,B
6318.0,English,B
6318.0,Physical Education,C
6319.0,Math,B
6319.0,Science,D
6319.0,History,A
6319.0,English,C
6319.0,Physical Education,B
6320.0,Math,D
6320.0,Science,A
6320.0,History,D
6320.0,English,B
6320.0,Physical Education,D
6321.0,Math,F
6321.0,Science,F
6321.0,History,B
6321.0,English,D
6321.0,Physical Education,B
6322.0,Math,D
6322.0,Science,B
6322.0,History,F
6322.0,English,D
6322.0,Physical Education,B
6323.0,Math,B
6323.0,Science,A
6323.0,History,D
6323.0,English,F
6323.0,Physical Education,A
6324.0,Math,B
6324.0,Science,C
6324.0,History,C
6324.0,English,C
6324.0,Physical Education,D
6325.0,Math,B
6325.0,Science,A
6325.0,History,D
6325.0,English,D
6325.0,Physical Education,F
6326.0,Math,B
6326.0,Science,D
6326.0,History,F
6326.0,English,D
6326.0,Physical Education,C
6327.0,Math,A
6327.0,Science,A
6327.0,History,C
6327.0,English,A
6327.0,Physical Education,B
6328.0,Math,A
6328.0,Science,B
6328.0,History,B
6328.0,English,C
6328.0,Physical Education,C
6329.0,Math,F
6329.0,Science,D
6329.0,History,A
6329.0,English,C
6329.0,Physical Education,B
6330.0,Math,D
6330.0,Science,A
6330.0,History,C
6330.0,English,B
6330.0,Physical Education,F
6331.0,Math,C
6331.0,Science,B
6331.0,History,A
6331.0,English,D
6331.0,Physical Education,C
6332.0,Math,A
6332.0,Science,C
6332.0,History,B
6332.0,English,A
6332.0,Physical Education,B
6333.0,Math,D
6333.0,Science,A
6333.0,History,D
6333.0,English,B
6333.0,Physical Education,A
6334.0,Math,C
6334.0,Science,A
6334.0,History,F
6334.0,English,A
6334.0,Physical Education,D
6335.0,Math,D
6335.0,Science,F
6335.0,History,C
6335.0,English,B
6335.0,Physical Education,F
6336.0,Math,B
6336.0,Science,C
6336.0,History,A
6336.0,English,F
6336.0,Physical Education,A
6337.0,Math,A
6337.0,Science,A
6337.0,History,D
6337.0,English,C
6337.0,Physical Education,A
6338.0,Math,B
6338.0,Science,D
6338.0,History,C
6338.0,English,C
6338.0,Physical Education,C
6339.0,Math,A
6339.0,Science,C
6339.0,History,F
6339.0,English,B
6339.0,Physical Education,D
6340.0,Math,A
6340.0,Science,C
6340.0,History,C
6340.0,English,B
6340.0,Physical Education,C
6341.0,Math,F
6341.0,Science,D
6341.0,History,C
6341.0,English,B
6341.0,Physical Education,F
6342.0,Math,D
6342.0,Science,C
6342.0,History,F
6342.0,English,C
6342.0,Physical Education,D
6343.0,Math,C
6343.0,Science,A
6343.0,History,A
6343.0,English,B
6343.0,Physical Education,C
6344.0,Math,D
6344.0,Science,B
6344.0,History,A
6344.0,English,D
6344.0,Physical Education,B
6345.0,Math,D
6345.0,Science,B
6345.0,History,A
6345.0,English,D
6345.0,Physical Education,D
6346.0,Math,A
6346.0,Science,F
6346.0,History,D
6346.0,English,F
6346.0,Physical Education,A
6347.0,Math,A
6347.0,Science,C
6347.0,History,C
6347.0,English,F
6347.0,Physical Education,B
6348.0,Math,C
6348.0,Science,B
6348.0,History,D
6348.0,English,A
6348.0,Physical Education,D
6349.0,Math,C
6349.0,Science,D
6349.0,History,A
6349.0,English,F
6349.0,Physical Education,F
6350.0,Math,A
6350.0,Science,D
6350.0,History,F
6350.0,English,F
6350.0,Physical Education,D
6351.0,Math,D
6351.0,Science,F
6351.0,History,D
6351.0,English,A
6351.0,Physical Education,D
6352.0,Math,D
6352.0,Science,C
6352.0,History,F
6352.0,English,A
6352.0,Physical Education,B
6353.0,Math,B
6353.0,Science,C
6353.0,History,B
6353.0,English,C
6353.0,Physical Education,F
6354.0,Math,D
6354.0,Science,F
6354.0,History,A
6354.0,English,A
6354.0,Physical Education,B
6355.0,Math,F
6355.0,Science,B
6355.0,History,D
6355.0,English,B
6355.0,Physical Education,A
6356.0,Math,B
6356.0,Science,B
6356.0,History,C
6356.0,English,B
6356.0,Physical Education,B
6357.0,Math,A
6357.0,Science,D
6357.0,History,B
6357.0,English,A
6357.0,Physical Education,F
6358.0,Math,A
6358.0,Science,D
6358.0,History,C
6358.0,English,D
6358.0,Physical Education,C
6359.0,Math,C
6359.0,Science,B
6359.0,History,A
6359.0,English,F
6359.0,Physical Education,C
6360.0,Math,D
6360.0,Science,D
6360.0,History,F
6360.0,English,C
6360.0,Physical Education,D
6361.0,Math,B
6361.0,Science,D
6361.0,History,B
6361.0,English,F
6361.0,Physical Education,C
6362.0,Math,D
6362.0,Science,C
6362.0,History,C
6362.0,English,D
6362.0,Physical Education,C
6363.0,Math,D
6363.0,Science,F
6363.0,History,C
6363.0,English,A
6363.0,Physical Education,B
6364.0,Math,B
6364.0,Science,D
6364.0,History,B
6364.0,English,D
6364.0,Physical Education,B
6365.0,Math,D
6365.0,Science,B
6365.0,History,F
6365.0,English,A
6365.0,Physical Education,F
6366.0,Math,B
6366.0,Science,D
6366.0,History,B
6366.0,English,F
6366.0,Physical Education,D
6367.0,Math,D
6367.0,Science,C
6367.0,History,A
6367.0,English,B
6367.0,Physical Education,D
6368.0,Math,F
6368.0,Science,F
6368.0,History,C
6368.0,English,A
6368.0,Physical Education,D
6369.0,Math,F
6369.0,Science,A
6369.0,History,C
6369.0,English,C
6369.0,Physical Education,C
6370.0,Math,F
6370.0,Science,B
6370.0,History,D
6370.0,English,F
6370.0,Physical Education,B
6371.0,Math,B
6371.0,Science,F
6371.0,History,F
6371.0,English,A
6371.0,Physical Education,F
6372.0,Math,F
6372.0,Science,C
6372.0,History,F
6372.0,English,A
6372.0,Physical Education,D
6373.0,Math,D
6373.0,Science,F
6373.0,History,C
6373.0,English,C
6373.0,Physical Education,F
6374.0,Math,A
6374.0,Science,B
6374.0,History,D
6374.0,English,B
6374.0,Physical Education,F
6375.0,Math,B
6375.0,Science,C
6375.0,History,F
6375.0,English,B
6375.0,Physical Education,D
6376.0,Math,B
6376.0,Science,A
6376.0,History,A
6376.0,English,C
6376.0,Physical Education,D
6377.0,Math,F
6377.0,Science,F
6377.0,History,A
6377.0,English,C
6377.0,Physical Education,B
6378.0,Math,C
6378.0,Science,D
6378.0,History,D
6378.0,English,A
6378.0,Physical Education,D
6379.0,Math,F
6379.0,Science,B
6379.0,History,C
6379.0,English,D
6379.0,Physical Education,C
6380.0,Math,B
6380.0,Science,F
6380.0,History,F
6380.0,English,B
6380.0,Physical Education,B
6381.0,Math,C
6381.0,Science,C
6381.0,History,B
6381.0,English,D
6381.0,Physical Education,C
6382.0,Math,A
6382.0,Science,A
6382.0,History,B
6382.0,English,C
6382.0,Physical Education,A
6383.0,Math,B
6383.0,Science,C
6383.0,History,C
6383.0,English,D
6383.0,Physical Education,F
6384.0,Math,B
6384.0,Science,F
6384.0,History,A
6384.0,English,B
6384.0,Physical Education,A
6385.0,Math,A
6385.0,Science,A
6385.0,History,A
6385.0,English,C
6385.0,Physical Education,A
6386.0,Math,F
6386.0,Science,C
6386.0,History,C
6386.0,English,F
6386.0,Physical Education,A
6387.0,Math,F
6387.0,Science,C
6387.0,History,A
6387.0,English,B
6387.0,Physical Education,A
6388.0,Math,A
6388.0,Science,D
6388.0,History,D
6388.0,English,B
6388.0,Physical Education,A
6389.0,Math,F
6389.0,Science,F
6389.0,History,B
6389.0,English,F
6389.0,Physical Education,C
6390.0,Math,D
6390.0,Science,B
6390.0,History,A
6390.0,English,A
6390.0,Physical Education,C
6391.0,Math,C
6391.0,Science,D
6391.0,History,B
6391.0,English,F
6391.0,Physical Education,F
6392.0,Math,C
6392.0,Science,A
6392.0,History,C
6392.0,English,D
6392.0,Physical Education,B
6393.0,Math,D
6393.0,Science,B
6393.0,History,F
6393.0,English,F
6393.0,Physical Education,B
6394.0,Math,C
6394.0,Science,F
6394.0,History,D
6394.0,English,B
6394.0,Physical Education,B
6395.0,Math,A
6395.0,Science,A
6395.0,History,C
6395.0,English,D
6395.0,Physical Education,D
6396.0,Math,D
6396.0,Science,F
6396.0,History,F
6396.0,English,B
6396.0,Physical Education,C
6397.0,Math,F
6397.0,Science,D
6397.0,History,A
6397.0,English,D
6397.0,Physical Education,A
6398.0,Math,B
6398.0,Science,C
6398.0,History,D
6398.0,English,F
6398.0,Physical Education,F
6399.0,Math,B
6399.0,Science,A
6399.0,History,A
6399.0,English,C
6399.0,Physical Education,D
6400.0,Math,F
6400.0,Science,F
6400.0,History,F
6400.0,English,F
6400.0,Physical Education,B
6401.0,Math,C
6401.0,Science,D
6401.0,History,C
6401.0,English,A
6401.0,Physical Education,C
6402.0,Math,A
6402.0,Science,C
6402.0,History,B
6402.0,English,C
6402.0,Physical Education,F
6403.0,Math,D
6403.0,Science,C
6403.0,History,F
6403.0,English,F
6403.0,Physical Education,B
6404.0,Math,B
6404.0,Science,B
6404.0,History,A
6404.0,English,F
6404.0,Physical Education,A
6405.0,Math,B
6405.0,Science,C
6405.0,History,F
6405.0,English,C
6405.0,Physical Education,B
6406.0,Math,D
6406.0,Science,D
6406.0,History,A
6406.0,English,A
6406.0,Physical Education,D
6407.0,Math,D
6407.0,Science,F
6407.0,History,A
6407.0,English,D
6407.0,Physical Education,F
6408.0,Math,D
6408.0,Science,B
6408.0,History,B
6408.0,English,D
6408.0,Physical Education,F
6409.0,Math,D
6409.0,Science,D
6409.0,History,A
6409.0,English,F
6409.0,Physical Education,D
6410.0,Math,A
6410.0,Science,D
6410.0,History,B
6410.0,English,B
6410.0,Physical Education,B
6411.0,Math,C
6411.0,Science,C
6411.0,History,B
6411.0,English,B
6411.0,Physical Education,F
6412.0,Math,C
6412.0,Science,D
6412.0,History,F
6412.0,English,D
6412.0,Physical Education,A
6413.0,Math,C
6413.0,Science,A
6413.0,History,F
6413.0,English,D
6413.0,Physical Education,D
6414.0,Math,B
6414.0,Science,F
6414.0,History,C
6414.0,English,D
6414.0,Physical Education,D
6415.0,Math,B
6415.0,Science,A
6415.0,History,C
6415.0,English,D
6415.0,Physical Education,A
6416.0,Math,C
6416.0,Science,A
6416.0,History,B
6416.0,English,B
6416.0,Physical Education,A
6417.0,Math,D
6417.0,Science,B
6417.0,History,C
6417.0,English,B
6417.0,Physical Education,D
6418.0,Math,C
6418.0,Science,A
6418.0,History,D
6418.0,English,A
6418.0,Physical Education,C
6419.0,Math,A
6419.0,Science,A
6419.0,History,A
6419.0,English,B
6419.0,Physical Education,C
6420.0,Math,A
6420.0,Science,F
6420.0,History,C
6420.0,English,D
6420.0,Physical Education,D
6421.0,Math,B
6421.0,Science,D
6421.0,History,C
6421.0,English,A
6421.0,Physical Education,C
6422.0,Math,B
6422.0,Science,F
6422.0,History,F
6422.0,English,D
6422.0,Physical Education,A
6423.0,Math,D
6423.0,Science,B
6423.0,History,C
6423.0,English,D
6423.0,Physical Education,A
6424.0,Math,B
6424.0,Science,F
6424.0,History,D
6424.0,English,F
6424.0,Physical Education,C
6425.0,Math,C
6425.0,Science,F
6425.0,History,C
6425.0,English,D
6425.0,Physical Education,D
6426.0,Math,C
6426.0,Science,D
6426.0,History,F
6426.0,English,F
6426.0,Physical Education,B
6427.0,Math,B
6427.0,Science,C
6427.0,History,A
6427.0,English,D
6427.0,Physical Education,D
6428.0,Math,D
6428.0,Science,D
6428.0,History,B
6428.0,English,C
6428.0,Physical Education,B
6429.0,Math,B
6429.0,Science,F
6429.0,History,B
6429.0,English,A
6429.0,Physical Education,D
6430.0,Math,C
6430.0,Science,C
6430.0,History,F
6430.0,English,F
6430.0,Physical Education,C
6431.0,Math,B
6431.0,Science,A
6431.0,History,F
6431.0,English,C
6431.0,Physical Education,A
6432.0,Math,F
6432.0,Science,D
6432.0,History,B
6432.0,English,C
6432.0,Physical Education,C
6433.0,Math,A
6433.0,Science,F
6433.0,History,F
6433.0,English,C
6433.0,Physical Education,B
6434.0,Math,A
6434.0,Science,B
6434.0,History,D
6434.0,English,C
6434.0,Physical Education,A
6435.0,Math,D
6435.0,Science,D
6435.0,History,A
6435.0,English,A
6435.0,Physical Education,D
6436.0,Math,D
6436.0,Science,F
6436.0,History,D
6436.0,English,B
6436.0,Physical Education,C
6437.0,Math,F
6437.0,Science,A
6437.0,History,F
6437.0,English,D
6437.0,Physical Education,F
6438.0,Math,F
6438.0,Science,D
6438.0,History,A
6438.0,English,B
6438.0,Physical Education,D
6439.0,Math,D
6439.0,Science,D
6439.0,History,D
6439.0,English,D
6439.0,Physical Education,C
6440.0,Math,B
6440.0,Science,A
6440.0,History,F
6440.0,English,D
6440.0,Physical Education,F
6441.0,Math,C
6441.0,Science,F
6441.0,History,B
6441.0,English,D
6441.0,Physical Education,F
6442.0,Math,B
6442.0,Science,D
6442.0,History,B
6442.0,English,F
6442.0,Physical Education,B
6443.0,Math,C
6443.0,Science,F
6443.0,History,C
6443.0,English,C
6443.0,Physical Education,F
6444.0,Math,A
6444.0,Science,A
6444.0,History,C
6444.0,English,F
6444.0,Physical Education,C
6445.0,Math,D
6445.0,Science,D
6445.0,History,C
6445.0,English,B
6445.0,Physical Education,A
6446.0,Math,A
6446.0,Science,B
6446.0,History,B
6446.0,English,B
6446.0,Physical Education,A
6447.0,Math,A
6447.0,Science,F
6447.0,History,F
6447.0,English,C
6447.0,Physical Education,C
6448.0,Math,D
6448.0,Science,F
6448.0,History,A
6448.0,English,A
6448.0,Physical Education,A
6449.0,Math,C
6449.0,Science,B
6449.0,History,B
6449.0,English,B
6449.0,Physical Education,C
6450.0,Math,F
6450.0,Science,D
6450.0,History,A
6450.0,English,B
6450.0,Physical Education,C
6451.0,Math,B
6451.0,Science,F
6451.0,History,B
6451.0,English,A
6451.0,Physical Education,F
6452.0,Math,F
6452.0,Science,D
6452.0,History,A
6452.0,English,C
6452.0,Physical Education,B
6453.0,Math,C
6453.0,Science,D
6453.0,History,A
6453.0,English,B
6453.0,Physical Education,B
6454.0,Math,D
6454.0,Science,D
6454.0,History,A
6454.0,English,F
6454.0,Physical Education,B
6455.0,Math,B
6455.0,Science,D
6455.0,History,D
6455.0,English,D
6455.0,Physical Education,A
6456.0,Math,A
6456.0,Science,D
6456.0,History,F
6456.0,English,F
6456.0,Physical Education,C
6457.0,Math,B
6457.0,Science,A
6457.0,History,D
6457.0,English,B
6457.0,Physical Education,D
6458.0,Math,C
6458.0,Science,A
6458.0,History,C
6458.0,English,B
6458.0,Physical Education,D
6459.0,Math,C
6459.0,Science,C
6459.0,History,D
6459.0,English,C
6459.0,Physical Education,A
6460.0,Math,D
6460.0,Science,A
6460.0,History,A
6460.0,English,C
6460.0,Physical Education,C
6461.0,Math,B
6461.0,Science,C
6461.0,History,C
6461.0,English,C
6461.0,Physical Education,F
6462.0,Math,A
6462.0,Science,B
6462.0,History,B
6462.0,English,B
6462.0,Physical Education,A
6463.0,Math,A
6463.0,Science,A
6463.0,History,A
6463.0,English,C
6463.0,Physical Education,C
6464.0,Math,A
6464.0,Science,D
6464.0,History,A
6464.0,English,F
6464.0,Physical Education,C
6465.0,Math,C
6465.0,Science,A
6465.0,History,C
6465.0,English,D
6465.0,Physical Education,D
6466.0,Math,A
6466.0,Science,D
6466.0,History,B
6466.0,English,C
6466.0,Physical Education,B
6467.0,Math,A
6467.0,Science,A
6467.0,History,D
6467.0,English,B
6467.0,Physical Education,B
6468.0,Math,D
6468.0,Science,C
6468.0,History,B
6468.0,English,B
6468.0,Physical Education,B
6469.0,Math,B
6469.0,Science,A
6469.0,History,C
6469.0,English,A
6469.0,Physical Education,F
6470.0,Math,C
6470.0,Science,D
6470.0,History,F
6470.0,English,C
6470.0,Physical Education,C
6471.0,Math,C
6471.0,Science,C
6471.0,History,A
6471.0,English,F
6471.0,Physical Education,C
6472.0,Math,F
6472.0,Science,D
6472.0,History,C
6472.0,English,D
6472.0,Physical Education,C
6473.0,Math,C
6473.0,Science,D
6473.0,History,A
6473.0,English,B
6473.0,Physical Education,B
6474.0,Math,D
6474.0,Science,D
6474.0,History,B
6474.0,English,B
6474.0,Physical Education,C
6475.0,Math,D
6475.0,Science,B
6475.0,History,A
6475.0,English,A
6475.0,Physical Education,D
6476.0,Math,B
6476.0,Science,B
6476.0,History,C
6476.0,English,A
6476.0,Physical Education,D
6477.0,Math,F
6477.0,Science,A
6477.0,History,D
6477.0,English,C
6477.0,Physical Education,F
6478.0,Math,B
6478.0,Science,C
6478.0,History,C
6478.0,English,C
6478.0,Physical Education,F
6479.0,Math,B
6479.0,Science,D
6479.0,History,F
6479.0,English,A
6479.0,Physical Education,F
6480.0,Math,D
6480.0,Science,B
6480.0,History,B
6480.0,English,F
6480.0,Physical Education,C
6481.0,Math,B
6481.0,Science,B
6481.0,History,F
6481.0,English,C
6481.0,Physical Education,D
6482.0,Math,B
6482.0,Science,C
6482.0,History,A
6482.0,English,B
6482.0,Physical Education,F
6483.0,Math,A
6483.0,Science,A
6483.0,History,A
6483.0,English,C
6483.0,Physical Education,B
6484.0,Math,D
6484.0,Science,D
6484.0,History,F
6484.0,English,C
6484.0,Physical Education,A
6485.0,Math,D
6485.0,Science,D
6485.0,History,D
6485.0,English,C
6485.0,Physical Education,A
6486.0,Math,A
6486.0,Science,F
6486.0,History,C
6486.0,English,C
6486.0,Physical Education,F
6487.0,Math,B
6487.0,Science,F
6487.0,History,B
6487.0,English,C
6487.0,Physical Education,A
6488.0,Math,F
6488.0,Science,F
6488.0,History,F
6488.0,English,C
6488.0,Physical Education,C
6489.0,Math,F
6489.0,Science,D
6489.0,History,B
6489.0,English,D
6489.0,Physical Education,B
6490.0,Math,D
6490.0,Science,F
6490.0,History,B
6490.0,English,B
6490.0,Physical Education,C
6491.0,Math,F
6491.0,Science,F
6491.0,History,F
6491.0,English,C
6491.0,Physical Education,D
6492.0,Math,F
6492.0,Science,D
6492.0,History,B
6492.0,English,D
6492.0,Physical Education,F
6493.0,Math,D
6493.0,Science,C
6493.0,History,A
6493.0,English,D
6493.0,Physical Education,F
6494.0,Math,A
6494.0,Science,F
6494.0,History,F
6494.0,English,D
6494.0,Physical Education,A
6495.0,Math,B
6495.0,Science,C
6495.0,History,D
6495.0,English,A
6495.0,Physical Education,A
6496.0,Math,A
6496.0,Science,B
6496.0,History,B
6496.0,English,D
6496.0,Physical Education,C
6497.0,Math,B
6497.0,Science,C
6497.0,History,D
6497.0,English,D
6497.0,Physical Education,B
6498.0,Math,A
6498.0,Science,A
6498.0,History,F
6498.0,English,F
6498.0,Physical Education,B
6499.0,Math,B
6499.0,Science,F
6499.0,History,A
6499.0,English,F
6499.0,Physical Education,C
6500.0,Math,B
6500.0,Science,C
6500.0,History,A
6500.0,English,C
6500.0,Physical Education,B
6501.0,Math,A
6501.0,Science,C
6501.0,History,F
6501.0,English,F
6501.0,Physical Education,B
6502.0,Math,F
6502.0,Science,C
6502.0,History,D
6502.0,English,A
6502.0,Physical Education,F
6503.0,Math,D
6503.0,Science,A
6503.0,History,A
6503.0,English,B
6503.0,Physical Education,B
6504.0,Math,D
6504.0,Science,A
6504.0,History,B
6504.0,English,A
6504.0,Physical Education,A
6505.0,Math,C
6505.0,Science,F
6505.0,History,A
6505.0,English,D
6505.0,Physical Education,A
6506.0,Math,B
6506.0,Science,A
6506.0,History,D
6506.0,English,B
6506.0,Physical Education,A
6507.0,Math,B
6507.0,Science,A
6507.0,History,D
6507.0,English,F
6507.0,Physical Education,D
6508.0,Math,C
6508.0,Science,C
6508.0,History,B
6508.0,English,B
6508.0,Physical Education,A
6509.0,Math,F
6509.0,Science,A
6509.0,History,D
6509.0,English,A
6509.0,Physical Education,A
6510.0,Math,D
6510.0,Science,C
6510.0,History,F
6510.0,English,F
6510.0,Physical Education,A
6511.0,Math,F
6511.0,Science,C
6511.0,History,A
6511.0,English,F
6511.0,Physical Education,F
6512.0,Math,F
6512.0,Science,B
6512.0,History,C
6512.0,English,A
6512.0,Physical Education,A
6513.0,Math,C
6513.0,Science,A
6513.0,History,B
6513.0,English,D
6513.0,Physical Education,A
6514.0,Math,A
6514.0,Science,C
6514.0,History,A
6514.0,English,C
6514.0,Physical Education,F
6515.0,Math,F
6515.0,Science,B
6515.0,History,C
6515.0,English,F
6515.0,Physical Education,C
6516.0,Math,C
6516.0,Science,B
6516.0,History,A
6516.0,English,A
6516.0,Physical Education,C
6517.0,Math,B
6517.0,Science,F
6517.0,History,F
6517.0,English,C
6517.0,Physical Education,B
6518.0,Math,A
6518.0,Science,B
6518.0,History,F
6518.0,English,F
6518.0,Physical Education,F
6519.0,Math,A
6519.0,Science,F
6519.0,History,D
6519.0,English,B
6519.0,Physical Education,B
6520.0,Math,F
6520.0,Science,C
6520.0,History,F
6520.0,English,C
6520.0,Physical Education,C
6521.0,Math,B
6521.0,Science,B
6521.0,History,B
6521.0,English,F
6521.0,Physical Education,A
6522.0,Math,F
6522.0,Science,D
6522.0,History,D
6522.0,English,C
6522.0,Physical Education,B
6523.0,Math,F
6523.0,Science,D
6523.0,History,D
6523.0,English,B
6523.0,Physical Education,D
6524.0,Math,B
6524.0,Science,A
6524.0,History,D
6524.0,English,A
6524.0,Physical Education,A
6525.0,Math,C
6525.0,Science,D
6525.0,History,C
6525.0,English,A
6525.0,Physical Education,D
6526.0,Math,A
6526.0,Science,A
6526.0,History,D
6526.0,English,A
6526.0,Physical Education,A
6527.0,Math,A
6527.0,Science,D
6527.0,History,D
6527.0,English,D
6527.0,Physical Education,B
6528.0,Math,B
6528.0,Science,B
6528.0,History,B
6528.0,English,B
6528.0,Physical Education,D
6529.0,Math,A
6529.0,Science,F
6529.0,History,D
6529.0,English,A
6529.0,Physical Education,B
6530.0,Math,F
6530.0,Science,C
6530.0,History,C
6530.0,English,B
6530.0,Physical Education,B
6531.0,Math,A
6531.0,Science,B
6531.0,History,F
6531.0,English,A
6531.0,Physical Education,F
6532.0,Math,F
6532.0,Science,C
6532.0,History,F
6532.0,English,C
6532.0,Physical Education,C
6533.0,Math,C
6533.0,Science,F
6533.0,History,F
6533.0,English,D
6533.0,Physical Education,F
6534.0,Math,C
6534.0,Science,D
6534.0,History,F
6534.0,English,C
6534.0,Physical Education,B
6535.0,Math,F
6535.0,Science,C
6535.0,History,F
6535.0,English,D
6535.0,Physical Education,B
6536.0,Math,B
6536.0,Science,A
6536.0,History,B
6536.0,English,C
6536.0,Physical Education,A
6537.0,Math,F
6537.0,Science,F
6537.0,History,A
6537.0,English,A
6537.0,Physical Education,C
6538.0,Math,C
6538.0,Science,C
6538.0,History,C
6538.0,English,C
6538.0,Physical Education,B
6539.0,Math,B
6539.0,Science,F
6539.0,History,A
6539.0,English,D
6539.0,Physical Education,D
6540.0,Math,C
6540.0,Science,B
6540.0,History,D
6540.0,English,A
6540.0,Physical Education,F
6541.0,Math,D
6541.0,Science,C
6541.0,History,F
6541.0,English,C
6541.0,Physical Education,D
6542.0,Math,A
6542.0,Science,B
6542.0,History,F
6542.0,English,C
6542.0,Physical Education,C
6543.0,Math,A
6543.0,Science,A
6543.0,History,C
6543.0,English,B
6543.0,Physical Education,D
6544.0,Math,A
6544.0,Science,D
6544.0,History,F
6544.0,English,F
6544.0,Physical Education,C
6545.0,Math,C
6545.0,Science,F
6545.0,History,B
6545.0,English,D
6545.0,Physical Education,F
6546.0,Math,F
6546.0,Science,D
6546.0,History,D
6546.0,English,D
6546.0,Physical Education,B
6547.0,Math,B
6547.0,Science,B
6547.0,History,F
6547.0,English,C
6547.0,Physical Education,A
6548.0,Math,C
6548.0,Science,F
6548.0,History,C
6548.0,English,F
6548.0,Physical Education,B
6549.0,Math,D
6549.0,Science,B
6549.0,History,C
6549.0,English,D
6549.0,Physical Education,F
6550.0,Math,D
6550.0,Science,B
6550.0,History,A
6550.0,English,B
6550.0,Physical Education,A
6551.0,Math,D
6551.0,Science,C
6551.0,History,A
6551.0,English,F
6551.0,Physical Education,D
6552.0,Math,F
6552.0,Science,D
6552.0,History,F
6552.0,English,C
6552.0,Physical Education,A
6553.0,Math,B
6553.0,Science,D
6553.0,History,F
6553.0,English,C
6553.0,Physical Education,A
6554.0,Math,D
6554.0,Science,B
6554.0,History,A
6554.0,English,D
6554.0,Physical Education,F
6555.0,Math,C
6555.0,Science,F
6555.0,History,D
6555.0,English,A
6555.0,Physical Education,D
6556.0,Math,B
6556.0,Science,B
6556.0,History,D
6556.0,English,D
6556.0,Physical Education,B
6557.0,Math,B
6557.0,Science,B
6557.0,History,D
6557.0,English,A
6557.0,Physical Education,C
6558.0,Math,C
6558.0,Science,C
6558.0,History,F
6558.0,English,A
6558.0,Physical Education,C
6559.0,Math,A
6559.0,Science,D
6559.0,History,C
6559.0,English,A
6559.0,Physical Education,A
6560.0,Math,A
6560.0,Science,D
6560.0,History,C
6560.0,English,C
6560.0,Physical Education,B
6561.0,Math,C
6561.0,Science,B
6561.0,History,D
6561.0,English,F
6561.0,Physical Education,C
6562.0,Math,F
6562.0,Science,B
6562.0,History,B
6562.0,English,C
6562.0,Physical Education,D
6563.0,Math,F
6563.0,Science,F
6563.0,History,F
6563.0,English,F
6563.0,Physical Education,C
6564.0,Math,B
6564.0,Science,D
6564.0,History,D
6564.0,English,A
6564.0,Physical Education,C
6565.0,Math,C
6565.0,Science,B
6565.0,History,F
6565.0,English,D
6565.0,Physical Education,C
6566.0,Math,C
6566.0,Science,A
6566.0,History,C
6566.0,English,F
6566.0,Physical Education,B
6567.0,Math,B
6567.0,Science,F
6567.0,History,B
6567.0,English,D
6567.0,Physical Education,F
6568.0,Math,B
6568.0,Science,A
6568.0,History,F
6568.0,English,C
6568.0,Physical Education,C
6569.0,Math,F
6569.0,Science,A
6569.0,History,C
6569.0,English,B
6569.0,Physical Education,F
6570.0,Math,D
6570.0,Science,A
6570.0,History,D
6570.0,English,F
6570.0,Physical Education,D
6571.0,Math,F
6571.0,Science,B
6571.0,History,D
6571.0,English,F
6571.0,Physical Education,B
6572.0,Math,A
6572.0,Science,C
6572.0,History,B
6572.0,English,B
6572.0,Physical Education,A
6573.0,Math,F
6573.0,Science,F
6573.0,History,C
6573.0,English,A
6573.0,Physical Education,A
6574.0,Math,B
6574.0,Science,F
6574.0,History,B
6574.0,English,A
6574.0,Physical Education,A
6575.0,Math,F
6575.0,Science,A
6575.0,History,A
6575.0,English,F
6575.0,Physical Education,F
6576.0,Math,A
6576.0,Science,D
6576.0,History,F
6576.0,English,C
6576.0,Physical Education,C
6577.0,Math,A
6577.0,Science,B
6577.0,History,F
6577.0,English,F
6577.0,Physical Education,C
6578.0,Math,B
6578.0,Science,B
6578.0,History,B
6578.0,English,C
6578.0,Physical Education,F
6579.0,Math,A
6579.0,Science,C
6579.0,History,F
6579.0,English,F
6579.0,Physical Education,A
6580.0,Math,D
6580.0,Science,C
6580.0,History,F
6580.0,English,D
6580.0,Physical Education,C
6581.0,Math,B
6581.0,Science,A
6581.0,History,B
6581.0,English,F
6581.0,Physical Education,C
6582.0,Math,B
6582.0,Science,D
6582.0,History,D
6582.0,English,F
6582.0,Physical Education,A
6583.0,Math,A
6583.0,Science,C
6583.0,History,A
6583.0,English,B
6583.0,Physical Education,A
6584.0,Math,F
6584.0,Science,A
6584.0,History,A
6584.0,English,A
6584.0,Physical Education,F
6585.0,Math,D
6585.0,Science,B
6585.0,History,B
6585.0,English,A
6585.0,Physical Education,D
6586.0,Math,D
6586.0,Science,F
6586.0,History,F
6586.0,English,F
6586.0,Physical Education,B
6587.0,Math,A
6587.0,Science,A
6587.0,History,A
6587.0,English,F
6587.0,Physical Education,D
6588.0,Math,B
6588.0,Science,B
6588.0,History,D
6588.0,English,A
6588.0,Physical Education,F
6589.0,Math,D
6589.0,Science,B
6589.0,History,F
6589.0,English,A
6589.0,Physical Education,C
6590.0,Math,D
6590.0,Science,F
6590.0,History,C
6590.0,English,C
6590.0,Physical Education,A
6591.0,Math,F
6591.0,Science,D
6591.0,History,C
6591.0,English,B
6591.0,Physical Education,C
6592.0,Math,F
6592.0,Science,A
6592.0,History,D
6592.0,English,A
6592.0,Physical Education,B
6593.0,Math,A
6593.0,Science,D
6593.0,History,D
6593.0,English,B
6593.0,Physical Education,C
6594.0,Math,C
6594.0,Science,D
6594.0,History,A
6594.0,English,F
6594.0,Physical Education,C
6595.0,Math,F
6595.0,Science,B
6595.0,History,D
6595.0,English,A
6595.0,Physical Education,A
6596.0,Math,D
6596.0,Science,A
6596.0,History,B
6596.0,English,B
6596.0,Physical Education,B
6597.0,Math,A
6597.0,Science,A
6597.0,History,A
6597.0,English,B
6597.0,Physical Education,A
6598.0,Math,C
6598.0,Science,B
6598.0,History,F
6598.0,English,A
6598.0,Physical Education,D
6599.0,Math,B
6599.0,Science,C
6599.0,History,C
6599.0,English,D
6599.0,Physical Education,C
6600.0,Math,C
6600.0,Science,A
6600.0,History,D
6600.0,English,F
6600.0,Physical Education,D
6601.0,Math,A
6601.0,Science,C
6601.0,History,F
6601.0,English,C
6601.0,Physical Education,D
6602.0,Math,C
6602.0,Science,F
6602.0,History,B
6602.0,English,A
6602.0,Physical Education,F
6603.0,Math,F
6603.0,Science,B
6603.0,History,C
6603.0,English,D
6603.0,Physical Education,F
6604.0,Math,F
6604.0,Science,F
6604.0,History,C
6604.0,English,F
6604.0,Physical Education,A
6605.0,Math,B
6605.0,Science,C
6605.0,History,B
6605.0,English,B
6605.0,Physical Education,B
6606.0,Math,F
6606.0,Science,F
6606.0,History,B
6606.0,English,C
6606.0,Physical Education,B
6607.0,Math,F
6607.0,Science,B
6607.0,History,B
6607.0,English,B
6607.0,Physical Education,F
6608.0,Math,D
6608.0,Science,A
6608.0,History,D
6608.0,English,B
6608.0,Physical Education,A
6609.0,Math,A
6609.0,Science,D
6609.0,History,B
6609.0,English,C
6609.0,Physical Education,B
6610.0,Math,C
6610.0,Science,A
6610.0,History,B
6610.0,English,F
6610.0,Physical Education,B
6611.0,Math,F
6611.0,Science,B
6611.0,History,B
6611.0,English,C
6611.0,Physical Education,F
6612.0,Math,A
6612.0,Science,A
6612.0,History,B
6612.0,English,A
6612.0,Physical Education,D
6613.0,Math,F
6613.0,Science,F
6613.0,History,B
6613.0,English,F
6613.0,Physical Education,D
6614.0,Math,A
6614.0,Science,F
6614.0,History,A
6614.0,English,A
6614.0,Physical Education,A
6615.0,Math,F
6615.0,Science,F
6615.0,History,F
6615.0,English,A
6615.0,Physical Education,A
6616.0,Math,B
6616.0,Science,F
6616.0,History,D
6616.0,English,F
6616.0,Physical Education,A
6617.0,Math,C
6617.0,Science,B
6617.0,History,B
6617.0,English,D
6617.0,Physical Education,F
6618.0,Math,A
6618.0,Science,C
6618.0,History,A
6618.0,English,C
6618.0,Physical Education,D
6619.0,Math,D
6619.0,Science,D
6619.0,History,A
6619.0,English,A
6619.0,Physical Education,F
6620.0,Math,F
6620.0,Science,C
6620.0,History,D
6620.0,English,D
6620.0,Physical Education,A
6621.0,Math,D
6621.0,Science,D
6621.0,History,F
6621.0,English,D
6621.0,Physical Education,F
6622.0,Math,D
6622.0,Science,B
6622.0,History,D
6622.0,English,D
6622.0,Physical Education,B
6623.0,Math,C
6623.0,Science,F
6623.0,History,A
6623.0,English,F
6623.0,Physical Education,D
6624.0,Math,C
6624.0,Science,C
6624.0,History,F
6624.0,English,C
6624.0,Physical Education,F
6625.0,Math,D
6625.0,Science,D
6625.0,History,D
6625.0,English,B
6625.0,Physical Education,D
6626.0,Math,A
6626.0,Science,B
6626.0,History,B
6626.0,English,D
6626.0,Physical Education,A
6627.0,Math,F
6627.0,Science,D
6627.0,History,D
6627.0,English,F
6627.0,Physical Education,D
6628.0,Math,A
6628.0,Science,A
6628.0,History,B
6628.0,English,F
6628.0,Physical Education,F
6629.0,Math,D
6629.0,Science,F
6629.0,History,D
6629.0,English,A
6629.0,Physical Education,C
6630.0,Math,D
6630.0,Science,F
6630.0,History,C
6630.0,English,A
6630.0,Physical Education,A
6631.0,Math,C
6631.0,Science,B
6631.0,History,F
6631.0,English,A
6631.0,Physical Education,B
6632.0,Math,F
6632.0,Science,F
6632.0,History,D
6632.0,English,B
6632.0,Physical Education,C
6633.0,Math,D
6633.0,Science,D
6633.0,History,A
6633.0,English,B
6633.0,Physical Education,C
6634.0,Math,C
6634.0,Science,A
6634.0,History,A
6634.0,English,A
6634.0,Physical Education,A
6635.0,Math,D
6635.0,Science,D
6635.0,History,B
6635.0,English,F
6635.0,Physical Education,C
6636.0,Math,C
6636.0,Science,B
6636.0,History,C
6636.0,English,B
6636.0,Physical Education,B
6637.0,Math,F
6637.0,Science,B
6637.0,History,D
6637.0,English,A
6637.0,Physical Education,D
6638.0,Math,A
6638.0,Science,C
6638.0,History,A
6638.0,English,F
6638.0,Physical Education,F
6639.0,Math,D
6639.0,Science,F
6639.0,History,A
6639.0,English,B
6639.0,Physical Education,A
6640.0,Math,B
6640.0,Science,B
6640.0,History,C
6640.0,English,D
6640.0,Physical Education,B
6641.0,Math,D
6641.0,Science,C
6641.0,History,C
6641.0,English,D
6641.0,Physical Education,A
6642.0,Math,F
6642.0,Science,D
6642.0,History,C
6642.0,English,D
6642.0,Physical Education,A
6643.0,Math,F
6643.0,Science,A
6643.0,History,D
6643.0,English,D
6643.0,Physical Education,F
6644.0,Math,A
6644.0,Science,D
6644.0,History,B
6644.0,English,D
6644.0,Physical Education,A
6645.0,Math,B
6645.0,Science,B
6645.0,History,F
6645.0,English,A
6645.0,Physical Education,A
6646.0,Math,A
6646.0,Science,F
6646.0,History,A
6646.0,English,A
6646.0,Physical Education,C
6647.0,Math,F
6647.0,Science,F
6647.0,History,A
6647.0,English,C
6647.0,Physical Education,A
6648.0,Math,F
6648.0,Science,C
6648.0,History,B
6648.0,English,A
6648.0,Physical Education,B
6649.0,Math,F
6649.0,Science,F
6649.0,History,D
6649.0,English,F
6649.0,Physical Education,D
6650.0,Math,F
6650.0,Science,F
6650.0,History,F
6650.0,English,A
6650.0,Physical Education,D
6651.0,Math,B
6651.0,Science,A
6651.0,History,D
6651.0,English,F
6651.0,Physical Education,C
6652.0,Math,C
6652.0,Science,B
6652.0,History,F
6652.0,English,A
6652.0,Physical Education,F
6653.0,Math,C
6653.0,Science,F
6653.0,History,F
6653.0,English,D
6653.0,Physical Education,F
6654.0,Math,B
6654.0,Science,A
6654.0,History,D
6654.0,English,B
6654.0,Physical Education,D
6655.0,Math,C
6655.0,Science,D
6655.0,History,D
6655.0,English,C
6655.0,Physical Education,F
6656.0,Math,F
6656.0,Science,C
6656.0,History,D
6656.0,English,C
6656.0,Physical Education,C
6657.0,Math,F
6657.0,Science,F
6657.0,History,A
6657.0,English,D
6657.0,Physical Education,C
6658.0,Math,C
6658.0,Science,B
6658.0,History,F
6658.0,English,C
6658.0,Physical Education,C
6659.0,Math,F
6659.0,Science,D
6659.0,History,F
6659.0,English,A
6659.0,Physical Education,C
6660.0,Math,F
6660.0,Science,D
6660.0,History,D
6660.0,English,F
6660.0,Physical Education,F
6661.0,Math,A
6661.0,Science,C
6661.0,History,A
6661.0,English,A
6661.0,Physical Education,C
6662.0,Math,B
6662.0,Science,B
6662.0,History,F
6662.0,English,D
6662.0,Physical Education,C
6663.0,Math,F
6663.0,Science,D
6663.0,History,A
6663.0,English,C
6663.0,Physical Education,C
6664.0,Math,F
6664.0,Science,F
6664.0,History,C
6664.0,English,C
6664.0,Physical Education,A
6665.0,Math,F
6665.0,Science,B
6665.0,History,F
6665.0,English,D
6665.0,Physical Education,B
6666.0,Math,D
6666.0,Science,D
6666.0,History,C
6666.0,English,F
6666.0,Physical Education,F
6667.0,Math,C
6667.0,Science,A
6667.0,History,D
6667.0,English,D
6667.0,Physical Education,B
6668.0,Math,D
6668.0,Science,C
6668.0,History,C
6668.0,English,B
6668.0,Physical Education,F
6669.0,Math,C
6669.0,Science,A
6669.0,History,F
6669.0,English,A
6669.0,Physical Education,F
6670.0,Math,F
6670.0,Science,A
6670.0,History,C
6670.0,English,A
6670.0,Physical Education,F
6671.0,Math,D
6671.0,Science,B
6671.0,History,F
6671.0,English,F
6671.0,Physical Education,D
6672.0,Math,D
6672.0,Science,C
6672.0,History,F
6672.0,English,A
6672.0,Physical Education,A
6673.0,Math,A
6673.0,Science,F
6673.0,History,B
6673.0,English,C
6673.0,Physical Education,F
6674.0,Math,F
6674.0,Science,C
6674.0,History,F
6674.0,English,B
6674.0,Physical Education,A
6675.0,Math,F
6675.0,Science,F
6675.0,History,A
6675.0,English,D
6675.0,Physical Education,C
6676.0,Math,A
6676.0,Science,F
6676.0,History,A
6676.0,English,A
6676.0,Physical Education,D
6677.0,Math,D
6677.0,Science,B
6677.0,History,F
6677.0,English,C
6677.0,Physical Education,B
6678.0,Math,B
6678.0,Science,D
6678.0,History,F
6678.0,English,C
6678.0,Physical Education,B
6679.0,Math,D
6679.0,Science,A
6679.0,History,B
6679.0,English,D
6679.0,Physical Education,C
6680.0,Math,D
6680.0,Science,F
6680.0,History,D
6680.0,English,A
6680.0,Physical Education,D
6681.0,Math,D
6681.0,Science,F
6681.0,History,F
6681.0,English,A
6681.0,Physical Education,C
6682.0,Math,C
6682.0,Science,F
6682.0,History,A
6682.0,English,B
6682.0,Physical Education,C
6683.0,Math,C
6683.0,Science,F
6683.0,History,D
6683.0,English,F
6683.0,Physical Education,B
6684.0,Math,B
6684.0,Science,D
6684.0,History,A
6684.0,English,A
6684.0,Physical Education,A
6685.0,Math,B
6685.0,Science,D
6685.0,History,F
6685.0,English,C
6685.0,Physical Education,F
6686.0,Math,D
6686.0,Science,A
6686.0,History,B
6686.0,English,C
6686.0,Physical Education,A
6687.0,Math,B
6687.0,Science,A
6687.0,History,D
6687.0,English,F
6687.0,Physical Education,D
6688.0,Math,A
6688.0,Science,A
6688.0,History,F
6688.0,English,C
6688.0,Physical Education,D
6689.0,Math,B
6689.0,Science,D
6689.0,History,C
6689.0,English,B
6689.0,Physical Education,A
6690.0,Math,D
6690.0,Science,A
6690.0,History,F
6690.0,English,D
6690.0,Physical Education,F
6691.0,Math,A
6691.0,Science,A
6691.0,History,C
6691.0,English,F
6691.0,Physical Education,C
6692.0,Math,C
6692.0,Science,F
6692.0,History,A
6692.0,English,D
6692.0,Physical Education,D
6693.0,Math,B
6693.0,Science,B
6693.0,History,F
6693.0,English,F
6693.0,Physical Education,C
6694.0,Math,F
6694.0,Science,C
6694.0,History,D
6694.0,English,F
6694.0,Physical Education,A
6695.0,Math,D
6695.0,Science,A
6695.0,History,A
6695.0,English,F
6695.0,Physical Education,D
6696.0,Math,B
6696.0,Science,B
6696.0,History,D
6696.0,English,C
6696.0,Physical Education,C
6697.0,Math,F
6697.0,Science,B
6697.0,History,C
6697.0,English,C
6697.0,Physical Education,C
6698.0,Math,F
6698.0,Science,C
6698.0,History,F
6698.0,English,D
6698.0,Physical Education,F
6699.0,Math,F
6699.0,Science,D
6699.0,History,D
6699.0,English,B
6699.0,Physical Education,D
6700.0,Math,F
6700.0,Science,F
6700.0,History,A
6700.0,English,C
6700.0,Physical Education,B
6701.0,Math,D
6701.0,Science,D
6701.0,History,B
6701.0,English,C
6701.0,Physical Education,C
6702.0,Math,A
6702.0,Science,C
6702.0,History,C
6702.0,English,D
6702.0,Physical Education,C
6703.0,Math,D
6703.0,Science,D
6703.0,History,B
6703.0,English,C
6703.0,Physical Education,D
6704.0,Math,C
6704.0,Science,C
6704.0,History,C
6704.0,English,B
6704.0,Physical Education,A
6705.0,Math,F
6705.0,Science,D
6705.0,History,B
6705.0,English,C
6705.0,Physical Education,D
6706.0,Math,D
6706.0,Science,B
6706.0,History,C
6706.0,English,A
6706.0,Physical Education,D
6707.0,Math,F
6707.0,Science,D
6707.0,History,B
6707.0,English,B
6707.0,Physical Education,C
6708.0,Math,F
6708.0,Science,C
6708.0,History,F
6708.0,English,C
6708.0,Physical Education,B
6709.0,Math,A
6709.0,Science,B
6709.0,History,A
6709.0,English,C
6709.0,Physical Education,F
6710.0,Math,C
6710.0,Science,A
6710.0,History,F
6710.0,English,F
6710.0,Physical Education,A
6711.0,Math,F
6711.0,Science,F
6711.0,History,C
6711.0,English,C
6711.0,Physical Education,D
6712.0,Math,A
6712.0,Science,D
6712.0,History,B
6712.0,English,C
6712.0,Physical Education,D
6713.0,Math,A
6713.0,Science,D
6713.0,History,F
6713.0,English,F
6713.0,Physical Education,F
6714.0,Math,A
6714.0,Science,F
6714.0,History,D
6714.0,English,D
6714.0,Physical Education,C
6715.0,Math,A
6715.0,Science,F
6715.0,History,F
6715.0,English,A
6715.0,Physical Education,F
6716.0,Math,D
6716.0,Science,F
6716.0,History,D
6716.0,English,C
6716.0,Physical Education,A
6717.0,Math,A
6717.0,Science,B
6717.0,History,A
6717.0,English,A
6717.0,Physical Education,F
6718.0,Math,B
6718.0,Science,C
6718.0,History,C
6718.0,English,F
6718.0,Physical Education,D
6719.0,Math,A
6719.0,Science,A
6719.0,History,A
6719.0,English,F
6719.0,Physical Education,F
6720.0,Math,C
6720.0,Science,D
6720.0,History,C
6720.0,English,A
6720.0,Physical Education,C
6721.0,Math,C
6721.0,Science,B
6721.0,History,F
6721.0,English,C
6721.0,Physical Education,D
6722.0,Math,C
6722.0,Science,F
6722.0,History,D
6722.0,English,C
6722.0,Physical Education,D
6723.0,Math,B
6723.0,Science,A
6723.0,History,C
6723.0,English,B
6723.0,Physical Education,B
6724.0,Math,C
6724.0,Science,F
6724.0,History,D
6724.0,English,A
6724.0,Physical Education,A
6725.0,Math,F
6725.0,Science,D
6725.0,History,B
6725.0,English,B
6725.0,Physical Education,D
6726.0,Math,D
6726.0,Science,B
6726.0,History,F
6726.0,English,A
6726.0,Physical Education,D
6727.0,Math,D
6727.0,Science,A
6727.0,History,F
6727.0,English,B
6727.0,Physical Education,A
6728.0,Math,D
6728.0,Science,A
6728.0,History,A
6728.0,English,C
6728.0,Physical Education,A
6729.0,Math,C
6729.0,Science,D
6729.0,History,B
6729.0,English,D
6729.0,Physical Education,D
6730.0,Math,D
6730.0,Science,D
6730.0,History,D
6730.0,English,B
6730.0,Physical Education,A
6731.0,Math,F
6731.0,Science,B
6731.0,History,D
6731.0,English,B
6731.0,Physical Education,B
6732.0,Math,D
6732.0,Science,A
6732.0,History,C
6732.0,English,C
6732.0,Physical Education,F
6733.0,Math,B
6733.0,Science,D
6733.0,History,C
6733.0,English,F
6733.0,Physical Education,A
6734.0,Math,B
6734.0,Science,B
6734.0,History,F
6734.0,English,B
6734.0,Physical Education,A
6735.0,Math,D
6735.0,Science,B
6735.0,History,F
6735.0,English,C
6735.0,Physical Education,A
6736.0,Math,D
6736.0,Science,C
6736.0,History,A
6736.0,English,C
6736.0,Physical Education,B
6737.0,Math,A
6737.0,Science,A
6737.0,History,B
6737.0,English,A
6737.0,Physical Education,A
6738.0,Math,B
6738.0,Science,D
6738.0,History,F
6738.0,English,C
6738.0,Physical Education,B
6739.0,Math,C
6739.0,Science,A
6739.0,History,F
6739.0,English,C
6739.0,Physical Education,B
6740.0,Math,D
6740.0,Science,B
6740.0,History,A
6740.0,English,F
6740.0,Physical Education,D
6741.0,Math,B
6741.0,Science,C
6741.0,History,B
6741.0,English,F
6741.0,Physical Education,F
6742.0,Math,D
6742.0,Science,C
6742.0,History,F
6742.0,English,F
6742.0,Physical Education,C
6743.0,Math,B
6743.0,Science,D
6743.0,History,D
6743.0,English,A
6743.0,Physical Education,A
6744.0,Math,A
6744.0,Science,A
6744.0,History,C
6744.0,English,D
6744.0,Physical Education,C
6745.0,Math,F
6745.0,Science,D
6745.0,History,C
6745.0,English,C
6745.0,Physical Education,A
6746.0,Math,A
6746.0,Science,F
6746.0,History,F
6746.0,English,B
6746.0,Physical Education,B
6747.0,Math,C
6747.0,Science,A
6747.0,History,A
6747.0,English,F
6747.0,Physical Education,F
6748.0,Math,B
6748.0,Science,A
6748.0,History,F
6748.0,English,B
6748.0,Physical Education,B
6749.0,Math,F
6749.0,Science,A
6749.0,History,F
6749.0,English,F
6749.0,Physical Education,D
6750.0,Math,A
6750.0,Science,F
6750.0,History,D
6750.0,English,A
6750.0,Physical Education,F
6751.0,Math,A
6751.0,Science,D
6751.0,History,C
6751.0,English,C
6751.0,Physical Education,C
6752.0,Math,D
6752.0,Science,C
6752.0,History,A
6752.0,English,A
6752.0,Physical Education,B
6753.0,Math,B
6753.0,Science,B
6753.0,History,C
6753.0,English,A
6753.0,Physical Education,C
6754.0,Math,B
6754.0,Science,B
6754.0,History,A
6754.0,English,F
6754.0,Physical Education,D
6755.0,Math,F
6755.0,Science,C
6755.0,History,C
6755.0,English,C
6755.0,Physical Education,B
6756.0,Math,A
6756.0,Science,C
6756.0,History,F
6756.0,English,F
6756.0,Physical Education,A
6757.0,Math,B
6757.0,Science,B
6757.0,History,A
6757.0,English,A
6757.0,Physical Education,C
6758.0,Math,F
6758.0,Science,B
6758.0,History,B
6758.0,English,C
6758.0,Physical Education,D
6759.0,Math,C
6759.0,Science,A
6759.0,History,D
6759.0,English,B
6759.0,Physical Education,B
6760.0,Math,F
6760.0,Science,C
6760.0,History,F
6760.0,English,A
6760.0,Physical Education,C
6761.0,Math,D
6761.0,Science,F
6761.0,History,A
6761.0,English,F
6761.0,Physical Education,C
6762.0,Math,C
6762.0,Science,B
6762.0,History,D
6762.0,English,B
6762.0,Physical Education,B
6763.0,Math,C
6763.0,Science,F
6763.0,History,F
6763.0,English,A
6763.0,Physical Education,F
6764.0,Math,F
6764.0,Science,D
6764.0,History,D
6764.0,English,A
6764.0,Physical Education,A
6765.0,Math,A
6765.0,Science,C
6765.0,History,C
6765.0,English,D
6765.0,Physical Education,A
6766.0,Math,B
6766.0,Science,A
6766.0,History,C
6766.0,English,B
6766.0,Physical Education,F
6767.0,Math,D
6767.0,Science,F
6767.0,History,C
6767.0,English,D
6767.0,Physical Education,A
6768.0,Math,D
6768.0,Science,B
6768.0,History,C
6768.0,English,B
6768.0,Physical Education,A
6769.0,Math,B
6769.0,Science,D
6769.0,History,F
6769.0,English,F
6769.0,Physical Education,B
6770.0,Math,B
6770.0,Science,D
6770.0,History,B
6770.0,English,B
6770.0,Physical Education,F
6771.0,Math,B
6771.0,Science,B
6771.0,History,A
6771.0,English,D
6771.0,Physical Education,D
6772.0,Math,F
6772.0,Science,F
6772.0,History,C
6772.0,English,B
6772.0,Physical Education,B
6773.0,Math,B
6773.0,Science,B
6773.0,History,D
6773.0,English,D
6773.0,Physical Education,D
6774.0,Math,B
6774.0,Science,C
6774.0,History,B
6774.0,English,B
6774.0,Physical Education,B
6775.0,Math,C
6775.0,Science,F
6775.0,History,D
6775.0,English,D
6775.0,Physical Education,D
6776.0,Math,D
6776.0,Science,C
6776.0,History,D
6776.0,English,C
6776.0,Physical Education,F
6777.0,Math,B
6777.0,Science,B
6777.0,History,A
6777.0,English,F
6777.0,Physical Education,D
6778.0,Math,C
6778.0,Science,B
6778.0,History,A
6778.0,English,B
6778.0,Physical Education,A
6779.0,Math,D
6779.0,Science,C
6779.0,History,C
6779.0,English,A
6779.0,Physical Education,A
6780.0,Math,D
6780.0,Science,C
6780.0,History,C
6780.0,English,C
6780.0,Physical Education,C
6781.0,Math,C
6781.0,Science,D
6781.0,History,B
6781.0,English,C
6781.0,Physical Education,C
6782.0,Math,F
6782.0,Science,B
6782.0,History,D
6782.0,English,D
6782.0,Physical Education,D
6783.0,Math,B
6783.0,Science,C
6783.0,History,A
6783.0,English,A
6783.0,Physical Education,B
6784.0,Math,C
6784.0,Science,F
6784.0,History,F
6784.0,English,C
6784.0,Physical Education,F
6785.0,Math,F
6785.0,Science,D
6785.0,History,F
6785.0,English,A
6785.0,Physical Education,C
6786.0,Math,A
6786.0,Science,B
6786.0,History,C
6786.0,English,C
6786.0,Physical Education,F
6787.0,Math,D
6787.0,Science,A
6787.0,History,A
6787.0,English,A
6787.0,Physical Education,C
6788.0,Math,A
6788.0,Science,F
6788.0,History,C
6788.0,English,B
6788.0,Physical Education,A
6789.0,Math,B
6789.0,Science,B
6789.0,History,C
6789.0,English,F
6789.0,Physical Education,F
6790.0,Math,D
6790.0,Science,A
6790.0,History,F
6790.0,English,B
6790.0,Physical Education,A
6791.0,Math,C
6791.0,Science,A
6791.0,History,B
6791.0,English,B
6791.0,Physical Education,F
6792.0,Math,D
6792.0,Science,A
6792.0,History,D
6792.0,English,A
6792.0,Physical Education,F
6793.0,Math,F
6793.0,Science,B
6793.0,History,D
6793.0,English,F
6793.0,Physical Education,F
6794.0,Math,B
6794.0,Science,D
6794.0,History,F
6794.0,English,D
6794.0,Physical Education,A
6795.0,Math,D
6795.0,Science,A
6795.0,History,F
6795.0,English,A
6795.0,Physical Education,C
6796.0,Math,D
6796.0,Science,F
6796.0,History,D
6796.0,English,C
6796.0,Physical Education,F
6797.0,Math,B
6797.0,Science,F
6797.0,History,F
6797.0,English,F
6797.0,Physical Education,F
6798.0,Math,D
6798.0,Science,A
6798.0,History,F
6798.0,English,D
6798.0,Physical Education,C
6799.0,Math,D
6799.0,Science,F
6799.0,History,D
6799.0,English,B
6799.0,Physical Education,D
6800.0,Math,B
6800.0,Science,D
6800.0,History,B
6800.0,English,F
6800.0,Physical Education,A
6801.0,Math,F
6801.0,Science,B
6801.0,History,F
6801.0,English,D
6801.0,Physical Education,D
6802.0,Math,A
6802.0,Science,D
6802.0,History,A
6802.0,English,A
6802.0,Physical Education,F
6803.0,Math,A
6803.0,Science,F
6803.0,History,F
6803.0,English,B
6803.0,Physical Education,A
6804.0,Math,D
6804.0,Science,D
6804.0,History,A
6804.0,English,C
6804.0,Physical Education,D
6805.0,Math,D
6805.0,Science,A
6805.0,History,C
6805.0,English,C
6805.0,Physical Education,C
6806.0,Math,A
6806.0,Science,D
6806.0,History,D
6806.0,English,B
6806.0,Physical Education,A
6807.0,Math,D
6807.0,Science,B
6807.0,History,B
6807.0,English,B
6807.0,Physical Education,B
6808.0,Math,D
6808.0,Science,A
6808.0,History,C
6808.0,English,C
6808.0,Physical Education,B
6809.0,Math,A
6809.0,Science,A
6809.0,History,D
6809.0,English,B
6809.0,Physical Education,D
6810.0,Math,B
6810.0,Science,A
6810.0,History,F
6810.0,English,B
6810.0,Physical Education,D
6811.0,Math,B
6811.0,Science,B
6811.0,History,D
6811.0,English,A
6811.0,Physical Education,D
6812.0,Math,C
6812.0,Science,B
6812.0,History,B
6812.0,English,C
6812.0,Physical Education,B
6813.0,Math,C
6813.0,Science,C
6813.0,History,F
6813.0,English,B
6813.0,Physical Education,A
6814.0,Math,A
6814.0,Science,B
6814.0,History,C
6814.0,English,D
6814.0,Physical Education,A
6815.0,Math,C
6815.0,Science,F
6815.0,History,D
6815.0,English,F
6815.0,Physical Education,D
6816.0,Math,F
6816.0,Science,C
6816.0,History,B
6816.0,English,A
6816.0,Physical Education,C
6817.0,Math,C
6817.0,Science,A
6817.0,History,C
6817.0,English,F
6817.0,Physical Education,D
6818.0,Math,D
6818.0,Science,A
6818.0,History,D
6818.0,English,F
6818.0,Physical Education,A
6819.0,Math,A
6819.0,Science,B
6819.0,History,B
6819.0,English,D
6819.0,Physical Education,D
6820.0,Math,B
6820.0,Science,D
6820.0,History,D
6820.0,English,C
6820.0,Physical Education,B
6821.0,Math,F
6821.0,Science,F
6821.0,History,D
6821.0,English,F
6821.0,Physical Education,D
6822.0,Math,D
6822.0,Science,B
6822.0,History,A
6822.0,English,F
6822.0,Physical Education,C
6823.0,Math,B
6823.0,Science,B
6823.0,History,C
6823.0,English,B
6823.0,Physical Education,A
6824.0,Math,C
6824.0,Science,B
6824.0,History,B
6824.0,English,B
6824.0,Physical Education,F
6825.0,Math,A
6825.0,Science,B
6825.0,History,C
6825.0,English,D
6825.0,Physical Education,C
6826.0,Math,A
6826.0,Science,F
6826.0,History,C
6826.0,English,D
6826.0,Physical Education,A
6827.0,Math,F
6827.0,Science,C
6827.0,History,C
6827.0,English,B
6827.0,Physical Education,C
6828.0,Math,D
6828.0,Science,A
6828.0,History,C
6828.0,English,D
6828.0,Physical Education,A
6829.0,Math,B
6829.0,Science,B
6829.0,History,B
6829.0,English,C
6829.0,Physical Education,D
6830.0,Math,A
6830.0,Science,F
6830.0,History,A
6830.0,English,A
6830.0,Physical Education,C
6831.0,Math,C
6831.0,Science,F
6831.0,History,F
6831.0,English,B
6831.0,Physical Education,D
6832.0,Math,F
6832.0,Science,C
6832.0,History,D
6832.0,English,B
6832.0,Physical Education,D
6833.0,Math,D
6833.0,Science,D
6833.0,History,D
6833.0,English,A
6833.0,Physical Education,F
6834.0,Math,D
6834.0,Science,B
6834.0,History,D
6834.0,English,A
6834.0,Physical Education,D
6835.0,Math,D
6835.0,Science,C
6835.0,History,D
6835.0,English,C
6835.0,Physical Education,D
6836.0,Math,A
6836.0,Science,C
6836.0,History,C
6836.0,English,B
6836.0,Physical Education,C
6837.0,Math,C
6837.0,Science,C
6837.0,History,C
6837.0,English,A
6837.0,Physical Education,A
6838.0,Math,A
6838.0,Science,D
6838.0,History,D
6838.0,English,A
6838.0,Physical Education,B
6839.0,Math,F
6839.0,Science,F
6839.0,History,F
6839.0,English,A
6839.0,Physical Education,B
6840.0,Math,C
6840.0,Science,A
6840.0,History,C
6840.0,English,D
6840.0,Physical Education,B
6841.0,Math,A
6841.0,Science,C
6841.0,History,A
6841.0,English,C
6841.0,Physical Education,A
6842.0,Math,B
6842.0,Science,A
6842.0,History,C
6842.0,English,C
6842.0,Physical Education,D
6843.0,Math,C
6843.0,Science,B
6843.0,History,B
6843.0,English,F
6843.0,Physical Education,A
6844.0,Math,B
6844.0,Science,C
6844.0,History,A
6844.0,English,C
6844.0,Physical Education,A
6845.0,Math,C
6845.0,Science,F
6845.0,History,A
6845.0,English,A
6845.0,Physical Education,C
6846.0,Math,C
6846.0,Science,F
6846.0,History,B
6846.0,English,A
6846.0,Physical Education,A
6847.0,Math,D
6847.0,Science,A
6847.0,History,B
6847.0,English,B
6847.0,Physical Education,D
6848.0,Math,B
6848.0,Science,A
6848.0,History,C
6848.0,English,D
6848.0,Physical Education,D
6849.0,Math,D
6849.0,Science,F
6849.0,History,D
6849.0,English,F
6849.0,Physical Education,C
6850.0,Math,F
6850.0,Science,A
6850.0,History,A
6850.0,English,B
6850.0,Physical Education,F
6851.0,Math,B
6851.0,Science,F
6851.0,History,B
6851.0,English,B
6851.0,Physical Education,B
6852.0,Math,B
6852.0,Science,A
6852.0,History,A
6852.0,English,D
6852.0,Physical Education,F
6853.0,Math,F
6853.0,Science,C
6853.0,History,B
6853.0,English,B
6853.0,Physical Education,A
6854.0,Math,A
6854.0,Science,C
6854.0,History,D
6854.0,English,A
6854.0,Physical Education,C
6855.0,Math,F
6855.0,Science,C
6855.0,History,C
6855.0,English,C
6855.0,Physical Education,B
6856.0,Math,F
6856.0,Science,F
6856.0,History,C
6856.0,English,F
6856.0,Physical Education,B
6857.0,Math,F
6857.0,Science,B
6857.0,History,C
6857.0,English,A
6857.0,Physical Education,B
6858.0,Math,D
6858.0,Science,D
6858.0,History,A
6858.0,English,A
6858.0,Physical Education,D
6859.0,Math,C
6859.0,Science,A
6859.0,History,F
6859.0,English,F
6859.0,Physical Education,B
6860.0,Math,A
6860.0,Science,D
6860.0,History,C
6860.0,English,A
6860.0,Physical Education,B
6861.0,Math,C
6861.0,Science,A
6861.0,History,F
6861.0,English,D
6861.0,Physical Education,C
6862.0,Math,B
6862.0,Science,B
6862.0,History,A
6862.0,English,D
6862.0,Physical Education,F
6863.0,Math,D
6863.0,Science,A
6863.0,History,D
6863.0,English,F
6863.0,Physical Education,D
6864.0,Math,D
6864.0,Science,C
6864.0,History,A
6864.0,English,F
6864.0,Physical Education,C
6865.0,Math,B
6865.0,Science,B
6865.0,History,C
6865.0,English,D
6865.0,Physical Education,C
6866.0,Math,B
6866.0,Science,B
6866.0,History,F
6866.0,English,A
6866.0,Physical Education,D
6867.0,Math,B
6867.0,Science,F
6867.0,History,A
6867.0,English,D
6867.0,Physical Education,F
6868.0,Math,C
6868.0,Science,A
6868.0,History,D
6868.0,English,C
6868.0,Physical Education,C
6869.0,Math,F
6869.0,Science,D
6869.0,History,D
6869.0,English,C
6869.0,Physical Education,A
6870.0,Math,B
6870.0,Science,F
6870.0,History,C
6870.0,English,A
6870.0,Physical Education,D
6871.0,Math,A
6871.0,Science,D
6871.0,History,C
6871.0,English,C
6871.0,Physical Education,B
6872.0,Math,C
6872.0,Science,F
6872.0,History,B
6872.0,English,D
6872.0,Physical Education,B
6873.0,Math,A
6873.0,Science,C
6873.0,History,B
6873.0,English,F
6873.0,Physical Education,F
6874.0,Math,A
6874.0,Science,D
6874.0,History,B
6874.0,English,D
6874.0,Physical Education,B
6875.0,Math,B
6875.0,Science,B
6875.0,History,A
6875.0,English,A
6875.0,Physical Education,B
6876.0,Math,C
6876.0,Science,C
6876.0,History,A
6876.0,English,D
6876.0,Physical Education,D
6877.0,Math,B
6877.0,Science,F
6877.0,History,A
6877.0,English,C
6877.0,Physical Education,C
6878.0,Math,D
6878.0,Science,C
6878.0,History,B
6878.0,English,F
6878.0,Physical Education,F
6879.0,Math,D
6879.0,Science,C
6879.0,History,F
6879.0,English,D
6879.0,Physical Education,C
6880.0,Math,D
6880.0,Science,F
6880.0,History,B
6880.0,English,B
6880.0,Physical Education,B
6881.0,Math,C
6881.0,Science,A
6881.0,History,C
6881.0,English,B
6881.0,Physical Education,A
6882.0,Math,A
6882.0,Science,C
6882.0,History,C
6882.0,English,B
6882.0,Physical Education,C
6883.0,Math,D
6883.0,Science,F
6883.0,History,C
6883.0,English,C
6883.0,Physical Education,A
6884.0,Math,F
6884.0,Science,A
6884.0,History,F
6884.0,English,B
6884.0,Physical Education,D
6885.0,Math,F
6885.0,Science,D
6885.0,History,D
6885.0,English,C
6885.0,Physical Education,F
6886.0,Math,A
6886.0,Science,D
6886.0,History,F
6886.0,English,C
6886.0,Physical Education,C
6887.0,Math,A
6887.0,Science,D
6887.0,History,D
6887.0,English,C
6887.0,Physical Education,D
6888.0,Math,D
6888.0,Science,A
6888.0,History,D
6888.0,English,A
6888.0,Physical Education,D
6889.0,Math,A
6889.0,Science,F
6889.0,History,D
6889.0,English,F
6889.0,Physical Education,A
6890.0,Math,C
6890.0,Science,D
6890.0,History,B
6890.0,English,F
6890.0,Physical Education,D
6891.0,Math,A
6891.0,Science,B
6891.0,History,A
6891.0,English,A
6891.0,Physical Education,B
6892.0,Math,C
6892.0,Science,B
6892.0,History,B
6892.0,English,D
6892.0,Physical Education,C
6893.0,Math,D
6893.0,Science,C
6893.0,History,C
6893.0,English,C
6893.0,Physical Education,A
6894.0,Math,C
6894.0,Science,A
6894.0,History,D
6894.0,English,F
6894.0,Physical Education,B
6895.0,Math,B
6895.0,Science,D
6895.0,History,F
6895.0,English,D
6895.0,Physical Education,D
6896.0,Math,D
6896.0,Science,A
6896.0,History,A
6896.0,English,C
6896.0,Physical Education,D
6897.0,Math,F
6897.0,Science,B
6897.0,History,A
6897.0,English,F
6897.0,Physical Education,A
6898.0,Math,A
6898.0,Science,D
6898.0,History,F
6898.0,English,B
6898.0,Physical Education,D
6899.0,Math,D
6899.0,Science,C
6899.0,History,F
6899.0,English,C
6899.0,Physical Education,B
6900.0,Math,B
6900.0,Science,F
6900.0,History,C
6900.0,English,F
6900.0,Physical Education,D
6901.0,Math,B
6901.0,Science,A
6901.0,History,B
6901.0,English,A
6901.0,Physical Education,B
6902.0,Math,D
6902.0,Science,B
6902.0,History,D
6902.0,English,F
6902.0,Physical Education,A
6903.0,Math,F
6903.0,Science,A
6903.0,History,B
6903.0,English,F
6903.0,Physical Education,A
6904.0,Math,A
6904.0,Science,B
6904.0,History,B
6904.0,English,B
6904.0,Physical Education,D
6905.0,Math,B
6905.0,Science,D
6905.0,History,B
6905.0,English,F
6905.0,Physical Education,D
6906.0,Math,D
6906.0,Science,C
6906.0,History,D
6906.0,English,C
6906.0,Physical Education,F
6907.0,Math,F
6907.0,Science,F
6907.0,History,D
6907.0,English,D
6907.0,Physical Education,F
6908.0,Math,D
6908.0,Science,F
6908.0,History,B
6908.0,English,B
6908.0,Physical Education,D
6909.0,Math,B
6909.0,Science,F
6909.0,History,D
6909.0,English,D
6909.0,Physical Education,D
6910.0,Math,F
6910.0,Science,D
6910.0,History,B
6910.0,English,F
6910.0,Physical Education,C
6911.0,Math,B
6911.0,Science,C
6911.0,History,A
6911.0,English,C
6911.0,Physical Education,A
6912.0,Math,B
6912.0,Science,C
6912.0,History,C
6912.0,English,B
6912.0,Physical Education,B
6913.0,Math,C
6913.0,Science,C
6913.0,History,B
6913.0,English,F
6913.0,Physical Education,D
6914.0,Math,D
6914.0,Science,F
6914.0,History,F
6914.0,English,A
6914.0,Physical Education,D
6915.0,Math,D
6915.0,Science,C
6915.0,History,F
6915.0,English,C
6915.0,Physical Education,D
6916.0,Math,D
6916.0,Science,A
6916.0,History,A
6916.0,English,C
6916.0,Physical Education,F
6917.0,Math,C
6917.0,Science,A
6917.0,History,C
6917.0,English,B
6917.0,Physical Education,C
6918.0,Math,D
6918.0,Science,A
6918.0,History,B
6918.0,English,B
6918.0,Physical Education,A
6919.0,Math,A
6919.0,Science,D
6919.0,History,B
6919.0,English,B
6919.0,Physical Education,F
6920.0,Math,F
6920.0,Science,A
6920.0,History,D
6920.0,English,C
6920.0,Physical Education,B
6921.0,Math,B
6921.0,Science,C
6921.0,History,D
6921.0,English,C
6921.0,Physical Education,D
6922.0,Math,F
6922.0,Science,D
6922.0,History,B
6922.0,English,C
6922.0,Physical Education,F
6923.0,Math,D
6923.0,Science,D
6923.0,History,B
6923.0,English,A
6923.0,Physical Education,F
6924.0,Math,F
6924.0,Science,A
6924.0,History,F
6924.0,English,A
6924.0,Physical Education,C
6925.0,Math,C
6925.0,Science,A
6925.0,History,B
6925.0,English,C
6925.0,Physical Education,D
6926.0,Math,B
6926.0,Science,A
6926.0,History,D
6926.0,English,A
6926.0,Physical Education,D
6927.0,Math,A
6927.0,Science,A
6927.0,History,A
6927.0,English,A
6927.0,Physical Education,B
6928.0,Math,D
6928.0,Science,F
6928.0,History,B
6928.0,English,D
6928.0,Physical Education,B
6929.0,Math,F
6929.0,Science,A
6929.0,History,D
6929.0,English,F
6929.0,Physical Education,B
6930.0,Math,D
6930.0,Science,B
6930.0,History,B
6930.0,English,A
6930.0,Physical Education,C
6931.0,Math,F
6931.0,Science,F
6931.0,History,F
6931.0,English,F
6931.0,Physical Education,C
6932.0,Math,A
6932.0,Science,D
6932.0,History,D
6932.0,English,D
6932.0,Physical Education,F
6933.0,Math,A
6933.0,Science,A
6933.0,History,A
6933.0,English,A
6933.0,Physical Education,A
6934.0,Math,D
6934.0,Science,A
6934.0,History,A
6934.0,English,D
6934.0,Physical Education,F
6935.0,Math,A
6935.0,Science,B
6935.0,History,A
6935.0,English,A
6935.0,Physical Education,C
6936.0,Math,C
6936.0,Science,F
6936.0,History,F
6936.0,English,A
6936.0,Physical Education,A
6937.0,Math,B
6937.0,Science,A
6937.0,History,A
6937.0,English,A
6937.0,Physical Education,B
6938.0,Math,B
6938.0,Science,A
6938.0,History,B
6938.0,English,C
6938.0,Physical Education,B
6939.0,Math,F
6939.0,Science,A
6939.0,History,D
6939.0,English,D
6939.0,Physical Education,D
6940.0,Math,B
6940.0,Science,D
6940.0,History,C
6940.0,English,A
6940.0,Physical Education,A
6941.0,Math,C
6941.0,Science,A
6941.0,History,F
6941.0,English,D
6941.0,Physical Education,A
6942.0,Math,B
6942.0,Science,D
6942.0,History,A
6942.0,English,F
6942.0,Physical Education,A
6943.0,Math,D
6943.0,Science,A
6943.0,History,D
6943.0,English,C
6943.0,Physical Education,B
6944.0,Math,F
6944.0,Science,D
6944.0,History,A
6944.0,English,B
6944.0,Physical Education,B
6945.0,Math,A
6945.0,Science,D
6945.0,History,F
6945.0,English,D
6945.0,Physical Education,B
6946.0,Math,C
6946.0,Science,B
6946.0,History,C
6946.0,English,B
6946.0,Physical Education,F
6947.0,Math,B
6947.0,Science,D
6947.0,History,F
6947.0,English,D
6947.0,Physical Education,B
6948.0,Math,C
6948.0,Science,A
6948.0,History,F
6948.0,English,C
6948.0,Physical Education,D
6949.0,Math,F
6949.0,Science,C
6949.0,History,C
6949.0,English,A
6949.0,Physical Education,C
6950.0,Math,F
6950.0,Science,B
6950.0,History,C
6950.0,English,B
6950.0,Physical Education,C
6951.0,Math,A
6951.0,Science,A
6951.0,History,B
6951.0,English,F
6951.0,Physical Education,A
6952.0,Math,D
6952.0,Science,F
6952.0,History,B
6952.0,English,C
6952.0,Physical Education,D
6953.0,Math,B
6953.0,Science,A
6953.0,History,B
6953.0,English,B
6953.0,Physical Education,B
6954.0,Math,C
6954.0,Science,B
6954.0,History,C
6954.0,English,C
6954.0,Physical Education,C
6955.0,Math,A
6955.0,Science,B
6955.0,History,F
6955.0,English,F
6955.0,Physical Education,A
6956.0,Math,B
6956.0,Science,B
6956.0,History,C
6956.0,English,A
6956.0,Physical Education,A
6957.0,Math,D
6957.0,Science,A
6957.0,History,A
6957.0,English,C
6957.0,Physical Education,B
6958.0,Math,F
6958.0,Science,F
6958.0,History,C
6958.0,English,C
6958.0,Physical Education,C
6959.0,Math,F
6959.0,Science,D
6959.0,History,B
6959.0,English,B
6959.0,Physical Education,C
6960.0,Math,F
6960.0,Science,D
6960.0,History,C
6960.0,English,B
6960.0,Physical Education,C
6961.0,Math,C
6961.0,Science,C
6961.0,History,A
6961.0,English,F
6961.0,Physical Education,C
6962.0,Math,D
6962.0,Science,B
6962.0,History,A
6962.0,English,C
6962.0,Physical Education,B
6963.0,Math,D
6963.0,Science,F
6963.0,History,C
6963.0,English,B
6963.0,Physical Education,C
6964.0,Math,F
6964.0,Science,F
6964.0,History,F
6964.0,English,D
6964.0,Physical Education,A
6965.0,Math,B
6965.0,Science,B
6965.0,History,A
6965.0,English,D
6965.0,Physical Education,B
6966.0,Math,B
6966.0,Science,F
6966.0,History,F
6966.0,English,F
6966.0,Physical Education,A
6967.0,Math,F
6967.0,Science,C
6967.0,History,C
6967.0,English,F
6967.0,Physical Education,F
6968.0,Math,D
6968.0,Science,A
6968.0,History,C
6968.0,English,C
6968.0,Physical Education,D
6969.0,Math,F
6969.0,Science,F
6969.0,History,F
6969.0,English,B
6969.0,Physical Education,C
6970.0,Math,F
6970.0,Science,B
6970.0,History,D
6970.0,English,B
6970.0,Physical Education,A
6971.0,Math,C
6971.0,Science,A
6971.0,History,C
6971.0,English,F
6971.0,Physical Education,F
6972.0,Math,A
6972.0,Science,D
6972.0,History,D
6972.0,English,C
6972.0,Physical Education,A
6973.0,Math,C
6973.0,Science,C
6973.0,History,D
6973.0,English,D
6973.0,Physical Education,C
6974.0,Math,D
6974.0,Science,D
6974.0,History,F
6974.0,English,C
6974.0,Physical Education,F
6975.0,Math,A
6975.0,Science,A
6975.0,History,D
6975.0,English,B
6975.0,Physical Education,F
6976.0,Math,F
6976.0,Science,A
6976.0,History,B
6976.0,English,D
6976.0,Physical Education,C
6977.0,Math,A
6977.0,Science,B
6977.0,History,A
6977.0,English,F
6977.0,Physical Education,B
6978.0,Math,C
6978.0,Science,A
6978.0,History,D
6978.0,English,F
6978.0,Physical Education,F
6979.0,Math,F
6979.0,Science,F
6979.0,History,C
6979.0,English,F
6979.0,Physical Education,F
6980.0,Math,F
6980.0,Science,A
6980.0,History,D
6980.0,English,D
6980.0,Physical Education,D
6981.0,Math,F
6981.0,Science,B
6981.0,History,B
6981.0,English,A
6981.0,Physical Education,B
6982.0,Math,F
6982.0,Science,F
6982.0,History,C
6982.0,English,D
6982.0,Physical Education,A
6983.0,Math,D
6983.0,Science,C
6983.0,History,D
6983.0,English,C
6983.0,Physical Education,D
6984.0,Math,B
6984.0,Science,A
6984.0,History,A
6984.0,English,C
6984.0,Physical Education,A
6985.0,Math,F
6985.0,Science,C
6985.0,History,D
6985.0,English,F
6985.0,Physical Education,D
6986.0,Math,A
6986.0,Science,C
6986.0,History,F
6986.0,English,F
6986.0,Physical Education,A
6987.0,Math,A
6987.0,Science,C
6987.0,History,F
6987.0,English,A
6987.0,Physical Education,D
6988.0,Math,D
6988.0,Science,B
6988.0,History,A
6988.0,English,F
6988.0,Physical Education,C
6989.0,Math,B
6989.0,Science,C
6989.0,History,B
6989.0,English,F
6989.0,Physical Education,C
6990.0,Math,C
6990.0,Science,D
6990.0,History,C
6990.0,English,F
6990.0,Physical Education,B
6991.0,Math,A
6991.0,Science,A
6991.0,History,A
6991.0,English,D
6991.0,Physical Education,D
6992.0,Math,D
6992.0,Science,F
6992.0,History,D
6992.0,English,F
6992.0,Physical Education,B
6993.0,Math,D
6993.0,Science,A
6993.0,History,A
6993.0,English,A
6993.0,Physical Education,F
6994.0,Math,F
6994.0,Science,B
6994.0,History,A
6994.0,English,C
6994.0,Physical Education,A
6995.0,Math,D
6995.0,Science,F
6995.0,History,B
6995.0,English,B
6995.0,Physical Education,A
6996.0,Math,C
6996.0,Science,C
6996.0,History,B
6996.0,English,D
6996.0,Physical Education,F
6997.0,Math,F
6997.0,Science,F
6997.0,History,B
6997.0,English,F
6997.0,Physical Education,D
6998.0,Math,B
6998.0,Science,D
6998.0,History,B
6998.0,English,F
6998.0,Physical Education,B
6999.0,Math,A
6999.0,Science,C
6999.0,History,F
6999.0,English,A
6999.0,Physical Education,C
7000.0,Math,B
7000.0,Science,B
7000.0,History,D
7000.0,English,A
7000.0,Physical Education,F
7001.0,Math,A
7001.0,Science,B
7001.0,History,D
7001.0,English,D
7001.0,Physical Education,B
7002.0,Math,D
7002.0,Science,D
7002.0,History,A
7002.0,English,A
7002.0,Physical Education,F
7003.0,Math,D
7003.0,Science,B
7003.0,History,D
7003.0,English,A
7003.0,Physical Education,A
7004.0,Math,B
7004.0,Science,D
7004.0,History,C
7004.0,English,A
7004.0,Physical Education,C
7005.0,Math,C
7005.0,Science,B
7005.0,History,D
7005.0,English,B
7005.0,Physical Education,C
7006.0,Math,B
7006.0,Science,A
7006.0,History,C
7006.0,English,B
7006.0,Physical Education,C
7007.0,Math,C
7007.0,Science,D
7007.0,History,C
7007.0,English,D
7007.0,Physical Education,D
7008.0,Math,D
7008.0,Science,B
7008.0,History,C
7008.0,English,A
7008.0,Physical Education,D
7009.0,Math,A
7009.0,Science,F
7009.0,History,B
7009.0,English,F
7009.0,Physical Education,F
7010.0,Math,D
7010.0,Science,C
7010.0,History,F
7010.0,English,A
7010.0,Physical Education,D
7011.0,Math,C
7011.0,Science,A
7011.0,History,C
7011.0,English,F
7011.0,Physical Education,D
7012.0,Math,B
7012.0,Science,D
7012.0,History,A
7012.0,English,D
7012.0,Physical Education,A
7013.0,Math,A
7013.0,Science,A
7013.0,History,F
7013.0,English,F
7013.0,Physical Education,A
7014.0,Math,B
7014.0,Science,A
7014.0,History,C
7014.0,English,B
7014.0,Physical Education,F
7015.0,Math,B
7015.0,Science,B
7015.0,History,C
7015.0,English,D
7015.0,Physical Education,D
7016.0,Math,C
7016.0,Science,F
7016.0,History,A
7016.0,English,A
7016.0,Physical Education,D
7017.0,Math,A
7017.0,Science,F
7017.0,History,F
7017.0,English,F
7017.0,Physical Education,C
7018.0,Math,D
7018.0,Science,B
7018.0,History,D
7018.0,English,F
7018.0,Physical Education,C
7019.0,Math,C
7019.0,Science,F
7019.0,History,F
7019.0,English,D
7019.0,Physical Education,A
7020.0,Math,C
7020.0,Science,F
7020.0,History,F
7020.0,English,B
7020.0,Physical Education,A
7021.0,Math,B
7021.0,Science,F
7021.0,History,F
7021.0,English,C
7021.0,Physical Education,B
7022.0,Math,B
7022.0,Science,B
7022.0,History,A
7022.0,English,C
7022.0,Physical Education,D
7023.0,Math,C
7023.0,Science,D
7023.0,History,A
7023.0,English,C
7023.0,Physical Education,C
7024.0,Math,F
7024.0,Science,D
7024.0,History,C
7024.0,English,D
7024.0,Physical Education,C
7025.0,Math,A
7025.0,Science,B
7025.0,History,D
7025.0,English,F
7025.0,Physical Education,B
7026.0,Math,A
7026.0,Science,A
7026.0,History,B
7026.0,English,F
7026.0,Physical Education,B
7027.0,Math,F
7027.0,Science,D
7027.0,History,B
7027.0,English,B
7027.0,Physical Education,F
7028.0,Math,B
7028.0,Science,B
7028.0,History,F
7028.0,English,A
7028.0,Physical Education,F
7029.0,Math,D
7029.0,Science,A
7029.0,History,D
7029.0,English,D
7029.0,Physical Education,C
7030.0,Math,A
7030.0,Science,C
7030.0,History,C
7030.0,English,B
7030.0,Physical Education,B
7031.0,Math,D
7031.0,Science,B
7031.0,History,D
7031.0,English,B
7031.0,Physical Education,B
7032.0,Math,A
7032.0,Science,D
7032.0,History,F
7032.0,English,D
7032.0,Physical Education,B
7033.0,Math,D
7033.0,Science,D
7033.0,History,D
7033.0,English,C
7033.0,Physical Education,B
7034.0,Math,C
7034.0,Science,D
7034.0,History,D
7034.0,English,C
7034.0,Physical Education,C
7035.0,Math,F
7035.0,Science,D
7035.0,History,D
7035.0,English,B
7035.0,Physical Education,D
7036.0,Math,C
7036.0,Science,B
7036.0,History,D
7036.0,English,B
7036.0,Physical Education,D
7037.0,Math,B
7037.0,Science,C
7037.0,History,C
7037.0,English,D
7037.0,Physical Education,C
7038.0,Math,F
7038.0,Science,B
7038.0,History,F
7038.0,English,A
7038.0,Physical Education,C
7039.0,Math,F
7039.0,Science,B
7039.0,History,C
7039.0,English,C
7039.0,Physical Education,F
7040.0,Math,A
7040.0,Science,C
7040.0,History,D
7040.0,English,C
7040.0,Physical Education,A
7041.0,Math,C
7041.0,Science,D
7041.0,History,B
7041.0,English,A
7041.0,Physical Education,D
7042.0,Math,C
7042.0,Science,B
7042.0,History,A
7042.0,English,A
7042.0,Physical Education,A
7043.0,Math,F
7043.0,Science,B
7043.0,History,A
7043.0,English,C
7043.0,Physical Education,A
7044.0,Math,D
7044.0,Science,A
7044.0,History,A
7044.0,English,B
7044.0,Physical Education,B
7045.0,Math,C
7045.0,Science,D
7045.0,History,F
7045.0,English,A
7045.0,Physical Education,A
7046.0,Math,D
7046.0,Science,F
7046.0,History,D
7046.0,English,D
7046.0,Physical Education,F
7047.0,Math,D
7047.0,Science,F
7047.0,History,C
7047.0,English,A
7047.0,Physical Education,A
7048.0,Math,F
7048.0,Science,C
7048.0,History,F
7048.0,English,F
7048.0,Physical Education,F
7049.0,Math,C
7049.0,Science,F
7049.0,History,D
7049.0,English,F
7049.0,Physical Education,F
7050.0,Math,A
7050.0,Science,D
7050.0,History,F
7050.0,English,C
7050.0,Physical Education,F
7051.0,Math,A
7051.0,Science,D
7051.0,History,F
7051.0,English,C
7051.0,Physical Education,D
7052.0,Math,D
7052.0,Science,C
7052.0,History,F
7052.0,English,B
7052.0,Physical Education,D
7053.0,Math,D
7053.0,Science,F
7053.0,History,F
7053.0,English,A
7053.0,Physical Education,A
7054.0,Math,B
7054.0,Science,C
7054.0,History,F
7054.0,English,D
7054.0,Physical Education,B
7055.0,Math,F
7055.0,Science,C
7055.0,History,F
7055.0,English,B
7055.0,Physical Education,C
7056.0,Math,F
7056.0,Science,A
7056.0,History,A
7056.0,English,C
7056.0,Physical Education,B
7057.0,Math,F
7057.0,Science,B
7057.0,History,C
7057.0,English,C
7057.0,Physical Education,A
7058.0,Math,A
7058.0,Science,A
7058.0,History,B
7058.0,English,B
7058.0,Physical Education,B
7059.0,Math,F
7059.0,Science,C
7059.0,History,B
7059.0,English,A
7059.0,Physical Education,F
7060.0,Math,D
7060.0,Science,A
7060.0,History,B
7060.0,English,A
7060.0,Physical Education,B
7061.0,Math,F
7061.0,Science,D
7061.0,History,C
7061.0,English,C
7061.0,Physical Education,C
7062.0,Math,F
7062.0,Science,D
7062.0,History,B
7062.0,English,B
7062.0,Physical Education,C
7063.0,Math,B
7063.0,Science,A
7063.0,History,A
7063.0,English,D
7063.0,Physical Education,F
7064.0,Math,A
7064.0,Science,A
7064.0,History,B
7064.0,English,A
7064.0,Physical Education,A
7065.0,Math,C
7065.0,Science,B
7065.0,History,C
7065.0,English,F
7065.0,Physical Education,A
7066.0,Math,A
7066.0,Science,D
7066.0,History,F
7066.0,English,D
7066.0,Physical Education,D
7067.0,Math,C
7067.0,Science,A
7067.0,History,A
7067.0,English,F
7067.0,Physical Education,F
7068.0,Math,A
7068.0,Science,B
7068.0,History,A
7068.0,English,D
7068.0,Physical Education,A
7069.0,Math,D
7069.0,Science,B
7069.0,History,C
7069.0,English,B
7069.0,Physical Education,F
7070.0,Math,A
7070.0,Science,B
7070.0,History,A
7070.0,English,D
7070.0,Physical Education,F
7071.0,Math,F
7071.0,Science,B
7071.0,History,A
7071.0,English,B
7071.0,Physical Education,A
7072.0,Math,A
7072.0,Science,B
7072.0,History,C
7072.0,English,A
7072.0,Physical Education,B
7073.0,Math,A
7073.0,Science,C
7073.0,History,C
7073.0,English,B
7073.0,Physical Education,A
7074.0,Math,D
7074.0,Science,B
7074.0,History,B
7074.0,English,C
7074.0,Physical Education,F
7075.0,Math,D
7075.0,Science,A
7075.0,History,C
7075.0,English,B
7075.0,Physical Education,B
7076.0,Math,C
7076.0,Science,B
7076.0,History,C
7076.0,English,D
7076.0,Physical Education,C
7077.0,Math,C
7077.0,Science,C
7077.0,History,C
7077.0,English,B
7077.0,Physical Education,C
7078.0,Math,B
7078.0,Science,F
7078.0,History,A
7078.0,English,D
7078.0,Physical Education,A
7079.0,Math,C
7079.0,Science,C
7079.0,History,D
7079.0,English,B
7079.0,Physical Education,F
7080.0,Math,A
7080.0,Science,F
7080.0,History,F
7080.0,English,B
7080.0,Physical Education,C
7081.0,Math,D
7081.0,Science,A
7081.0,History,B
7081.0,English,D
7081.0,Physical Education,A
7082.0,Math,C
7082.0,Science,D
7082.0,History,A
7082.0,English,D
7082.0,Physical Education,C
7083.0,Math,C
7083.0,Science,B
7083.0,History,B
7083.0,English,B
7083.0,Physical Education,B
7084.0,Math,A
7084.0,Science,C
7084.0,History,F
7084.0,English,C
7084.0,Physical Education,A
7085.0,Math,C
7085.0,Science,F
7085.0,History,C
7085.0,English,F
7085.0,Physical Education,B
7086.0,Math,B
7086.0,Science,D
7086.0,History,B
7086.0,English,F
7086.0,Physical Education,B
7087.0,Math,F
7087.0,Science,A
7087.0,History,B
7087.0,English,F
7087.0,Physical Education,B
7088.0,Math,C
7088.0,Science,D
7088.0,History,A
7088.0,English,F
7088.0,Physical Education,D
7089.0,Math,B
7089.0,Science,B
7089.0,History,D
7089.0,English,A
7089.0,Physical Education,A
7090.0,Math,F
7090.0,Science,D
7090.0,History,C
7090.0,English,B
7090.0,Physical Education,F
7091.0,Math,F
7091.0,Science,C
7091.0,History,B
7091.0,English,D
7091.0,Physical Education,D
7092.0,Math,F
7092.0,Science,C
7092.0,History,B
7092.0,English,F
7092.0,Physical Education,B
7093.0,Math,B
7093.0,Science,A
7093.0,History,C
7093.0,English,B
7093.0,Physical Education,D
7094.0,Math,C
7094.0,Science,B
7094.0,History,D
7094.0,English,D
7094.0,Physical Education,C
7095.0,Math,B
7095.0,Science,B
7095.0,History,A
7095.0,English,F
7095.0,Physical Education,F
7096.0,Math,C
7096.0,Science,F
7096.0,History,C
7096.0,English,A
7096.0,Physical Education,C
7097.0,Math,D
7097.0,Science,F
7097.0,History,F
7097.0,English,D
7097.0,Physical Education,A
7098.0,Math,A
7098.0,Science,C
7098.0,History,B
7098.0,English,A
7098.0,Physical Education,C
7099.0,Math,A
7099.0,Science,D
7099.0,History,B
7099.0,English,A
7099.0,Physical Education,B
7100.0,Math,C
7100.0,Science,B
7100.0,History,C
7100.0,English,F
7100.0,Physical Education,F
7101.0,Math,F
7101.0,Science,A
7101.0,History,A
7101.0,English,C
7101.0,Physical Education,A
7102.0,Math,C
7102.0,Science,A
7102.0,History,B
7102.0,English,C
7102.0,Physical Education,F
7103.0,Math,C
7103.0,Science,C
7103.0,History,B
7103.0,English,C
7103.0,Physical Education,F
7104.0,Math,A
7104.0,Science,D
7104.0,History,C
7104.0,English,F
7104.0,Physical Education,F
7105.0,Math,D
7105.0,Science,F
7105.0,History,D
7105.0,English,D
7105.0,Physical Education,C
7106.0,Math,F
7106.0,Science,F
7106.0,History,B
7106.0,English,B
7106.0,Physical Education,F
7107.0,Math,B
7107.0,Science,B
7107.0,History,B
7107.0,English,F
7107.0,Physical Education,D
7108.0,Math,D
7108.0,Science,B
7108.0,History,F
7108.0,English,F
7108.0,Physical Education,D
7109.0,Math,B
7109.0,Science,D
7109.0,History,F
7109.0,English,A
7109.0,Physical Education,C
7110.0,Math,A
7110.0,Science,A
7110.0,History,B
7110.0,English,A
7110.0,Physical Education,B
7111.0,Math,D
7111.0,Science,A
7111.0,History,B
7111.0,English,B
7111.0,Physical Education,D
7112.0,Math,C
7112.0,Science,A
7112.0,History,D
7112.0,English,C
7112.0,Physical Education,D
7113.0,Math,D
7113.0,Science,F
7113.0,History,F
7113.0,English,F
7113.0,Physical Education,A
7114.0,Math,B
7114.0,Science,A
7114.0,History,D
7114.0,English,F
7114.0,Physical Education,D
7115.0,Math,B
7115.0,Science,C
7115.0,History,F
7115.0,English,A
7115.0,Physical Education,F
7116.0,Math,C
7116.0,Science,F
7116.0,History,A
7116.0,English,D
7116.0,Physical Education,F
7117.0,Math,F
7117.0,Science,B
7117.0,History,A
7117.0,English,D
7117.0,Physical Education,B
7118.0,Math,C
7118.0,Science,C
7118.0,History,F
7118.0,English,D
7118.0,Physical Education,D
7119.0,Math,A
7119.0,Science,C
7119.0,History,A
7119.0,English,D
7119.0,Physical Education,B
7120.0,Math,B
7120.0,Science,C
7120.0,History,A
7120.0,English,C
7120.0,Physical Education,A
7121.0,Math,C
7121.0,Science,A
7121.0,History,D
7121.0,English,C
7121.0,Physical Education,B
7122.0,Math,F
7122.0,Science,A
7122.0,History,D
7122.0,English,A
7122.0,Physical Education,B
7123.0,Math,A
7123.0,Science,B
7123.0,History,A
7123.0,English,D
7123.0,Physical Education,F
7124.0,Math,D
7124.0,Science,F
7124.0,History,D
7124.0,English,B
7124.0,Physical Education,D
7125.0,Math,C
7125.0,Science,D
7125.0,History,C
7125.0,English,D
7125.0,Physical Education,A
7126.0,Math,A
7126.0,Science,D
7126.0,History,D
7126.0,English,A
7126.0,Physical Education,D
7127.0,Math,D
7127.0,Science,A
7127.0,History,A
7127.0,English,B
7127.0,Physical Education,A
7128.0,Math,F
7128.0,Science,C
7128.0,History,A
7128.0,English,D
7128.0,Physical Education,A
7129.0,Math,F
7129.0,Science,B
7129.0,History,B
7129.0,English,F
7129.0,Physical Education,A
7130.0,Math,F
7130.0,Science,B
7130.0,History,C
7130.0,English,F
7130.0,Physical Education,F
7131.0,Math,C
7131.0,Science,C
7131.0,History,F
7131.0,English,F
7131.0,Physical Education,C
7132.0,Math,C
7132.0,Science,D
7132.0,History,F
7132.0,English,B
7132.0,Physical Education,D
7133.0,Math,C
7133.0,Science,C
7133.0,History,C
7133.0,English,A
7133.0,Physical Education,F
7134.0,Math,A
7134.0,Science,B
7134.0,History,A
7134.0,English,D
7134.0,Physical Education,D
7135.0,Math,D
7135.0,Science,D
7135.0,History,C
7135.0,English,A
7135.0,Physical Education,C
7136.0,Math,A
7136.0,Science,D
7136.0,History,D
7136.0,English,F
7136.0,Physical Education,D
7137.0,Math,F
7137.0,Science,F
7137.0,History,B
7137.0,English,B
7137.0,Physical Education,D
7138.0,Math,C
7138.0,Science,F
7138.0,History,C
7138.0,English,D
7138.0,Physical Education,C
7139.0,Math,C
7139.0,Science,F
7139.0,History,F
7139.0,English,C
7139.0,Physical Education,A
7140.0,Math,A
7140.0,Science,A
7140.0,History,B
7140.0,English,F
7140.0,Physical Education,C
7141.0,Math,C
7141.0,Science,F
7141.0,History,D
7141.0,English,D
7141.0,Physical Education,C
7142.0,Math,A
7142.0,Science,D
7142.0,History,D
7142.0,English,D
7142.0,Physical Education,D
7143.0,Math,D
7143.0,Science,C
7143.0,History,D
7143.0,English,B
7143.0,Physical Education,B
7144.0,Math,B
7144.0,Science,F
7144.0,History,B
7144.0,English,D
7144.0,Physical Education,C
7145.0,Math,A
7145.0,Science,B
7145.0,History,C
7145.0,English,C
7145.0,Physical Education,F
7146.0,Math,B
7146.0,Science,B
7146.0,History,B
7146.0,English,F
7146.0,Physical Education,B
7147.0,Math,C
7147.0,Science,C
7147.0,History,D
7147.0,English,B
7147.0,Physical Education,B
7148.0,Math,F
7148.0,Science,B
7148.0,History,F
7148.0,English,D
7148.0,Physical Education,C
7149.0,Math,D
7149.0,Science,D
7149.0,History,D
7149.0,English,F
7149.0,Physical Education,F
7150.0,Math,F
7150.0,Science,C
7150.0,History,B
7150.0,English,F
7150.0,Physical Education,F
7151.0,Math,C
7151.0,Science,C
7151.0,History,B
7151.0,English,A
7151.0,Physical Education,D
7152.0,Math,D
7152.0,Science,A
7152.0,History,A
7152.0,English,F
7152.0,Physical Education,A
7153.0,Math,F
7153.0,Science,B
7153.0,History,D
7153.0,English,C
7153.0,Physical Education,A
7154.0,Math,B
7154.0,Science,B
7154.0,History,B
7154.0,English,F
7154.0,Physical Education,F
7155.0,Math,C
7155.0,Science,B
7155.0,History,C
7155.0,English,F
7155.0,Physical Education,A
7156.0,Math,D
7156.0,Science,F
7156.0,History,D
7156.0,English,C
7156.0,Physical Education,A
7157.0,Math,D
7157.0,Science,A
7157.0,History,A
7157.0,English,B
7157.0,Physical Education,A
7158.0,Math,A
7158.0,Science,A
7158.0,History,D
7158.0,English,C
7158.0,Physical Education,F
7159.0,Math,B
7159.0,Science,F
7159.0,History,C
7159.0,English,B
7159.0,Physical Education,C
7160.0,Math,C
7160.0,Science,B
7160.0,History,C
7160.0,English,D
7160.0,Physical Education,D
7161.0,Math,C
7161.0,Science,D
7161.0,History,A
7161.0,English,F
7161.0,Physical Education,F
7162.0,Math,C
7162.0,Science,C
7162.0,History,B
7162.0,English,D
7162.0,Physical Education,C
7163.0,Math,B
7163.0,Science,F
7163.0,History,A
7163.0,English,C
7163.0,Physical Education,B
7164.0,Math,B
7164.0,Science,D
7164.0,History,D
7164.0,English,D
7164.0,Physical Education,D
7165.0,Math,A
7165.0,Science,D
7165.0,History,C
7165.0,English,C
7165.0,Physical Education,B
7166.0,Math,F
7166.0,Science,A
7166.0,History,D
7166.0,English,B
7166.0,Physical Education,F
7167.0,Math,A
7167.0,Science,D
7167.0,History,B
7167.0,English,D
7167.0,Physical Education,F
7168.0,Math,F
7168.0,Science,A
7168.0,History,C
7168.0,English,C
7168.0,Physical Education,F
7169.0,Math,C
7169.0,Science,F
7169.0,History,A
7169.0,English,D
7169.0,Physical Education,F
7170.0,Math,C
7170.0,Science,B
7170.0,History,F
7170.0,English,C
7170.0,Physical Education,A
7171.0,Math,D
7171.0,Science,D
7171.0,History,B
7171.0,English,D
7171.0,Physical Education,B
7172.0,Math,D
7172.0,Science,B
7172.0,History,A
7172.0,English,B
7172.0,Physical Education,C
7173.0,Math,D
7173.0,Science,C
7173.0,History,B
7173.0,English,D
7173.0,Physical Education,F
7174.0,Math,C
7174.0,Science,A
7174.0,History,F
7174.0,English,C
7174.0,Physical Education,A
7175.0,Math,B
7175.0,Science,C
7175.0,History,B
7175.0,English,F
7175.0,Physical Education,B
7176.0,Math,D
7176.0,Science,A
7176.0,History,F
7176.0,English,C
7176.0,Physical Education,A
7177.0,Math,C
7177.0,Science,C
7177.0,History,D
7177.0,English,B
7177.0,Physical Education,D
7178.0,Math,B
7178.0,Science,B
7178.0,History,F
7178.0,English,C
7178.0,Physical Education,D
7179.0,Math,A
7179.0,Science,A
7179.0,History,D
7179.0,English,C
7179.0,Physical Education,F
7180.0,Math,F
7180.0,Science,F
7180.0,History,C
7180.0,English,D
7180.0,Physical Education,C
7181.0,Math,A
7181.0,Science,D
7181.0,History,A
7181.0,English,B
7181.0,Physical Education,F
7182.0,Math,D
7182.0,Science,A
7182.0,History,A
7182.0,English,C
7182.0,Physical Education,A
7183.0,Math,F
7183.0,Science,D
7183.0,History,B
7183.0,English,D
7183.0,Physical Education,F
7184.0,Math,B
7184.0,Science,A
7184.0,History,D
7184.0,English,F
7184.0,Physical Education,C
7185.0,Math,B
7185.0,Science,B
7185.0,History,A
7185.0,English,D
7185.0,Physical Education,B
7186.0,Math,F
7186.0,Science,C
7186.0,History,D
7186.0,English,C
7186.0,Physical Education,D
7187.0,Math,A
7187.0,Science,A
7187.0,History,D
7187.0,English,D
7187.0,Physical Education,F
7188.0,Math,D
7188.0,Science,C
7188.0,History,B
7188.0,English,B
7188.0,Physical Education,F
7189.0,Math,D
7189.0,Science,A
7189.0,History,D
7189.0,English,D
7189.0,Physical Education,B
7190.0,Math,F
7190.0,Science,C
7190.0,History,B
7190.0,English,B
7190.0,Physical Education,A
7191.0,Math,A
7191.0,Science,D
7191.0,History,B
7191.0,English,D
7191.0,Physical Education,B
7192.0,Math,B
7192.0,Science,A
7192.0,History,D
7192.0,English,C
7192.0,Physical Education,F
7193.0,Math,B
7193.0,Science,C
7193.0,History,F
7193.0,English,C
7193.0,Physical Education,A
7194.0,Math,B
7194.0,Science,B
7194.0,History,F
7194.0,English,D
7194.0,Physical Education,A
7195.0,Math,C
7195.0,Science,D
7195.0,History,D
7195.0,English,B
7195.0,Physical Education,A
7196.0,Math,B
7196.0,Science,A
7196.0,History,C
7196.0,English,D
7196.0,Physical Education,C
7197.0,Math,D
7197.0,Science,D
7197.0,History,A
7197.0,English,D
7197.0,Physical Education,D
7198.0,Math,A
7198.0,Science,D
7198.0,History,F
7198.0,English,F
7198.0,Physical Education,C
7199.0,Math,A
7199.0,Science,B
7199.0,History,C
7199.0,English,C
7199.0,Physical Education,C
7200.0,Math,B
7200.0,Science,A
7200.0,History,F
7200.0,English,F
7200.0,Physical Education,C
7201.0,Math,C
7201.0,Science,C
7201.0,History,A
7201.0,English,B
7201.0,Physical Education,A
7202.0,Math,A
7202.0,Science,F
7202.0,History,A
7202.0,English,B
7202.0,Physical Education,B
7203.0,Math,B
7203.0,Science,A
7203.0,History,A
7203.0,English,A
7203.0,Physical Education,B
7204.0,Math,A
7204.0,Science,B
7204.0,History,B
7204.0,English,A
7204.0,Physical Education,A
7205.0,Math,F
7205.0,Science,B
7205.0,History,A
7205.0,English,C
7205.0,Physical Education,D
7206.0,Math,B
7206.0,Science,C
7206.0,History,F
7206.0,English,F
7206.0,Physical Education,A
7207.0,Math,B
7207.0,Science,D
7207.0,History,D
7207.0,English,A
7207.0,Physical Education,D
7208.0,Math,C
7208.0,Science,C
7208.0,History,C
7208.0,English,D
7208.0,Physical Education,B
7209.0,Math,D
7209.0,Science,A
7209.0,History,D
7209.0,English,A
7209.0,Physical Education,B
7210.0,Math,F
7210.0,Science,B
7210.0,History,B
7210.0,English,B
7210.0,Physical Education,F
7211.0,Math,D
7211.0,Science,F
7211.0,History,F
7211.0,English,C
7211.0,Physical Education,D
7212.0,Math,A
7212.0,Science,D
7212.0,History,B
7212.0,English,D
7212.0,Physical Education,A
7213.0,Math,F
7213.0,Science,A
7213.0,History,C
7213.0,English,D
7213.0,Physical Education,B
7214.0,Math,B
7214.0,Science,F
7214.0,History,A
7214.0,English,F
7214.0,Physical Education,C
7215.0,Math,D
7215.0,Science,D
7215.0,History,D
7215.0,English,B
7215.0,Physical Education,D
7216.0,Math,A
7216.0,Science,D
7216.0,History,D
7216.0,English,B
7216.0,Physical Education,F
7217.0,Math,C
7217.0,Science,D
7217.0,History,B
7217.0,English,A
7217.0,Physical Education,A
7218.0,Math,F
7218.0,Science,B
7218.0,History,A
7218.0,English,C
7218.0,Physical Education,A
7219.0,Math,D
7219.0,Science,A
7219.0,History,D
7219.0,English,D
7219.0,Physical Education,B
7220.0,Math,F
7220.0,Science,C
7220.0,History,F
7220.0,English,A
7220.0,Physical Education,A
7221.0,Math,B
7221.0,Science,A
7221.0,History,B
7221.0,English,F
7221.0,Physical Education,C
7222.0,Math,B
7222.0,Science,F
7222.0,History,C
7222.0,English,B
7222.0,Physical Education,D
7223.0,Math,B
7223.0,Science,F
7223.0,History,D
7223.0,English,B
7223.0,Physical Education,A
7224.0,Math,D
7224.0,Science,B
7224.0,History,B
7224.0,English,D
7224.0,Physical Education,D
7225.0,Math,F
7225.0,Science,F
7225.0,History,F
7225.0,English,D
7225.0,Physical Education,A
7226.0,Math,C
7226.0,Science,F
7226.0,History,D
7226.0,English,F
7226.0,Physical Education,B
7227.0,Math,D
7227.0,Science,C
7227.0,History,F
7227.0,English,C
7227.0,Physical Education,D
7228.0,Math,C
7228.0,Science,A
7228.0,History,B
7228.0,English,B
7228.0,Physical Education,F
7229.0,Math,B
7229.0,Science,B
7229.0,History,A
7229.0,English,B
7229.0,Physical Education,C
7230.0,Math,B
7230.0,Science,B
7230.0,History,F
7230.0,English,B
7230.0,Physical Education,D
7231.0,Math,A
7231.0,Science,F
7231.0,History,B
7231.0,English,A
7231.0,Physical Education,B
7232.0,Math,C
7232.0,Science,A
7232.0,History,D
7232.0,English,D
7232.0,Physical Education,D
7233.0,Math,C
7233.0,Science,B
7233.0,History,D
7233.0,English,D
7233.0,Physical Education,C
7234.0,Math,A
7234.0,Science,F
7234.0,History,B
7234.0,English,B
7234.0,Physical Education,D
7235.0,Math,A
7235.0,Science,D
7235.0,History,A
7235.0,English,D
7235.0,Physical Education,F
7236.0,Math,D
7236.0,Science,F
7236.0,History,B
7236.0,English,C
7236.0,Physical Education,C
7237.0,Math,F
7237.0,Science,C
7237.0,History,A
7237.0,English,B
7237.0,Physical Education,C
7238.0,Math,B
7238.0,Science,F
7238.0,History,A
7238.0,English,D
7238.0,Physical Education,F
7239.0,Math,C
7239.0,Science,B
7239.0,History,A
7239.0,English,A
7239.0,Physical Education,D
7240.0,Math,B
7240.0,Science,B
7240.0,History,C
7240.0,English,C
7240.0,Physical Education,B
7241.0,Math,D
7241.0,Science,C
7241.0,History,B
7241.0,English,F
7241.0,Physical Education,B
7242.0,Math,D
7242.0,Science,D
7242.0,History,A
7242.0,English,D
7242.0,Physical Education,B
7243.0,Math,C
7243.0,Science,F
7243.0,History,F
7243.0,English,B
7243.0,Physical Education,B
7244.0,Math,D
7244.0,Science,B
7244.0,History,B
7244.0,English,A
7244.0,Physical Education,D
7245.0,Math,F
7245.0,Science,D
7245.0,History,D
7245.0,English,B
7245.0,Physical Education,D
7246.0,Math,C
7246.0,Science,B
7246.0,History,D
7246.0,English,B
7246.0,Physical Education,F
7247.0,Math,B
7247.0,Science,B
7247.0,History,C
7247.0,English,B
7247.0,Physical Education,A
7248.0,Math,D
7248.0,Science,A
7248.0,History,B
7248.0,English,C
7248.0,Physical Education,A
7249.0,Math,B
7249.0,Science,F
7249.0,History,D
7249.0,English,B
7249.0,Physical Education,A
7250.0,Math,B
7250.0,Science,C
7250.0,History,F
7250.0,English,C
7250.0,Physical Education,D
7251.0,Math,C
7251.0,Science,A
7251.0,History,B
7251.0,English,D
7251.0,Physical Education,A
7252.0,Math,F
7252.0,Science,C
7252.0,History,F
7252.0,English,C
7252.0,Physical Education,D
7253.0,Math,A
7253.0,Science,D
7253.0,History,C
7253.0,English,D
7253.0,Physical Education,A
7254.0,Math,C
7254.0,Science,B
7254.0,History,D
7254.0,English,C
7254.0,Physical Education,A
7255.0,Math,C
7255.0,Science,D
7255.0,History,B
7255.0,English,C
7255.0,Physical Education,C
7256.0,Math,F
7256.0,Science,C
7256.0,History,D
7256.0,English,C
7256.0,Physical Education,B
7257.0,Math,D
7257.0,Science,D
7257.0,History,C
7257.0,English,B
7257.0,Physical Education,D
7258.0,Math,F
7258.0,Science,B
7258.0,History,D
7258.0,English,B
7258.0,Physical Education,D
7259.0,Math,D
7259.0,Science,A
7259.0,History,B
7259.0,English,F
7259.0,Physical Education,B
7260.0,Math,F
7260.0,Science,A
7260.0,History,B
7260.0,English,D
7260.0,Physical Education,F
7261.0,Math,B
7261.0,Science,C
7261.0,History,C
7261.0,English,C
7261.0,Physical Education,D
7262.0,Math,A
7262.0,Science,C
7262.0,History,B
7262.0,English,B
7262.0,Physical Education,F
7263.0,Math,B
7263.0,Science,A
7263.0,History,F
7263.0,English,C
7263.0,Physical Education,F
7264.0,Math,D
7264.0,Science,D
7264.0,History,B
7264.0,English,C
7264.0,Physical Education,D
7265.0,Math,F
7265.0,Science,C
7265.0,History,D
7265.0,English,A
7265.0,Physical Education,B
7266.0,Math,C
7266.0,Science,A
7266.0,History,A
7266.0,English,D
7266.0,Physical Education,F
7267.0,Math,B
7267.0,Science,D
7267.0,History,D
7267.0,English,F
7267.0,Physical Education,D
7268.0,Math,F
7268.0,Science,C
7268.0,History,A
7268.0,English,B
7268.0,Physical Education,B
7269.0,Math,D
7269.0,Science,D
7269.0,History,C
7269.0,English,D
7269.0,Physical Education,C
7270.0,Math,B
7270.0,Science,D
7270.0,History,D
7270.0,English,C
7270.0,Physical Education,A
7271.0,Math,F
7271.0,Science,F
7271.0,History,C
7271.0,English,F
7271.0,Physical Education,F
7272.0,Math,D
7272.0,Science,B
7272.0,History,C
7272.0,English,A
7272.0,Physical Education,C
7273.0,Math,B
7273.0,Science,A
7273.0,History,F
7273.0,English,C
7273.0,Physical Education,D
7274.0,Math,F
7274.0,Science,A
7274.0,History,C
7274.0,English,C
7274.0,Physical Education,C
7275.0,Math,A
7275.0,Science,C
7275.0,History,A
7275.0,English,C
7275.0,Physical Education,A
7276.0,Math,F
7276.0,Science,A
7276.0,History,F
7276.0,English,F
7276.0,Physical Education,C
7277.0,Math,B
7277.0,Science,F
7277.0,History,D
7277.0,English,F
7277.0,Physical Education,B
7278.0,Math,F
7278.0,Science,C
7278.0,History,F
7278.0,English,F
7278.0,Physical Education,B
7279.0,Math,A
7279.0,Science,C
7279.0,History,F
7279.0,English,F
7279.0,Physical Education,F
7280.0,Math,A
7280.0,Science,D
7280.0,History,D
7280.0,English,C
7280.0,Physical Education,C
7281.0,Math,A
7281.0,Science,D
7281.0,History,F
7281.0,English,C
7281.0,Physical Education,A
7282.0,Math,C
7282.0,Science,A
7282.0,History,F
7282.0,English,A
7282.0,Physical Education,B
7283.0,Math,D
7283.0,Science,B
7283.0,History,C
7283.0,English,A
7283.0,Physical Education,F
7284.0,Math,D
7284.0,Science,B
7284.0,History,F
7284.0,English,C
7284.0,Physical Education,B
7285.0,Math,C
7285.0,Science,B
7285.0,History,F
7285.0,English,A
7285.0,Physical Education,A
7286.0,Math,A
7286.0,Science,C
7286.0,History,F
7286.0,English,C
7286.0,Physical Education,B
7287.0,Math,B
7287.0,Science,C
7287.0,History,C
7287.0,English,C
7287.0,Physical Education,A
7288.0,Math,C
7288.0,Science,B
7288.0,History,B
7288.0,English,C
7288.0,Physical Education,D
7289.0,Math,A
7289.0,Science,B
7289.0,History,A
7289.0,English,A
7289.0,Physical Education,C
7290.0,Math,B
7290.0,Science,C
7290.0,History,A
7290.0,English,A
7290.0,Physical Education,B
7291.0,Math,B
7291.0,Science,C
7291.0,History,D
7291.0,English,C
7291.0,Physical Education,C
7292.0,Math,D
7292.0,Science,B
7292.0,History,C
7292.0,English,C
7292.0,Physical Education,D
7293.0,Math,C
7293.0,Science,B
7293.0,History,F
7293.0,English,B
7293.0,Physical Education,B
7294.0,Math,B
7294.0,Science,C
7294.0,History,D
7294.0,English,D
7294.0,Physical Education,A
7295.0,Math,C
7295.0,Science,C
7295.0,History,F
7295.0,English,A
7295.0,Physical Education,C
7296.0,Math,B
7296.0,Science,F
7296.0,History,A
7296.0,English,F
7296.0,Physical Education,F
7297.0,Math,B
7297.0,Science,B
7297.0,History,D
7297.0,English,D
7297.0,Physical Education,D
7298.0,Math,B
7298.0,Science,A
7298.0,History,B
7298.0,English,B
7298.0,Physical Education,C
7299.0,Math,C
7299.0,Science,B
7299.0,History,B
7299.0,English,A
7299.0,Physical Education,C
7300.0,Math,F
7300.0,Science,A
7300.0,History,B
7300.0,English,F
7300.0,Physical Education,A
7301.0,Math,D
7301.0,Science,F
7301.0,History,A
7301.0,English,B
7301.0,Physical Education,C
7302.0,Math,A
7302.0,Science,C
7302.0,History,F
7302.0,English,C
7302.0,Physical Education,D
7303.0,Math,A
7303.0,Science,B
7303.0,History,F
7303.0,English,C
7303.0,Physical Education,D
7304.0,Math,D
7304.0,Science,F
7304.0,History,C
7304.0,English,A
7304.0,Physical Education,B
7305.0,Math,C
7305.0,Science,C
7305.0,History,B
7305.0,English,C
7305.0,Physical Education,D
7306.0,Math,B
7306.0,Science,A
7306.0,History,F
7306.0,English,F
7306.0,Physical Education,C
7307.0,Math,A
7307.0,Science,B
7307.0,History,B
7307.0,English,A
7307.0,Physical Education,D
7308.0,Math,F
7308.0,Science,F
7308.0,History,A
7308.0,English,C
7308.0,Physical Education,D
7309.0,Math,A
7309.0,Science,B
7309.0,History,C
7309.0,English,C
7309.0,Physical Education,A
7310.0,Math,A
7310.0,Science,F
7310.0,History,B
7310.0,English,F
7310.0,Physical Education,A
7311.0,Math,A
7311.0,Science,C
7311.0,History,B
7311.0,English,F
7311.0,Physical Education,B
7312.0,Math,C
7312.0,Science,B
7312.0,History,C
7312.0,English,B
7312.0,Physical Education,A
7313.0,Math,D
7313.0,Science,D
7313.0,History,C
7313.0,English,C
7313.0,Physical Education,B
7314.0,Math,B
7314.0,Science,D
7314.0,History,A
7314.0,English,A
7314.0,Physical Education,D
7315.0,Math,B
7315.0,Science,F
7315.0,History,A
7315.0,English,A
7315.0,Physical Education,A
7316.0,Math,D
7316.0,Science,A
7316.0,History,C
7316.0,English,C
7316.0,Physical Education,F
7317.0,Math,A
7317.0,Science,F
7317.0,History,D
7317.0,English,A
7317.0,Physical Education,D
7318.0,Math,F
7318.0,Science,C
7318.0,History,A
7318.0,English,F
7318.0,Physical Education,A
7319.0,Math,F
7319.0,Science,F
7319.0,History,A
7319.0,English,B
7319.0,Physical Education,F
7320.0,Math,A
7320.0,Science,F
7320.0,History,F
7320.0,English,F
7320.0,Physical Education,C
7321.0,Math,F
7321.0,Science,F
7321.0,History,D
7321.0,English,F
7321.0,Physical Education,B
7322.0,Math,D
7322.0,Science,D
7322.0,History,C
7322.0,English,D
7322.0,Physical Education,D
7323.0,Math,B
7323.0,Science,D
7323.0,History,B
7323.0,English,B
7323.0,Physical Education,A
7324.0,Math,F
7324.0,Science,A
7324.0,History,D
7324.0,English,A
7324.0,Physical Education,D
7325.0,Math,A
7325.0,Science,A
7325.0,History,D
7325.0,English,F
7325.0,Physical Education,C
7326.0,Math,B
7326.0,Science,C
7326.0,History,F
7326.0,English,A
7326.0,Physical Education,C
7327.0,Math,A
7327.0,Science,F
7327.0,History,F
7327.0,English,A
7327.0,Physical Education,F
7328.0,Math,F
7328.0,Science,D
7328.0,History,D
7328.0,English,A
7328.0,Physical Education,F
7329.0,Math,F
7329.0,Science,A
7329.0,History,A
7329.0,English,C
7329.0,Physical Education,F
7330.0,Math,B
7330.0,Science,D
7330.0,History,C
7330.0,English,B
7330.0,Physical Education,F
7331.0,Math,B
7331.0,Science,F
7331.0,History,B
7331.0,English,D
7331.0,Physical Education,B
7332.0,Math,C
7332.0,Science,C
7332.0,History,D
7332.0,English,D
7332.0,Physical Education,F
7333.0,Math,B
7333.0,Science,B
7333.0,History,F
7333.0,English,C
7333.0,Physical Education,C
7334.0,Math,A
7334.0,Science,F
7334.0,History,C
7334.0,English,C
7334.0,Physical Education,C
7335.0,Math,D
7335.0,Science,B
7335.0,History,B
7335.0,English,D
7335.0,Physical Education,F
7336.0,Math,F
7336.0,Science,B
7336.0,History,A
7336.0,English,F
7336.0,Physical Education,C
7337.0,Math,D
7337.0,Science,C
7337.0,History,C
7337.0,English,F
7337.0,Physical Education,B
7338.0,Math,B
7338.0,Science,B
7338.0,History,A
7338.0,English,C
7338.0,Physical Education,C
7339.0,Math,D
7339.0,Science,A
7339.0,History,A
7339.0,English,A
7339.0,Physical Education,D
7340.0,Math,D
7340.0,Science,A
7340.0,History,F
7340.0,English,B
7340.0,Physical Education,F
7341.0,Math,D
7341.0,Science,C
7341.0,History,F
7341.0,English,C
7341.0,Physical Education,B
7342.0,Math,B
7342.0,Science,C
7342.0,History,F
7342.0,English,C
7342.0,Physical Education,B
7343.0,Math,F
7343.0,Science,C
7343.0,History,D
7343.0,English,C
7343.0,Physical Education,B
7344.0,Math,F
7344.0,Science,A
7344.0,History,B
7344.0,English,F
7344.0,Physical Education,B
7345.0,Math,F
7345.0,Science,F
7345.0,History,F
7345.0,English,C
7345.0,Physical Education,C
7346.0,Math,F
7346.0,Science,D
7346.0,History,D
7346.0,English,C
7346.0,Physical Education,D
7347.0,Math,C
7347.0,Science,A
7347.0,History,A
7347.0,English,A
7347.0,Physical Education,C
7348.0,Math,D
7348.0,Science,F
7348.0,History,F
7348.0,English,C
7348.0,Physical Education,C
7349.0,Math,C
7349.0,Science,C
7349.0,History,F
7349.0,English,B
7349.0,Physical Education,D
7350.0,Math,C
7350.0,Science,B
7350.0,History,F
7350.0,English,A
7350.0,Physical Education,A
7351.0,Math,F
7351.0,Science,F
7351.0,History,A
7351.0,English,F
7351.0,Physical Education,F
7352.0,Math,F
7352.0,Science,C
7352.0,History,D
7352.0,English,A
7352.0,Physical Education,F
7353.0,Math,C
7353.0,Science,D
7353.0,History,A
7353.0,English,B
7353.0,Physical Education,F
7354.0,Math,F
7354.0,Science,B
7354.0,History,A
7354.0,English,B
7354.0,Physical Education,B
7355.0,Math,F
7355.0,Science,A
7355.0,History,F
7355.0,English,B
7355.0,Physical Education,C
7356.0,Math,D
7356.0,Science,D
7356.0,History,D
7356.0,English,B
7356.0,Physical Education,C
7357.0,Math,B
7357.0,Science,C
7357.0,History,A
7357.0,English,D
7357.0,Physical Education,F
7358.0,Math,A
7358.0,Science,A
7358.0,History,C
7358.0,English,C
7358.0,Physical Education,C
7359.0,Math,B
7359.0,Science,F
7359.0,History,C
7359.0,English,B
7359.0,Physical Education,F
7360.0,Math,F
7360.0,Science,A
7360.0,History,A
7360.0,English,B
7360.0,Physical Education,D
7361.0,Math,D
7361.0,Science,C
7361.0,History,C
7361.0,English,D
7361.0,Physical Education,F
7362.0,Math,F
7362.0,Science,B
7362.0,History,B
7362.0,English,C
7362.0,Physical Education,D
7363.0,Math,B
7363.0,Science,B
7363.0,History,D
7363.0,English,D
7363.0,Physical Education,D
7364.0,Math,F
7364.0,Science,F
7364.0,History,C
7364.0,English,D
7364.0,Physical Education,B
7365.0,Math,A
7365.0,Science,B
7365.0,History,D
7365.0,English,C
7365.0,Physical Education,D
7366.0,Math,F
7366.0,Science,D
7366.0,History,C
7366.0,English,C
7366.0,Physical Education,B
7367.0,Math,D
7367.0,Science,A
7367.0,History,B
7367.0,English,F
7367.0,Physical Education,D
7368.0,Math,D
7368.0,Science,A
7368.0,History,A
7368.0,English,D
7368.0,Physical Education,F
7369.0,Math,F
7369.0,Science,A
7369.0,History,B
7369.0,English,F
7369.0,Physical Education,C
7370.0,Math,B
7370.0,Science,C
7370.0,History,C
7370.0,English,D
7370.0,Physical Education,A
7371.0,Math,F
7371.0,Science,C
7371.0,History,B
7371.0,English,F
7371.0,Physical Education,A
7372.0,Math,D
7372.0,Science,F
7372.0,History,D
7372.0,English,B
7372.0,Physical Education,B
7373.0,Math,A
7373.0,Science,F
7373.0,History,B
7373.0,English,A
7373.0,Physical Education,D
7374.0,Math,D
7374.0,Science,C
7374.0,History,D
7374.0,English,A
7374.0,Physical Education,A
7375.0,Math,A
7375.0,Science,A
7375.0,History,B
7375.0,English,A
7375.0,Physical Education,B
7376.0,Math,D
7376.0,Science,C
7376.0,History,A
7376.0,English,B
7376.0,Physical Education,F
7377.0,Math,A
7377.0,Science,D
7377.0,History,A
7377.0,English,C
7377.0,Physical Education,F
7378.0,Math,A
7378.0,Science,F
7378.0,History,B
7378.0,English,B
7378.0,Physical Education,B
7379.0,Math,F
7379.0,Science,C
7379.0,History,C
7379.0,English,A
7379.0,Physical Education,A
7380.0,Math,F
7380.0,Science,B
7380.0,History,F
7380.0,English,A
7380.0,Physical Education,A
7381.0,Math,B
7381.0,Science,D
7381.0,History,A
7381.0,English,D
7381.0,Physical Education,A
7382.0,Math,D
7382.0,Science,D
7382.0,History,D
7382.0,English,C
7382.0,Physical Education,A
7383.0,Math,F
7383.0,Science,F
7383.0,History,A
7383.0,English,F
7383.0,Physical Education,A
7384.0,Math,C
7384.0,Science,D
7384.0,History,D
7384.0,English,A
7384.0,Physical Education,D
7385.0,Math,B
7385.0,Science,C
7385.0,History,B
7385.0,English,C
7385.0,Physical Education,C
7386.0,Math,B
7386.0,Science,F
7386.0,History,C
7386.0,English,C
7386.0,Physical Education,F
7387.0,Math,F
7387.0,Science,C
7387.0,History,D
7387.0,English,A
7387.0,Physical Education,B
7388.0,Math,A
7388.0,Science,A
7388.0,History,F
7388.0,English,B
7388.0,Physical Education,C
7389.0,Math,A
7389.0,Science,F
7389.0,History,B
7389.0,English,D
7389.0,Physical Education,F
7390.0,Math,D
7390.0,Science,A
7390.0,History,C
7390.0,English,A
7390.0,Physical Education,A
7391.0,Math,D
7391.0,Science,A
7391.0,History,F
7391.0,English,D
7391.0,Physical Education,D
7392.0,Math,B
7392.0,Science,A
7392.0,History,B
7392.0,English,B
7392.0,Physical Education,F
7393.0,Math,B
7393.0,Science,A
7393.0,History,A
7393.0,English,A
7393.0,Physical Education,C
7394.0,Math,C
7394.0,Science,F
7394.0,History,D
7394.0,English,F
7394.0,Physical Education,F
7395.0,Math,F
7395.0,Science,D
7395.0,History,D
7395.0,English,F
7395.0,Physical Education,A
7396.0,Math,C
7396.0,Science,F
7396.0,History,C
7396.0,English,C
7396.0,Physical Education,B
7397.0,Math,C
7397.0,Science,C
7397.0,History,D
7397.0,English,F
7397.0,Physical Education,F
7398.0,Math,A
7398.0,Science,D
7398.0,History,A
7398.0,English,B
7398.0,Physical Education,D
7399.0,Math,A
7399.0,Science,D
7399.0,History,F
7399.0,English,A
7399.0,Physical Education,D
7400.0,Math,F
7400.0,Science,A
7400.0,History,D
7400.0,English,A
7400.0,Physical Education,A
7401.0,Math,B
7401.0,Science,C
7401.0,History,B
7401.0,English,D
7401.0,Physical Education,D
7402.0,Math,D
7402.0,Science,D
7402.0,History,F
7402.0,English,C
7402.0,Physical Education,C
7403.0,Math,B
7403.0,Science,C
7403.0,History,A
7403.0,English,B
7403.0,Physical Education,A
7404.0,Math,D
7404.0,Science,F
7404.0,History,A
7404.0,English,C
7404.0,Physical Education,D
7405.0,Math,A
7405.0,Science,A
7405.0,History,F
7405.0,English,C
7405.0,Physical Education,B
7406.0,Math,B
7406.0,Science,B
7406.0,History,B
7406.0,English,B
7406.0,Physical Education,B
7407.0,Math,A
7407.0,Science,D
7407.0,History,F
7407.0,English,F
7407.0,Physical Education,F
7408.0,Math,F
7408.0,Science,B
7408.0,History,F
7408.0,English,A
7408.0,Physical Education,D
7409.0,Math,C
7409.0,Science,D
7409.0,History,A
7409.0,English,F
7409.0,Physical Education,B
7410.0,Math,F
7410.0,Science,F
7410.0,History,C
7410.0,English,A
7410.0,Physical Education,A
7411.0,Math,B
7411.0,Science,C
7411.0,History,F
7411.0,English,A
7411.0,Physical Education,D
7412.0,Math,F
7412.0,Science,F
7412.0,History,C
7412.0,English,B
7412.0,Physical Education,B
7413.0,Math,F
7413.0,Science,C
7413.0,History,A
7413.0,English,A
7413.0,Physical Education,A
7414.0,Math,C
7414.0,Science,D
7414.0,History,C
7414.0,English,F
7414.0,Physical Education,F
7415.0,Math,A
7415.0,Science,D
7415.0,History,D
7415.0,English,D
7415.0,Physical Education,B
7416.0,Math,A
7416.0,Science,B
7416.0,History,B
7416.0,English,C
7416.0,Physical Education,B
7417.0,Math,C
7417.0,Science,B
7417.0,History,F
7417.0,English,A
7417.0,Physical Education,B
7418.0,Math,D
7418.0,Science,F
7418.0,History,D
7418.0,English,C
7418.0,Physical Education,A
7419.0,Math,C
7419.0,Science,B
7419.0,History,D
7419.0,English,C
7419.0,Physical Education,C
7420.0,Math,D
7420.0,Science,F
7420.0,History,B
7420.0,English,A
7420.0,Physical Education,D
7421.0,Math,F
7421.0,Science,A
7421.0,History,C
7421.0,English,C
7421.0,Physical Education,B
7422.0,Math,B
7422.0,Science,C
7422.0,History,D
7422.0,English,F
7422.0,Physical Education,B
7423.0,Math,F
7423.0,Science,C
7423.0,History,D
7423.0,English,D
7423.0,Physical Education,C
7424.0,Math,A
7424.0,Science,B
7424.0,History,B
7424.0,English,F
7424.0,Physical Education,D
7425.0,Math,F
7425.0,Science,B
7425.0,History,A
7425.0,English,D
7425.0,Physical Education,A
7426.0,Math,B
7426.0,Science,C
7426.0,History,A
7426.0,English,C
7426.0,Physical Education,D
7427.0,Math,C
7427.0,Science,F
7427.0,History,A
7427.0,English,B
7427.0,Physical Education,A
7428.0,Math,B
7428.0,Science,C
7428.0,History,B
7428.0,English,D
7428.0,Physical Education,A
7429.0,Math,D
7429.0,Science,F
7429.0,History,A
7429.0,English,D
7429.0,Physical Education,B
7430.0,Math,F
7430.0,Science,C
7430.0,History,C
7430.0,English,A
7430.0,Physical Education,D
7431.0,Math,F
7431.0,Science,B
7431.0,History,D
7431.0,English,F
7431.0,Physical Education,C
7432.0,Math,A
7432.0,Science,C
7432.0,History,D
7432.0,English,B
7432.0,Physical Education,B
7433.0,Math,C
7433.0,Science,C
7433.0,History,C
7433.0,English,A
7433.0,Physical Education,A
7434.0,Math,A
7434.0,Science,C
7434.0,History,D
7434.0,English,F
7434.0,Physical Education,C
7435.0,Math,C
7435.0,Science,F
7435.0,History,C
7435.0,English,A
7435.0,Physical Education,D
7436.0,Math,B
7436.0,Science,C
7436.0,History,D
7436.0,English,A
7436.0,Physical Education,F
7437.0,Math,D
7437.0,Science,C
7437.0,History,D
7437.0,English,B
7437.0,Physical Education,D
7438.0,Math,D
7438.0,Science,F
7438.0,History,D
7438.0,English,B
7438.0,Physical Education,F
7439.0,Math,C
7439.0,Science,D
7439.0,History,A
7439.0,English,D
7439.0,Physical Education,
7440.0,Math,F
7440.0,Science,B
7440.0,History,F
7440.0,English,C
7440.0,Physical Education,B
7441.0,Math,D
7441.0,Science,D
7441.0,History,D
7441.0,English,C
7441.0,Physical Education,A
7442.0,Math,D
7442.0,Science,C
7442.0,History,D
7442.0,English,D
7442.0,Physical Education,C
7443.0,Math,A
7443.0,Science,B
7443.0,History,A
7443.0,English,C
7443.0,Physical Education,B
7444.0,Math,D
7444.0,Science,D
7444.0,History,B
7444.0,English,B
7444.0,Physical Education,F
7445.0,Math,D
7445.0,Science,F
7445.0,History,B
7445.0,English,A
7445.0,Physical Education,D
7446.0,Math,B
7446.0,Science,A
7446.0,History,A
7446.0,English,B
7446.0,Physical Education,B
7447.0,Math,B
7447.0,Science,A
7447.0,History,B
7447.0,English,F
7447.0,Physical Education,C
7448.0,Math,D
7448.0,Science,D
7448.0,History,B
7448.0,English,F
7448.0,Physical Education,B
7449.0,Math,D
7449.0,Science,A
7449.0,History,C
7449.0,English,D
7449.0,Physical Education,B
7450.0,Math,A
7450.0,Science,A
7450.0,History,B
7450.0,English,C
7450.0,Physical Education,A
7451.0,Math,A
7451.0,Science,C
7451.0,History,B
7451.0,English,C
7451.0,Physical Education,C
7452.0,Math,F
7452.0,Science,D
7452.0,History,C
7452.0,English,A
7452.0,Physical Education,C
7453.0,Math,D
7453.0,Science,B
7453.0,History,B
7453.0,English,D
7453.0,Physical Education,D
7454.0,Math,A
7454.0,Science,C
7454.0,History,A
7454.0,English,F
7454.0,Physical Education,C
7455.0,Math,F
7455.0,Science,D
7455.0,History,D
7455.0,English,A
7455.0,Physical Education,A
7456.0,Math,C
7456.0,Science,A
7456.0,History,F
7456.0,English,B
7456.0,Physical Education,C
7457.0,Math,C
7457.0,Science,B
7457.0,History,D
7457.0,English,F
7457.0,Physical Education,D
7458.0,Math,A
7458.0,Science,C
7458.0,History,C
7458.0,English,D
7458.0,Physical Education,F
7459.0,Math,B
7459.0,Science,C
7459.0,History,D
7459.0,English,C
7459.0,Physical Education,D
7460.0,Math,C
7460.0,Science,F
7460.0,History,C
7460.0,English,D
7460.0,Physical Education,F
7461.0,Math,A
7461.0,Science,F
7461.0,History,C
7461.0,English,A
7461.0,Physical Education,B
7462.0,Math,C
7462.0,Science,A
7462.0,History,B
7462.0,English,A
7462.0,Physical Education,C
7463.0,Math,D
7463.0,Science,D
7463.0,History,C
7463.0,English,B
7463.0,Physical Education,D
7464.0,Math,B
7464.0,Science,F
7464.0,History,F
7464.0,English,A
7464.0,Physical Education,B
7465.0,Math,F
7465.0,Science,F
7465.0,History,B
7465.0,English,F
7465.0,Physical Education,F
7466.0,Math,D
7466.0,Science,A
7466.0,History,C
7466.0,English,D
7466.0,Physical Education,D
7467.0,Math,D
7467.0,Science,A
7467.0,History,B
7467.0,English,C
7467.0,Physical Education,C
7468.0,Math,F
7468.0,Science,F
7468.0,History,A
7468.0,English,A
7468.0,Physical Education,A
7469.0,Math,D
7469.0,Science,A
7469.0,History,D
7469.0,English,C
7469.0,Physical Education,A
7470.0,Math,B
7470.0,Science,B
7470.0,History,D
7470.0,English,A
7470.0,Physical Education,B
7471.0,Math,C
7471.0,Science,D
7471.0,History,A
7471.0,English,F
7471.0,Physical Education,F
7472.0,Math,A
7472.0,Science,A
7472.0,History,D
7472.0,English,C
7472.0,Physical Education,A
7473.0,Math,B
7473.0,Science,F
7473.0,History,F
7473.0,English,A
7473.0,Physical Education,D
7474.0,Math,B
7474.0,Science,F
7474.0,History,A
7474.0,English,D
7474.0,Physical Education,B
7475.0,Math,D
7475.0,Science,D
7475.0,History,B
7475.0,English,C
7475.0,Physical Education,B
7476.0,Math,F
7476.0,Science,F
7476.0,History,C
7476.0,English,A
7476.0,Physical Education,D
7477.0,Math,C
7477.0,Science,C
7477.0,History,B
7477.0,English,F
7477.0,Physical Education,D
7478.0,Math,C
7478.0,Science,A
7478.0,History,D
7478.0,English,C
7478.0,Physical Education,B
7479.0,Math,D
7479.0,Science,B
7479.0,History,D
7479.0,English,C
7479.0,Physical Education,D
7480.0,Math,D
7480.0,Science,B
7480.0,History,C
7480.0,English,A
7480.0,Physical Education,D
7481.0,Math,A
7481.0,Science,C
7481.0,History,C
7481.0,English,D
7481.0,Physical Education,A
7482.0,Math,C
7482.0,Science,A
7482.0,History,D
7482.0,English,D
7482.0,Physical Education,F
7483.0,Math,C
7483.0,Science,A
7483.0,History,B
7483.0,English,A
7483.0,Physical Education,C
7484.0,Math,D
7484.0,Science,A
7484.0,History,D
7484.0,English,A
7484.0,Physical Education,D
7485.0,Math,D
7485.0,Science,B
7485.0,History,C
7485.0,English,C
7485.0,Physical Education,A
7486.0,Math,C
7486.0,Science,A
7486.0,History,C
7486.0,English,C
7486.0,Physical Education,B
7487.0,Math,A
7487.0,Science,C
7487.0,History,B
7487.0,English,D
7487.0,Physical Education,A
7488.0,Math,A
7488.0,Science,F
7488.0,History,D
7488.0,English,B
7488.0,Physical Education,C
7489.0,Math,F
7489.0,Science,A
7489.0,History,D
7489.0,English,B
7489.0,Physical Education,A
7490.0,Math,B
7490.0,Science,A
7490.0,History,D
7490.0,English,C
7490.0,Physical Education,C
7491.0,Math,B
7491.0,Science,D
7491.0,History,A
7491.0,English,A
7491.0,Physical Education,D
7492.0,Math,B
7492.0,Science,A
7492.0,History,C
7492.0,English,D
7492.0,Physical Education,D
7493.0,Math,C
7493.0,Science,C
7493.0,History,D
7493.0,English,A
7493.0,Physical Education,D
7494.0,Math,B
7494.0,Science,C
7494.0,History,B
7494.0,English,F
7494.0,Physical Education,B
7495.0,Math,F
7495.0,Science,A
7495.0,History,C
7495.0,English,F
7495.0,Physical Education,A
7496.0,Math,F
7496.0,Science,F
7496.0,History,C
7496.0,English,A
7496.0,Physical Education,F
7497.0,Math,C
7497.0,Science,A
7497.0,History,C
7497.0,English,B
7497.0,Physical Education,C
7498.0,Math,C
7498.0,Science,D
7498.0,History,D
7498.0,English,A
7498.0,Physical Education,F
7499.0,Math,C
7499.0,Science,F
7499.0,History,C
7499.0,English,C
7499.0,Physical Education,B
7500.0,Math,A
7500.0,Science,D
7500.0,History,F
7500.0,English,D
7500.0,Physical Education,A
7501.0,Math,B
7501.0,Science,B
7501.0,History,A
7501.0,English,C
7501.0,Physical Education,F
7502.0,Math,C
7502.0,Science,B
7502.0,History,B
7502.0,English,D
7502.0,Physical Education,D
7503.0,Math,C
7503.0,Science,B
7503.0,History,A
7503.0,English,C
7503.0,Physical Education,C
7504.0,Math,B
7504.0,Science,B
7504.0,History,D
7504.0,English,B
7504.0,Physical Education,A
7505.0,Math,C
7505.0,Science,B
7505.0,History,D
7505.0,English,C
7505.0,Physical Education,D
7506.0,Math,F
7506.0,Science,C
7506.0,History,C
7506.0,English,D
7506.0,Physical Education,B
7507.0,Math,F
7507.0,Science,F
7507.0,History,B
7507.0,English,C
7507.0,Physical Education,D
7508.0,Math,F
7508.0,Science,D
7508.0,History,B
7508.0,English,F
7508.0,Physical Education,B
7509.0,Math,D
7509.0,Science,C
7509.0,History,A
7509.0,English,D
7509.0,Physical Education,B
7510.0,Math,B
7510.0,Science,A
7510.0,History,B
7510.0,English,B
7510.0,Physical Education,B
7511.0,Math,F
7511.0,Science,B
7511.0,History,D
7511.0,English,B
7511.0,Physical Education,D
7512.0,Math,B
7512.0,Science,A
7512.0,History,D
7512.0,English,A
7512.0,Physical Education,C
7513.0,Math,A
7513.0,Science,F
7513.0,History,B
7513.0,English,A
7513.0,Physical Education,B
7514.0,Math,C
7514.0,Science,B
7514.0,History,C
7514.0,English,A
7514.0,Physical Education,A
7515.0,Math,F
7515.0,Science,B
7515.0,History,B
7515.0,English,F
7515.0,Physical Education,A
7516.0,Math,C
7516.0,Science,D
7516.0,History,F
7516.0,English,B
7516.0,Physical Education,B
7517.0,Math,F
7517.0,Science,D
7517.0,History,C
7517.0,English,F
7517.0,Physical Education,A
7518.0,Math,F
7518.0,Science,B
7518.0,History,B
7518.0,English,D
7518.0,Physical Education,F
7519.0,Math,B
7519.0,Science,C
7519.0,History,D
7519.0,English,A
7519.0,Physical Education,F
7520.0,Math,D
7520.0,Science,C
7520.0,History,C
7520.0,English,B
7520.0,Physical Education,A
7521.0,Math,A
7521.0,Science,A
7521.0,History,F
7521.0,English,A
7521.0,Physical Education,F
7522.0,Math,B
7522.0,Science,F
7522.0,History,F
7522.0,English,D
7522.0,Physical Education,B
7523.0,Math,C
7523.0,Science,D
7523.0,History,D
7523.0,English,B
7523.0,Physical Education,F
7524.0,Math,B
7524.0,Science,F
7524.0,History,D
7524.0,English,C
7524.0,Physical Education,A
7525.0,Math,B
7525.0,Science,F
7525.0,History,A
7525.0,English,D
7525.0,Physical Education,D
7526.0,Math,B
7526.0,Science,B
7526.0,History,D
7526.0,English,D
7526.0,Physical Education,C
7527.0,Math,B
7527.0,Science,A
7527.0,History,F
7527.0,English,A
7527.0,Physical Education,A
7528.0,Math,A
7528.0,Science,F
7528.0,History,A
7528.0,English,C
7528.0,Physical Education,F
7529.0,Math,D
7529.0,Science,D
7529.0,History,C
7529.0,English,D
7529.0,Physical Education,B
7530.0,Math,C
7530.0,Science,F
7530.0,History,D
7530.0,English,F
7530.0,Physical Education,B
7531.0,Math,C
7531.0,Science,C
7531.0,History,B
7531.0,English,A
7531.0,Physical Education,A
7532.0,Math,A
7532.0,Science,F
7532.0,History,B
7532.0,English,A
7532.0,Physical Education,A
7533.0,Math,C
7533.0,Science,C
7533.0,History,B
7533.0,English,B
7533.0,Physical Education,C
7534.0,Math,B
7534.0,Science,C
7534.0,History,D
7534.0,English,D
7534.0,Physical Education,F
7535.0,Math,F
7535.0,Science,A
7535.0,History,B
7535.0,English,D
7535.0,Physical Education,D
7536.0,Math,C
7536.0,Science,D
7536.0,History,A
7536.0,English,B
7536.0,Physical Education,C
7537.0,Math,C
7537.0,Science,B
7537.0,History,D
7537.0,English,C
7537.0,Physical Education,D
7538.0,Math,C
7538.0,Science,F
7538.0,History,F
7538.0,English,C
7538.0,Physical Education,B
7539.0,Math,D
7539.0,Science,C
7539.0,History,F
7539.0,English,A
7539.0,Physical Education,A
7540.0,Math,D
7540.0,Science,B
7540.0,History,C
7540.0,English,F
7540.0,Physical Education,B
7541.0,Math,D
7541.0,Science,F
7541.0,History,D
7541.0,English,B
7541.0,Physical Education,F
7542.0,Math,D
7542.0,Science,D
7542.0,History,C
7542.0,English,C
7542.0,Physical Education,C
7543.0,Math,D
7543.0,Science,A
7543.0,History,D
7543.0,English,A
7543.0,Physical Education,F
7544.0,Math,F
7544.0,Science,D
7544.0,History,B
7544.0,English,D
7544.0,Physical Education,D
7545.0,Math,C
7545.0,Science,F
7545.0,History,C
7545.0,English,A
7545.0,Physical Education,D
7546.0,Math,C
7546.0,Science,C
7546.0,History,B
7546.0,English,A
7546.0,Physical Education,F
7547.0,Math,C
7547.0,Science,F
7547.0,History,A
7547.0,English,A
7547.0,Physical Education,D
7548.0,Math,C
7548.0,Science,D
7548.0,History,C
7548.0,English,D
7548.0,Physical Education,A
7549.0,Math,C
7549.0,Science,A
7549.0,History,B
7549.0,English,A
7549.0,Physical Education,C
7550.0,Math,D
7550.0,Science,A
7550.0,History,C
7550.0,English,C
7550.0,Physical Education,F
7551.0,Math,B
7551.0,Science,F
7551.0,History,C
7551.0,English,D
7551.0,Physical Education,C
7552.0,Math,D
7552.0,Science,F
7552.0,History,C
7552.0,English,A
7552.0,Physical Education,B
7553.0,Math,D
7553.0,Science,F
7553.0,History,D
7553.0,English,C
7553.0,Physical Education,C
7554.0,Math,A
7554.0,Science,F
7554.0,History,C
7554.0,English,C
7554.0,Physical Education,C
7555.0,Math,C
7555.0,Science,D
7555.0,History,D
7555.0,English,B
7555.0,Physical Education,F
7556.0,Math,B
7556.0,Science,F
7556.0,History,B
7556.0,English,C
7556.0,Physical Education,A
7557.0,Math,D
7557.0,Science,F
7557.0,History,C
7557.0,English,B
7557.0,Physical Education,D
7558.0,Math,F
7558.0,Science,A
7558.0,History,A
7558.0,English,F
7558.0,Physical Education,C
7559.0,Math,F
7559.0,Science,D
7559.0,History,B
7559.0,English,A
7559.0,Physical Education,A
7560.0,Math,A
7560.0,Science,B
7560.0,History,D
7560.0,English,B
7560.0,Physical Education,B
7561.0,Math,D
7561.0,Science,F
7561.0,History,F
7561.0,English,D
7561.0,Physical Education,B
7562.0,Math,B
7562.0,Science,A
7562.0,History,A
7562.0,English,C
7562.0,Physical Education,C
7563.0,Math,C
7563.0,Science,F
7563.0,History,B
7563.0,English,D
7563.0,Physical Education,C
7564.0,Math,A
7564.0,Science,D
7564.0,History,B
7564.0,English,F
7564.0,Physical Education,A
7565.0,Math,C
7565.0,Science,F
7565.0,History,A
7565.0,English,A
7565.0,Physical Education,D
7566.0,Math,D
7566.0,Science,D
7566.0,History,F
7566.0,English,A
7566.0,Physical Education,F
7567.0,Math,B
7567.0,Science,C
7567.0,History,A
7567.0,English,D
7567.0,Physical Education,B
7568.0,Math,C
7568.0,Science,B
7568.0,History,F
7568.0,English,D
7568.0,Physical Education,C
7569.0,Math,D
7569.0,Science,B
7569.0,History,A
7569.0,English,C
7569.0,Physical Education,A
7570.0,Math,F
7570.0,Science,D
7570.0,History,B
7570.0,English,A
7570.0,Physical Education,B
7571.0,Math,D
7571.0,Science,A
7571.0,History,D
7571.0,English,D
7571.0,Physical Education,D
7572.0,Math,F
7572.0,Science,D
7572.0,History,F
7572.0,English,C
7572.0,Physical Education,B
7573.0,Math,A
7573.0,Science,B
7573.0,History,B
7573.0,English,B
7573.0,Physical Education,B
7574.0,Math,D
7574.0,Science,F
7574.0,History,F
7574.0,English,D
7574.0,Physical Education,B
7575.0,Math,B
7575.0,Science,D
7575.0,History,F
7575.0,English,C
7575.0,Physical Education,D
7576.0,Math,F
7576.0,Science,C
7576.0,History,D
7576.0,English,D
7576.0,Physical Education,F
7577.0,Math,A
7577.0,Science,B
7577.0,History,F
7577.0,English,C
7577.0,Physical Education,A
7578.0,Math,F
7578.0,Science,A
7578.0,History,D
7578.0,English,A
7578.0,Physical Education,B
7579.0,Math,A
7579.0,Science,D
7579.0,History,D
7579.0,English,D
7579.0,Physical Education,C
7580.0,Math,F
7580.0,Science,F
7580.0,History,D
7580.0,English,F
7580.0,Physical Education,F
7581.0,Math,C
7581.0,Science,C
7581.0,History,B
7581.0,English,F
7581.0,Physical Education,F
7582.0,Math,B
7582.0,Science,C
7582.0,History,D
7582.0,English,F
7582.0,Physical Education,C
7583.0,Math,C
7583.0,Science,D
7583.0,History,F
7583.0,English,C
7583.0,Physical Education,F
7584.0,Math,C
7584.0,Science,C
7584.0,History,B
7584.0,English,C
7584.0,Physical Education,C
7585.0,Math,A
7585.0,Science,D
7585.0,History,C
7585.0,English,A
7585.0,Physical Education,D
7586.0,Math,A
7586.0,Science,B
7586.0,History,A
7586.0,English,C
7586.0,Physical Education,B
7587.0,Math,F
7587.0,Science,A
7587.0,History,D
7587.0,English,A
7587.0,Physical Education,D
7588.0,Math,D
7588.0,Science,C
7588.0,History,A
7588.0,English,C
7588.0,Physical Education,B
7589.0,Math,D
7589.0,Science,A
7589.0,History,F
7589.0,English,F
7589.0,Physical Education,B
7590.0,Math,B
7590.0,Science,F
7590.0,History,F
7590.0,English,D
7590.0,Physical Education,F
7591.0,Math,A
7591.0,Science,C
7591.0,History,B
7591.0,English,B
7591.0,Physical Education,B
7592.0,Math,B
7592.0,Science,C
7592.0,History,C
7592.0,English,A
7592.0,Physical Education,F
7593.0,Math,C
7593.0,Science,A
7593.0,History,D
7593.0,English,C
7593.0,Physical Education,B
7594.0,Math,D
7594.0,Science,D
7594.0,History,C
7594.0,English,D
7594.0,Physical Education,F
7595.0,Math,C
7595.0,Science,D
7595.0,History,D
7595.0,English,F
7595.0,Physical Education,F
7596.0,Math,F
7596.0,Science,C
7596.0,History,F
7596.0,English,C
7596.0,Physical Education,A
7597.0,Math,D
7597.0,Science,C
7597.0,History,A
7597.0,English,D
7597.0,Physical Education,D
7598.0,Math,C
7598.0,Science,B
7598.0,History,C
7598.0,English,C
7598.0,Physical Education,B
7599.0,Math,B
7599.0,Science,D
7599.0,History,F
7599.0,English,C
7599.0,Physical Education,A
7600.0,Math,F
7600.0,Science,D
7600.0,History,D
7600.0,English,F
7600.0,Physical Education,D
7601.0,Math,C
7601.0,Science,B
7601.0,History,B
7601.0,English,B
7601.0,Physical Education,D
7602.0,Math,B
7602.0,Science,F
7602.0,History,F
7602.0,English,F
7602.0,Physical Education,D
7603.0,Math,D
7603.0,Science,C
7603.0,History,D
7603.0,English,A
7603.0,Physical Education,D
7604.0,Math,F
7604.0,Science,A
7604.0,History,B
7604.0,English,C
7604.0,Physical Education,F
7605.0,Math,F
7605.0,Science,A
7605.0,History,C
7605.0,English,A
7605.0,Physical Education,C
7606.0,Math,D
7606.0,Science,A
7606.0,History,F
7606.0,English,D
7606.0,Physical Education,F
7607.0,Math,C
7607.0,Science,C
7607.0,History,A
7607.0,English,B
7607.0,Physical Education,B
7608.0,Math,B
7608.0,Science,B
7608.0,History,A
7608.0,English,C
7608.0,Physical Education,A
7609.0,Math,A
7609.0,Science,D
7609.0,History,B
7609.0,English,C
7609.0,Physical Education,C
7610.0,Math,D
7610.0,Science,D
7610.0,History,B
7610.0,English,A
7610.0,Physical Education,A
7611.0,Math,C
7611.0,Science,D
7611.0,History,F
7611.0,English,B
7611.0,Physical Education,C
7612.0,Math,B
7612.0,Science,D
7612.0,History,B
7612.0,English,A
7612.0,Physical Education,A
7613.0,Math,B
7613.0,Science,D
7613.0,History,C
7613.0,English,C
7613.0,Physical Education,D
7614.0,Math,A
7614.0,Science,F
7614.0,History,C
7614.0,English,D
7614.0,Physical Education,F
7615.0,Math,F
7615.0,Science,C
7615.0,History,C
7615.0,English,D
7615.0,Physical Education,C
7616.0,Math,F
7616.0,Science,B
7616.0,History,D
7616.0,English,D
7616.0,Physical Education,B
7617.0,Math,D
7617.0,Science,A
7617.0,History,B
7617.0,English,F
7617.0,Physical Education,B
7618.0,Math,B
7618.0,Science,F
7618.0,History,A
7618.0,English,A
7618.0,Physical Education,B
7619.0,Math,F
7619.0,Science,A
7619.0,History,B
7619.0,English,D
7619.0,Physical Education,B
7620.0,Math,C
7620.0,Science,C
7620.0,History,F
7620.0,English,C
7620.0,Physical Education,B
7621.0,Math,D
7621.0,Science,B
7621.0,History,B
7621.0,English,D
7621.0,Physical Education,B
7622.0,Math,A
7622.0,Science,D
7622.0,History,F
7622.0,English,D
7622.0,Physical Education,B
7623.0,Math,A
7623.0,Science,D
7623.0,History,F
7623.0,English,F
7623.0,Physical Education,B
7624.0,Math,C
7624.0,Science,C
7624.0,History,D
7624.0,English,A
7624.0,Physical Education,A
7625.0,Math,B
7625.0,Science,B
7625.0,History,A
7625.0,English,F
7625.0,Physical Education,D
7626.0,Math,D
7626.0,Science,D
7626.0,History,F
7626.0,English,C
7626.0,Physical Education,A
7627.0,Math,A
7627.0,Science,B
7627.0,History,D
7627.0,English,A
7627.0,Physical Education,F
7628.0,Math,B
7628.0,Science,F
7628.0,History,B
7628.0,English,C
7628.0,Physical Education,F
7629.0,Math,F
7629.0,Science,A
7629.0,History,B
7629.0,English,A
7629.0,Physical Education,D
7630.0,Math,D
7630.0,Science,B
7630.0,History,C
7630.0,English,D
7630.0,Physical Education,B
7631.0,Math,C
7631.0,Science,C
7631.0,History,F
7631.0,English,A
7631.0,Physical Education,F
7632.0,Math,F
7632.0,Science,C
7632.0,History,F
7632.0,English,
7632.0,Physical Education,D
7633.0,Math,C
7633.0,Science,C
7633.0,History,C
7633.0,English,D
7633.0,Physical Education,F
7634.0,Math,C
7634.0,Science,F
7634.0,History,C
7634.0,English,C
7634.0,Physical Education,C
7635.0,Math,B
7635.0,Science,D
7635.0,History,C
7635.0,English,C
7635.0,Physical Education,C
7636.0,Math,F
7636.0,Science,D
7636.0,History,D
7636.0,English,B
7636.0,Physical Education,D
7637.0,Math,D
7637.0,Science,A
7637.0,History,D
7637.0,English,B
7637.0,Physical Education,D
7638.0,Math,F
7638.0,Science,C
7638.0,History,B
7638.0,English,C
7638.0,Physical Education,B
7639.0,Math,D
7639.0,Science,D
7639.0,History,B
7639.0,English,B
7639.0,Physical Education,A
7640.0,Math,A
7640.0,Science,D
7640.0,History,B
7640.0,English,D
7640.0,Physical Education,B
7641.0,Math,A
7641.0,Science,D
7641.0,History,B
7641.0,English,B
7641.0,Physical Education,B
7642.0,Math,A
7642.0,Science,F
7642.0,History,F
7642.0,English,D
7642.0,Physical Education,C
7643.0,Math,A
7643.0,Science,A
7643.0,History,C
7643.0,English,A
7643.0,Physical Education,F
7644.0,Math,B
7644.0,Science,B
7644.0,History,C
7644.0,English,B
7644.0,Physical Education,D
7645.0,Math,D
7645.0,Science,D
7645.0,History,B
7645.0,English,A
7645.0,Physical Education,A
7646.0,Math,D
7646.0,Science,B
7646.0,History,B
7646.0,English,B
7646.0,Physical Education,A
7647.0,Math,B
7647.0,Science,A
7647.0,History,A
7647.0,English,C
7647.0,Physical Education,B
7648.0,Math,B
7648.0,Science,A
7648.0,History,A
7648.0,English,D
7648.0,Physical Education,D
7649.0,Math,C
7649.0,Science,B
7649.0,History,F
7649.0,English,B
7649.0,Physical Education,F
7650.0,Math,B
7650.0,Science,F
7650.0,History,C
7650.0,English,F
7650.0,Physical Education,C
7651.0,Math,B
7651.0,Science,B
7651.0,History,D
7651.0,English,F
7651.0,Physical Education,B
7652.0,Math,F
7652.0,Science,B
7652.0,History,C
7652.0,English,B
7652.0,Physical Education,D
7653.0,Math,D
7653.0,Science,D
7653.0,History,F
7653.0,English,A
7653.0,Physical Education,F
7654.0,Math,C
7654.0,Science,B
7654.0,History,C
7654.0,English,C
7654.0,Physical Education,A
7655.0,Math,D
7655.0,Science,F
7655.0,History,D
7655.0,English,D
7655.0,Physical Education,C
7656.0,Math,C
7656.0,Science,C
7656.0,History,D
7656.0,English,D
7656.0,Physical Education,C
7657.0,Math,D
7657.0,Science,F
7657.0,History,B
7657.0,English,B
7657.0,Physical Education,D
7658.0,Math,C
7658.0,Science,A
7658.0,History,A
7658.0,English,D
7658.0,Physical Education,F
7659.0,Math,C
7659.0,Science,C
7659.0,History,A
7659.0,English,C
7659.0,Physical Education,F
7660.0,Math,D
7660.0,Science,D
7660.0,History,A
7660.0,English,D
7660.0,Physical Education,F
7661.0,Math,C
7661.0,Science,B
7661.0,History,D
7661.0,English,A
7661.0,Physical Education,F
7662.0,Math,F
7662.0,Science,F
7662.0,History,D
7662.0,English,D
7662.0,Physical Education,A
7663.0,Math,D
7663.0,Science,D
7663.0,History,C
7663.0,English,F
7663.0,Physical Education,B
7664.0,Math,A
7664.0,Science,D
7664.0,History,B
7664.0,English,F
7664.0,Physical Education,D
7665.0,Math,F
7665.0,Science,A
7665.0,History,B
7665.0,English,A
7665.0,Physical Education,B
7666.0,Math,D
7666.0,Science,F
7666.0,History,C
7666.0,English,D
7666.0,Physical Education,B
7667.0,Math,C
7667.0,Science,C
7667.0,History,B
7667.0,English,C
7667.0,Physical Education,B
7668.0,Math,F
7668.0,Science,A
7668.0,History,C
7668.0,English,F
7668.0,Physical Education,A
7669.0,Math,F
7669.0,Science,C
7669.0,History,D
7669.0,English,F
7669.0,Physical Education,F
7670.0,Math,B
7670.0,Science,F
7670.0,History,B
7670.0,English,A
7670.0,Physical Education,C
7671.0,Math,C
7671.0,Science,A
7671.0,History,F
7671.0,English,A
7671.0,Physical Education,F
7672.0,Math,C
7672.0,Science,F
7672.0,History,B
7672.0,English,A
7672.0,Physical Education,B
7673.0,Math,A
7673.0,Science,A
7673.0,History,B
7673.0,English,D
7673.0,Physical Education,C
7674.0,Math,D
7674.0,Science,F
7674.0,History,D
7674.0,English,B
7674.0,Physical Education,D
7675.0,Math,A
7675.0,Science,F
7675.0,History,D
7675.0,English,F
7675.0,Physical Education,A
7676.0,Math,C
7676.0,Science,F
7676.0,History,C
7676.0,English,A
7676.0,Physical Education,D
7677.0,Math,C
7677.0,Science,C
7677.0,History,A
7677.0,English,B
7677.0,Physical Education,D
7678.0,Math,B
7678.0,Science,D
7678.0,History,C
7678.0,English,D
7678.0,Physical Education,C
7679.0,Math,F
7679.0,Science,B
7679.0,History,B
7679.0,English,A
7679.0,Physical Education,D
7680.0,Math,F
7680.0,Science,F
7680.0,History,A
7680.0,English,B
7680.0,Physical Education,D
7681.0,Math,D
7681.0,Science,A
7681.0,History,B
7681.0,English,C
7681.0,Physical Education,B
7682.0,Math,C
7682.0,Science,A
7682.0,History,A
7682.0,English,A
7682.0,Physical Education,A
7683.0,Math,B
7683.0,Science,D
7683.0,History,F
7683.0,English,B
7683.0,Physical Education,B
7684.0,Math,B
7684.0,Science,B
7684.0,History,D
7684.0,English,B
7684.0,Physical Education,F
7685.0,Math,A
7685.0,Science,B
7685.0,History,F
7685.0,English,B
7685.0,Physical Education,F
7686.0,Math,F
7686.0,Science,B
7686.0,History,A
7686.0,English,A
7686.0,Physical Education,D
7687.0,Math,F
7687.0,Science,A
7687.0,History,B
7687.0,English,F
7687.0,Physical Education,B
7688.0,Math,B
7688.0,Science,F
7688.0,History,B
7688.0,English,B
7688.0,Physical Education,F
7689.0,Math,A
7689.0,Science,C
7689.0,History,C
7689.0,English,C
7689.0,Physical Education,B
7690.0,Math,A
7690.0,Science,B
7690.0,History,F
7690.0,English,C
7690.0,Physical Education,C
7691.0,Math,D
7691.0,Science,D
7691.0,History,A
7691.0,English,B
7691.0,Physical Education,C
7692.0,Math,A
7692.0,Science,D
7692.0,History,F
7692.0,English,C
7692.0,Physical Education,B
7693.0,Math,A
7693.0,Science,F
7693.0,History,F
7693.0,English,F
7693.0,Physical Education,B
7694.0,Math,B
7694.0,Science,D
7694.0,History,A
7694.0,English,C
7694.0,Physical Education,B
7695.0,Math,D
7695.0,Science,C
7695.0,History,C
7695.0,English,D
7695.0,Physical Education,C
7696.0,Math,F
7696.0,Science,A
7696.0,History,C
7696.0,English,A
7696.0,Physical Education,D
7697.0,Math,B
7697.0,Science,A
7697.0,History,F
7697.0,English,A
7697.0,Physical Education,D
7698.0,Math,D
7698.0,Science,D
7698.0,History,C
7698.0,English,A
7698.0,Physical Education,F
7699.0,Math,F
7699.0,Science,B
7699.0,History,B
7699.0,English,A
7699.0,Physical Education,C
7700.0,Math,B
7700.0,Science,F
7700.0,History,A
7700.0,English,C
7700.0,Physical Education,B
7701.0,Math,B
7701.0,Science,D
7701.0,History,C
7701.0,English,F
7701.0,Physical Education,C
7702.0,Math,C
7702.0,Science,D
7702.0,History,B
7702.0,English,B
7702.0,Physical Education,D
7703.0,Math,D
7703.0,Science,D
7703.0,History,C
7703.0,English,A
7703.0,Physical Education,A
7704.0,Math,A
7704.0,Science,B
7704.0,History,F
7704.0,English,D
7704.0,Physical Education,F
7705.0,Math,C
7705.0,Science,D
7705.0,History,F
7705.0,English,D
7705.0,Physical Education,A
7706.0,Math,B
7706.0,Science,B
7706.0,History,B
7706.0,English,B
7706.0,Physical Education,B
7707.0,Math,D
7707.0,Science,F
7707.0,History,B
7707.0,English,F
7707.0,Physical Education,A
7708.0,Math,B
7708.0,Science,F
7708.0,History,A
7708.0,English,C
7708.0,Physical Education,F
7709.0,Math,C
7709.0,Science,B
7709.0,History,F
7709.0,English,A
7709.0,Physical Education,B
7710.0,Math,B
7710.0,Science,C
7710.0,History,D
7710.0,English,F
7710.0,Physical Education,D
7711.0,Math,A
7711.0,Science,F
7711.0,History,A
7711.0,English,D
7711.0,Physical Education,B
7712.0,Math,F
7712.0,Science,A
7712.0,History,A
7712.0,English,C
7712.0,Physical Education,C
7713.0,Math,D
7713.0,Science,B
7713.0,History,D
7713.0,English,F
7713.0,Physical Education,F
7714.0,Math,F
7714.0,Science,D
7714.0,History,B
7714.0,English,B
7714.0,Physical Education,C
7715.0,Math,B
7715.0,Science,B
7715.0,History,D
7715.0,English,C
7715.0,Physical Education,C
7716.0,Math,C
7716.0,Science,C
7716.0,History,D
7716.0,English,A
7716.0,Physical Education,C
7717.0,Math,B
7717.0,Science,D
7717.0,History,C
7717.0,English,F
7717.0,Physical Education,C
7718.0,Math,D
7718.0,Science,A
7718.0,History,B
7718.0,English,F
7718.0,Physical Education,F
7719.0,Math,A
7719.0,Science,D
7719.0,History,C
7719.0,English,C
7719.0,Physical Education,B
7720.0,Math,F
7720.0,Science,B
7720.0,History,C
7720.0,English,D
7720.0,Physical Education,B
7721.0,Math,D
7721.0,Science,F
7721.0,History,F
7721.0,English,B
7721.0,Physical Education,F
7722.0,Math,A
7722.0,Science,A
7722.0,History,A
7722.0,English,B
7722.0,Physical Education,F
7723.0,Math,A
7723.0,Science,A
7723.0,History,B
7723.0,English,F
7723.0,Physical Education,F
7724.0,Math,C
7724.0,Science,B
7724.0,History,D
7724.0,English,A
7724.0,Physical Education,A
7725.0,Math,F
7725.0,Science,B
7725.0,History,F
7725.0,English,F
7725.0,Physical Education,B
7726.0,Math,A
7726.0,Science,F
7726.0,History,A
7726.0,English,D
7726.0,Physical Education,C
7727.0,Math,A
7727.0,Science,A
7727.0,History,D
7727.0,English,D
7727.0,Physical Education,A
7728.0,Math,A
7728.0,Science,D
7728.0,History,D
7728.0,English,F
7728.0,Physical Education,B
7729.0,Math,F
7729.0,Science,C
7729.0,History,F
7729.0,English,D
7729.0,Physical Education,C
7730.0,Math,D
7730.0,Science,F
7730.0,History,F
7730.0,English,F
7730.0,Physical Education,F
7731.0,Math,D
7731.0,Science,A
7731.0,History,D
7731.0,English,B
7731.0,Physical Education,F
7732.0,Math,F
7732.0,Science,F
7732.0,History,F
7732.0,English,A
7732.0,Physical Education,F
7733.0,Math,B
7733.0,Science,A
7733.0,History,C
7733.0,English,A
7733.0,Physical Education,F
7734.0,Math,F
7734.0,Science,C
7734.0,History,D
7734.0,English,A
7734.0,Physical Education,C
7735.0,Math,A
7735.0,Science,B
7735.0,History,C
7735.0,English,D
7735.0,Physical Education,F
7736.0,Math,A
7736.0,Science,B
7736.0,History,C
7736.0,English,A
7736.0,Physical Education,F
7737.0,Math,A
7737.0,Science,C
7737.0,History,B
7737.0,English,D
7737.0,Physical Education,A
7738.0,Math,D
7738.0,Science,A
7738.0,History,F
7738.0,English,A
7738.0,Physical Education,A
7739.0,Math,F
7739.0,Science,D
7739.0,History,F
7739.0,English,D
7739.0,Physical Education,D
7740.0,Math,F
7740.0,Science,C
7740.0,History,A
7740.0,English,C
7740.0,Physical Education,B
7741.0,Math,D
7741.0,Science,F
7741.0,History,B
7741.0,English,A
7741.0,Physical Education,F
7742.0,Math,D
7742.0,Science,A
7742.0,History,B
7742.0,English,B
7742.0,Physical Education,F
7743.0,Math,A
7743.0,Science,D
7743.0,History,B
7743.0,English,B
7743.0,Physical Education,A
7744.0,Math,C
7744.0,Science,C
7744.0,History,C
7744.0,English,D
7744.0,Physical Education,D
7745.0,Math,A
7745.0,Science,C
7745.0,History,B
7745.0,English,C
7745.0,Physical Education,D
7746.0,Math,C
7746.0,Science,A
7746.0,History,F
7746.0,English,A
7746.0,Physical Education,B
7747.0,Math,F
7747.0,Science,F
7747.0,History,A
7747.0,English,A
7747.0,Physical Education,F
7748.0,Math,B
7748.0,Science,D
7748.0,History,A
7748.0,English,A
7748.0,Physical Education,B
7749.0,Math,A
7749.0,Science,F
7749.0,History,A
7749.0,English,D
7749.0,Physical Education,D
7750.0,Math,B
7750.0,Science,B
7750.0,History,B
7750.0,English,B
7750.0,Physical Education,C
7751.0,Math,A
7751.0,Science,F
7751.0,History,C
7751.0,English,A
7751.0,Physical Education,A
7752.0,Math,B
7752.0,Science,B
7752.0,History,B
7752.0,English,A
7752.0,Physical Education,F
7753.0,Math,F
7753.0,Science,A
7753.0,History,C
7753.0,English,B
7753.0,Physical Education,D
7754.0,Math,B
7754.0,Science,B
7754.0,History,D
7754.0,English,B
7754.0,Physical Education,B
7755.0,Math,D
7755.0,Science,C
7755.0,History,D
7755.0,English,A
7755.0,Physical Education,C
7756.0,Math,C
7756.0,Science,B
7756.0,History,A
7756.0,English,D
7756.0,Physical Education,B
7757.0,Math,A
7757.0,Science,F
7757.0,History,B
7757.0,English,C
7757.0,Physical Education,D
7758.0,Math,B
7758.0,Science,B
7758.0,History,C
7758.0,English,C
7758.0,Physical Education,A
7759.0,Math,C
7759.0,Science,D
7759.0,History,A
7759.0,English,C
7759.0,Physical Education,A
7760.0,Math,D
7760.0,Science,C
7760.0,History,A
7760.0,English,D
7760.0,Physical Education,C
7761.0,Math,D
7761.0,Science,C
7761.0,History,D
7761.0,English,D
7761.0,Physical Education,B
7762.0,Math,F
7762.0,Science,D
7762.0,History,D
7762.0,English,F
7762.0,Physical Education,D
7763.0,Math,D
7763.0,Science,F
7763.0,History,A
7763.0,English,A
7763.0,Physical Education,D
7764.0,Math,B
7764.0,Science,F
7764.0,History,D
7764.0,English,F
7764.0,Physical Education,B
7765.0,Math,A
7765.0,Science,F
7765.0,History,B
7765.0,English,F
7765.0,Physical Education,F
7766.0,Math,F
7766.0,Science,A
7766.0,History,F
7766.0,English,A
7766.0,Physical Education,B
7767.0,Math,A
7767.0,Science,D
7767.0,History,C
7767.0,English,B
7767.0,Physical Education,A
7768.0,Math,B
7768.0,Science,A
7768.0,History,B
7768.0,English,F
7768.0,Physical Education,D
7769.0,Math,B
7769.0,Science,F
7769.0,History,A
7769.0,English,C
7769.0,Physical Education,C
7770.0,Math,B
7770.0,Science,B
7770.0,History,C
7770.0,English,D
7770.0,Physical Education,F
7771.0,Math,B
7771.0,Science,D
7771.0,History,B
7771.0,English,B
7771.0,Physical Education,F
7772.0,Math,A
7772.0,Science,F
7772.0,History,C
7772.0,English,B
7772.0,Physical Education,D
7773.0,Math,B
7773.0,Science,F
7773.0,History,A
7773.0,English,D
7773.0,Physical Education,F
7774.0,Math,A
7774.0,Science,F
7774.0,History,C
7774.0,English,F
7774.0,Physical Education,C
7775.0,Math,F
7775.0,Science,D
7775.0,History,F
7775.0,English,B
7775.0,Physical Education,A
7776.0,Math,F
7776.0,Science,D
7776.0,History,A
7776.0,English,C
7776.0,Physical Education,B
7777.0,Math,A
7777.0,Science,C
7777.0,History,F
7777.0,English,C
7777.0,Physical Education,C
7778.0,Math,C
7778.0,Science,A
7778.0,History,C
7778.0,English,C
7778.0,Physical Education,C
7779.0,Math,A
7779.0,Science,A
7779.0,History,F
7779.0,English,F
7779.0,Physical Education,A
7780.0,Math,C
7780.0,Science,C
7780.0,History,C
7780.0,English,D
7780.0,Physical Education,C
7781.0,Math,F
7781.0,Science,C
7781.0,History,B
7781.0,English,B
7781.0,Physical Education,D
7782.0,Math,F
7782.0,Science,B
7782.0,History,A
7782.0,English,A
7782.0,Physical Education,A
7783.0,Math,B
7783.0,Science,B
7783.0,History,D
7783.0,English,D
7783.0,Physical Education,C
7784.0,Math,D
7784.0,Science,B
7784.0,History,C
7784.0,English,A
7784.0,Physical Education,A
7785.0,Math,B
7785.0,Science,B
7785.0,History,B
7785.0,English,C
7785.0,Physical Education,A
7786.0,Math,A
7786.0,Science,C
7786.0,History,A
7786.0,English,B
7786.0,Physical Education,B
7787.0,Math,A
7787.0,Science,B
7787.0,History,F
7787.0,English,D
7787.0,Physical Education,D
7788.0,Math,A
7788.0,Science,F
7788.0,History,A
7788.0,English,D
7788.0,Physical Education,D
7789.0,Math,B
7789.0,Science,F
7789.0,History,F
7789.0,English,A
7789.0,Physical Education,B
7790.0,Math,F
7790.0,Science,D
7790.0,History,F
7790.0,English,C
7790.0,Physical Education,B
7791.0,Math,F
7791.0,Science,C
7791.0,History,C
7791.0,English,C
7791.0,Physical Education,A
7792.0,Math,B
7792.0,Science,D
7792.0,History,A
7792.0,English,D
7792.0,Physical Education,A
7793.0,Math,C
7793.0,Science,D
7793.0,History,B
7793.0,English,D
7793.0,Physical Education,A
7794.0,Math,D
7794.0,Science,D
7794.0,History,C
7794.0,English,A
7794.0,Physical Education,D
7795.0,Math,D
7795.0,Science,D
7795.0,History,D
7795.0,English,D
7795.0,Physical Education,A
7796.0,Math,B
7796.0,Science,B
7796.0,History,F
7796.0,English,F
7796.0,Physical Education,F
7797.0,Math,A
7797.0,Science,F
7797.0,History,A
7797.0,English,D
7797.0,Physical Education,B
7798.0,Math,B
7798.0,Science,A
7798.0,History,D
7798.0,English,C
7798.0,Physical Education,F
7799.0,Math,A
7799.0,Science,C
7799.0,History,A
7799.0,English,C
7799.0,Physical Education,C
7800.0,Math,A
7800.0,Science,B
7800.0,History,B
7800.0,English,F
7800.0,Physical Education,D
7801.0,Math,C
7801.0,Science,C
7801.0,History,C
7801.0,English,A
7801.0,Physical Education,A
7802.0,Math,B
7802.0,Science,F
7802.0,History,C
7802.0,English,B
7802.0,Physical Education,F
7803.0,Math,C
7803.0,Science,D
7803.0,History,F
7803.0,English,D
7803.0,Physical Education,F
7804.0,Math,C
7804.0,Science,C
7804.0,History,F
7804.0,English,F
7804.0,Physical Education,A
7805.0,Math,D
7805.0,Science,B
7805.0,History,D
7805.0,English,B
7805.0,Physical Education,F
7806.0,Math,D
7806.0,Science,B
7806.0,History,A
7806.0,English,C
7806.0,Physical Education,B
7807.0,Math,B
7807.0,Science,D
7807.0,History,A
7807.0,English,B
7807.0,Physical Education,A
7808.0,Math,C
7808.0,Science,B
7808.0,History,D
7808.0,English,B
7808.0,Physical Education,D
7809.0,Math,F
7809.0,Science,B
7809.0,History,F
7809.0,English,A
7809.0,Physical Education,F
7810.0,Math,B
7810.0,Science,B
7810.0,History,F
7810.0,English,A
7810.0,Physical Education,B
7811.0,Math,C
7811.0,Science,C
7811.0,History,F
7811.0,English,B
7811.0,Physical Education,A
7812.0,Math,C
7812.0,Science,C
7812.0,History,F
7812.0,English,A
7812.0,Physical Education,B
7813.0,Math,B
7813.0,Science,C
7813.0,History,C
7813.0,English,F
7813.0,Physical Education,A
7814.0,Math,D
7814.0,Science,A
7814.0,History,F
7814.0,English,D
7814.0,Physical Education,F
7815.0,Math,C
7815.0,Science,D
7815.0,History,D
7815.0,English,B
7815.0,Physical Education,F
7816.0,Math,B
7816.0,Science,C
7816.0,History,F
7816.0,English,D
7816.0,Physical Education,F
7817.0,Math,D
7817.0,Science,F
7817.0,History,C
7817.0,English,A
7817.0,Physical Education,C
7818.0,Math,F
7818.0,Science,B
7818.0,History,B
7818.0,English,C
7818.0,Physical Education,C
7819.0,Math,C
7819.0,Science,D
7819.0,History,F
7819.0,English,F
7819.0,Physical Education,B
7820.0,Math,B
7820.0,Science,B
7820.0,History,D
7820.0,English,A
7820.0,Physical Education,D
7821.0,Math,D
7821.0,Science,D
7821.0,History,D
7821.0,English,D
7821.0,Physical Education,A
7822.0,Math,D
7822.0,Science,D
7822.0,History,D
7822.0,English,A
7822.0,Physical Education,B
7823.0,Math,C
7823.0,Science,B
7823.0,History,B
7823.0,English,A
7823.0,Physical Education,B
7824.0,Math,F
7824.0,Science,A
7824.0,History,A
7824.0,English,A
7824.0,Physical Education,A
7825.0,Math,B
7825.0,Science,B
7825.0,History,D
7825.0,English,A
7825.0,Physical Education,A
7826.0,Math,D
7826.0,Science,F
7826.0,History,F
7826.0,English,D
7826.0,Physical Education,C
7827.0,Math,C
7827.0,Science,A
7827.0,History,C
7827.0,English,C
7827.0,Physical Education,A
7828.0,Math,F
7828.0,Science,B
7828.0,History,B
7828.0,English,B
7828.0,Physical Education,A
7829.0,Math,F
7829.0,Science,F
7829.0,History,A
7829.0,English,F
7829.0,Physical Education,B
7830.0,Math,A
7830.0,Science,A
7830.0,History,D
7830.0,English,A
7830.0,Physical Education,A
7831.0,Math,C
7831.0,Science,C
7831.0,History,C
7831.0,English,D
7831.0,Physical Education,F
7832.0,Math,F
7832.0,Science,C
7832.0,History,C
7832.0,English,D
7832.0,Physical Education,A
7833.0,Math,A
7833.0,Science,D
7833.0,History,D
7833.0,English,C
7833.0,Physical Education,A
7834.0,Math,C
7834.0,Science,B
7834.0,History,F
7834.0,English,D
7834.0,Physical Education,D
7835.0,Math,D
7835.0,Science,D
7835.0,History,F
7835.0,English,D
7835.0,Physical Education,F
7836.0,Math,B
7836.0,Science,C
7836.0,History,F
7836.0,English,D
7836.0,Physical Education,D
7837.0,Math,D
7837.0,Science,C
7837.0,History,F
7837.0,English,F
7837.0,Physical Education,A
7838.0,Math,B
7838.0,Science,B
7838.0,History,B
7838.0,English,C
7838.0,Physical Education,C
7839.0,Math,C
7839.0,Science,F
7839.0,History,A
7839.0,English,A
7839.0,Physical Education,A
7840.0,Math,A
7840.0,Science,F
7840.0,History,A
7840.0,English,C
7840.0,Physical Education,A
7841.0,Math,F
7841.0,Science,D
7841.0,History,C
7841.0,English,D
7841.0,Physical Education,D
7842.0,Math,D
7842.0,Science,D
7842.0,History,F
7842.0,English,A
7842.0,Physical Education,D
7843.0,Math,C
7843.0,Science,F
7843.0,History,C
7843.0,English,B
7843.0,Physical Education,A
7844.0,Math,F
7844.0,Science,F
7844.0,History,B
7844.0,English,D
7844.0,Physical Education,F
7845.0,Math,D
7845.0,Science,C
7845.0,History,B
7845.0,English,C
7845.0,Physical Education,B
7846.0,Math,D
7846.0,Science,B
7846.0,History,C
7846.0,English,D
7846.0,Physical Education,F
7847.0,Math,B
7847.0,Science,C
7847.0,History,B
7847.0,English,A
7847.0,Physical Education,B
7848.0,Math,F
7848.0,Science,A
7848.0,History,B
7848.0,English,A
7848.0,Physical Education,F
7849.0,Math,A
7849.0,Science,C
7849.0,History,B
7849.0,English,C
7849.0,Physical Education,D
7850.0,Math,C
7850.0,Science,C
7850.0,History,C
7850.0,English,F
7850.0,Physical Education,B
7851.0,Math,D
7851.0,Science,F
7851.0,History,A
7851.0,English,F
7851.0,Physical Education,D
7852.0,Math,A
7852.0,Science,C
7852.0,History,C
7852.0,English,F
7852.0,Physical Education,F
7853.0,Math,C
7853.0,Science,A
7853.0,History,D
7853.0,English,A
7853.0,Physical Education,A
7854.0,Math,A
7854.0,Science,B
7854.0,History,F
7854.0,English,A
7854.0,Physical Education,A
7855.0,Math,F
7855.0,Science,B
7855.0,History,D
7855.0,English,A
7855.0,Physical Education,F
7856.0,Math,A
7856.0,Science,F
7856.0,History,F
7856.0,English,B
7856.0,Physical Education,F
7857.0,Math,C
7857.0,Science,F
7857.0,History,A
7857.0,English,F
7857.0,Physical Education,B
7858.0,Math,B
7858.0,Science,F
7858.0,History,B
7858.0,English,C
7858.0,Physical Education,C
7859.0,Math,C
7859.0,Science,C
7859.0,History,C
7859.0,English,F
7859.0,Physical Education,A
7860.0,Math,C
7860.0,Science,B
7860.0,History,D
7860.0,English,C
7860.0,Physical Education,F
7861.0,Math,C
7861.0,Science,B
7861.0,History,B
7861.0,English,D
7861.0,Physical Education,C
7862.0,Math,F
7862.0,Science,A
7862.0,History,A
7862.0,English,D
7862.0,Physical Education,F
7863.0,Math,D
7863.0,Science,C
7863.0,History,B
7863.0,English,F
7863.0,Physical Education,F
7864.0,Math,A
7864.0,Science,F
7864.0,History,D
7864.0,English,A
7864.0,Physical Education,A
7865.0,Math,D
7865.0,Science,F
7865.0,History,A
7865.0,English,D
7865.0,Physical Education,C
7866.0,Math,D
7866.0,Science,A
7866.0,History,C
7866.0,English,F
7866.0,Physical Education,F
7867.0,Math,D
7867.0,Science,C
7867.0,History,F
7867.0,English,B
7867.0,Physical Education,D
7868.0,Math,B
7868.0,Science,D
7868.0,History,F
7868.0,English,F
7868.0,Physical Education,C
7869.0,Math,A
7869.0,Science,F
7869.0,History,C
7869.0,English,A
7869.0,Physical Education,F
7870.0,Math,B
7870.0,Science,F
7870.0,History,A
7870.0,English,B
7870.0,Physical Education,D
7871.0,Math,A
7871.0,Science,A
7871.0,History,F
7871.0,English,C
7871.0,Physical Education,F
7872.0,Math,A
7872.0,Science,D
7872.0,History,F
7872.0,English,C
7872.0,Physical Education,F
7873.0,Math,D
7873.0,Science,A
7873.0,History,A
7873.0,English,D
7873.0,Physical Education,B
7874.0,Math,B
7874.0,Science,C
7874.0,History,B
7874.0,English,D
7874.0,Physical Education,A
7875.0,Math,C
7875.0,Science,A
7875.0,History,B
7875.0,English,B
7875.0,Physical Education,B
7876.0,Math,A
7876.0,Science,B
7876.0,History,B
7876.0,English,A
7876.0,Physical Education,D
7877.0,Math,A
7877.0,Science,D
7877.0,History,F
7877.0,English,B
7877.0,Physical Education,D
7878.0,Math,B
7878.0,Science,F
7878.0,History,F
7878.0,English,B
7878.0,Physical Education,C
7879.0,Math,C
7879.0,Science,F
7879.0,History,A
7879.0,English,B
7879.0,Physical Education,D
7880.0,Math,B
7880.0,Science,D
7880.0,History,A
7880.0,English,B
7880.0,Physical Education,F
7881.0,Math,A
7881.0,Science,D
7881.0,History,F
7881.0,English,D
7881.0,Physical Education,A
7882.0,Math,D
7882.0,Science,A
7882.0,History,F
7882.0,English,B
7882.0,Physical Education,B
7883.0,Math,A
7883.0,Science,C
7883.0,History,B
7883.0,English,C
7883.0,Physical Education,A
7884.0,Math,D
7884.0,Science,C
7884.0,History,D
7884.0,English,F
7884.0,Physical Education,B
7885.0,Math,D
7885.0,Science,C
7885.0,History,B
7885.0,English,F
7885.0,Physical Education,A
7886.0,Math,B
7886.0,Science,B
7886.0,History,C
7886.0,English,C
7886.0,Physical Education,F
7887.0,Math,A
7887.0,Science,F
7887.0,History,A
7887.0,English,F
7887.0,Physical Education,D
7888.0,Math,D
7888.0,Science,B
7888.0,History,C
7888.0,English,C
7888.0,Physical Education,A
7889.0,Math,D
7889.0,Science,A
7889.0,History,D
7889.0,English,D
7889.0,Physical Education,F
7890.0,Math,F
7890.0,Science,A
7890.0,History,D
7890.0,English,F
7890.0,Physical Education,D
7891.0,Math,C
7891.0,Science,A
7891.0,History,C
7891.0,English,D
7891.0,Physical Education,B
7892.0,Math,F
7892.0,Science,B
7892.0,History,F
7892.0,English,B
7892.0,Physical Education,A
7893.0,Math,B
7893.0,Science,D
7893.0,History,F
7893.0,English,D
7893.0,Physical Education,C
7894.0,Math,D
7894.0,Science,D
7894.0,History,C
7894.0,English,C
7894.0,Physical Education,A
7895.0,Math,D
7895.0,Science,C
7895.0,History,F
7895.0,English,F
7895.0,Physical Education,D
7896.0,Math,D
7896.0,Science,D
7896.0,History,D
7896.0,English,D
7896.0,Physical Education,F
7897.0,Math,B
7897.0,Science,F
7897.0,History,F
7897.0,English,C
7897.0,Physical Education,F
7898.0,Math,B
7898.0,Science,C
7898.0,History,F
7898.0,English,C
7898.0,Physical Education,D
7899.0,Math,C
7899.0,Science,B
7899.0,History,C
7899.0,English,D
7899.0,Physical Education,B
7900.0,Math,C
7900.0,Science,A
7900.0,History,F
7900.0,English,D
7900.0,Physical Education,B
7901.0,Math,B
7901.0,Science,C
7901.0,History,C
7901.0,English,A
7901.0,Physical Education,B
7902.0,Math,F
7902.0,Science,A
7902.0,History,C
7902.0,English,C
7902.0,Physical Education,C
7903.0,Math,D
7903.0,Science,A
7903.0,History,B
7903.0,English,B
7903.0,Physical Education,B
7904.0,Math,C
7904.0,Science,A
7904.0,History,B
7904.0,English,F
7904.0,Physical Education,A
7905.0,Math,A
7905.0,Science,C
7905.0,History,C
7905.0,English,B
7905.0,Physical Education,A
7906.0,Math,D
7906.0,Science,D
7906.0,History,A
7906.0,English,B
7906.0,Physical Education,B
7907.0,Math,B
7907.0,Science,B
7907.0,History,A
7907.0,English,C
7907.0,Physical Education,B
7908.0,Math,D
7908.0,Science,A
7908.0,History,A
7908.0,English,B
7908.0,Physical Education,C
7909.0,Math,A
7909.0,Science,A
7909.0,History,B
7909.0,English,B
7909.0,Physical Education,F
7910.0,Math,F
7910.0,Science,D
7910.0,History,B
7910.0,English,F
7910.0,Physical Education,D
7911.0,Math,C
7911.0,Science,F
7911.0,History,B
7911.0,English,F
7911.0,Physical Education,A
7912.0,Math,A
7912.0,Science,C
7912.0,History,B
7912.0,English,C
7912.0,Physical Education,F
7913.0,Math,B
7913.0,Science,F
7913.0,History,F
7913.0,English,D
7913.0,Physical Education,A
7914.0,Math,C
7914.0,Science,D
7914.0,History,F
7914.0,English,D
7914.0,Physical Education,D
7915.0,Math,D
7915.0,Science,C
7915.0,History,C
7915.0,English,F
7915.0,Physical Education,B
7916.0,Math,C
7916.0,Science,C
7916.0,History,F
7916.0,English,C
7916.0,Physical Education,F
7917.0,Math,B
7917.0,Science,A
7917.0,History,F
7917.0,English,B
7917.0,Physical Education,D
7918.0,Math,B
7918.0,Science,D
7918.0,History,D
7918.0,English,A
7918.0,Physical Education,C
7919.0,Math,B
7919.0,Science,D
7919.0,History,D
7919.0,English,D
7919.0,Physical Education,C
7920.0,Math,A
7920.0,Science,A
7920.0,History,A
7920.0,English,C
7920.0,Physical Education,D
7921.0,Math,A
7921.0,Science,D
7921.0,History,F
7921.0,English,A
7921.0,Physical Education,B
7922.0,Math,C
7922.0,Science,B
7922.0,History,D
7922.0,English,A
7922.0,Physical Education,B
7923.0,Math,C
7923.0,Science,B
7923.0,History,D
7923.0,English,C
7923.0,Physical Education,A
7924.0,Math,C
7924.0,Science,D
7924.0,History,C
7924.0,English,A
7924.0,Physical Education,F
7925.0,Math,C
7925.0,Science,B
7925.0,History,A
7925.0,English,B
7925.0,Physical Education,F
7926.0,Math,A
7926.0,Science,B
7926.0,History,B
7926.0,English,A
7926.0,Physical Education,C
7927.0,Math,C
7927.0,Science,D
7927.0,History,F
7927.0,English,C
7927.0,Physical Education,D
7928.0,Math,D
7928.0,Science,C
7928.0,History,A
7928.0,English,A
7928.0,Physical Education,A
7929.0,Math,F
7929.0,Science,B
7929.0,History,C
7929.0,English,A
7929.0,Physical Education,A
7930.0,Math,B
7930.0,Science,F
7930.0,History,D
7930.0,English,A
7930.0,Physical Education,F
7931.0,Math,F
7931.0,Science,F
7931.0,History,F
7931.0,English,F
7931.0,Physical Education,B
7932.0,Math,F
7932.0,Science,D
7932.0,History,B
7932.0,English,B
7932.0,Physical Education,B
7933.0,Math,C
7933.0,Science,D
7933.0,History,B
7933.0,English,B
7933.0,Physical Education,D
7934.0,Math,A
7934.0,Science,B
7934.0,History,B
7934.0,English,A
7934.0,Physical Education,B
7935.0,Math,A
7935.0,Science,A
7935.0,History,F
7935.0,English,C
7935.0,Physical Education,B
7936.0,Math,B
7936.0,Science,C
7936.0,History,F
7936.0,English,C
7936.0,Physical Education,B
7937.0,Math,A
7937.0,Science,F
7937.0,History,A
7937.0,English,B
7937.0,Physical Education,A
7938.0,Math,A
7938.0,Science,F
7938.0,History,C
7938.0,English,D
7938.0,Physical Education,B
7939.0,Math,F
7939.0,Science,F
7939.0,History,D
7939.0,English,D
7939.0,Physical Education,D
7940.0,Math,F
7940.0,Science,D
7940.0,History,F
7940.0,English,F
7940.0,Physical Education,A
7941.0,Math,C
7941.0,Science,D
7941.0,History,D
7941.0,English,F
7941.0,Physical Education,D
7942.0,Math,D
7942.0,Science,A
7942.0,History,D
7942.0,English,A
7942.0,Physical Education,A
7943.0,Math,C
7943.0,Science,D
7943.0,History,A
7943.0,English,C
7943.0,Physical Education,D
7944.0,Math,B
7944.0,Science,F
7944.0,History,C
7944.0,English,D
7944.0,Physical Education,C
7945.0,Math,D
7945.0,Science,C
7945.0,History,D
7945.0,English,F
7945.0,Physical Education,C
7946.0,Math,B
7946.0,Science,B
7946.0,History,B
7946.0,English,C
7946.0,Physical Education,B
7947.0,Math,F
7947.0,Science,D
7947.0,History,C
7947.0,English,B
7947.0,Physical Education,F
7948.0,Math,C
7948.0,Science,D
7948.0,History,D
7948.0,English,A
7948.0,Physical Education,F
7949.0,Math,B
7949.0,Science,F
7949.0,History,B
7949.0,English,D
7949.0,Physical Education,C
7950.0,Math,B
7950.0,Science,F
7950.0,History,C
7950.0,English,D
7950.0,Physical Education,C
7951.0,Math,F
7951.0,Science,D
7951.0,History,C
7951.0,English,F
7951.0,Physical Education,A
7952.0,Math,F
7952.0,Science,B
7952.0,History,D
7952.0,English,C
7952.0,Physical Education,F
7953.0,Math,D
7953.0,Science,B
7953.0,History,B
7953.0,English,B
7953.0,Physical Education,B
7954.0,Math,A
7954.0,Science,D
7954.0,History,D
7954.0,English,B
7954.0,Physical Education,F
7955.0,Math,B
7955.0,Science,B
7955.0,History,F
7955.0,English,B
7955.0,Physical Education,F
7956.0,Math,C
7956.0,Science,B
7956.0,History,B
7956.0,English,B
7956.0,Physical Education,B
7957.0,Math,F
7957.0,Science,A
7957.0,History,F
7957.0,English,D
7957.0,Physical Education,B
7958.0,Math,D
7958.0,Science,F
7958.0,History,F
7958.0,English,C
7958.0,Physical Education,B
7959.0,Math,B
7959.0,Science,F
7959.0,History,B
7959.0,English,C
7959.0,Physical Education,F
7960.0,Math,B
7960.0,Science,B
7960.0,History,C
7960.0,English,D
7960.0,Physical Education,A
7961.0,Math,D
7961.0,Science,C
7961.0,History,D
7961.0,English,F
7961.0,Physical Education,F
7962.0,Math,C
7962.0,Science,A
7962.0,History,C
7962.0,English,F
7962.0,Physical Education,D
7963.0,Math,C
7963.0,Science,F
7963.0,History,C
7963.0,English,D
7963.0,Physical Education,C
7964.0,Math,F
7964.0,Science,C
7964.0,History,D
7964.0,English,A
7964.0,Physical Education,A
7965.0,Math,D
7965.0,Science,F
7965.0,History,B
7965.0,English,C
7965.0,Physical Education,B
7966.0,Math,F
7966.0,Science,B
7966.0,History,B
7966.0,English,B
7966.0,Physical Education,D
7967.0,Math,B
7967.0,Science,F
7967.0,History,A
7967.0,English,D
7967.0,Physical Education,D
7968.0,Math,A
7968.0,Science,C
7968.0,History,B
7968.0,English,A
7968.0,Physical Education,A
7969.0,Math,D
7969.0,Science,B
7969.0,History,F
7969.0,English,F
7969.0,Physical Education,A
7970.0,Math,C
7970.0,Science,A
7970.0,History,A
7970.0,English,D
7970.0,Physical Education,F
7971.0,Math,D
7971.0,Science,B
7971.0,History,F
7971.0,English,F
7971.0,Physical Education,C
7972.0,Math,D
7972.0,Science,D
7972.0,History,A
7972.0,English,D
7972.0,Physical Education,A
7973.0,Math,B
7973.0,Science,D
7973.0,History,B
7973.0,English,F
7973.0,Physical Education,F
7974.0,Math,F
7974.0,Science,B
7974.0,History,F
7974.0,English,F
7974.0,Physical Education,F
7975.0,Math,F
7975.0,Science,B
7975.0,History,D
7975.0,English,F
7975.0,Physical Education,B
7976.0,Math,A
7976.0,Science,C
7976.0,History,D
7976.0,English,C
7976.0,Physical Education,F
7977.0,Math,B
7977.0,Science,B
7977.0,History,F
7977.0,English,F
7977.0,Physical Education,A
7978.0,Math,A
7978.0,Science,D
7978.0,History,D
7978.0,English,B
7978.0,Physical Education,B
7979.0,Math,A
7979.0,Science,B
7979.0,History,C
7979.0,English,D
7979.0,Physical Education,A
7980.0,Math,F
7980.0,Science,F
7980.0,History,D
7980.0,English,B
7980.0,Physical Education,F
7981.0,Math,A
7981.0,Science,C
7981.0,History,A
7981.0,English,A
7981.0,Physical Education,F
7982.0,Math,F
7982.0,Science,C
7982.0,History,D
7982.0,English,A
7982.0,Physical Education,F
7983.0,Math,F
7983.0,Science,F
7983.0,History,B
7983.0,English,F
7983.0,Physical Education,A
7984.0,Math,C
7984.0,Science,D
7984.0,History,C
7984.0,English,C
7984.0,Physical Education,C
7985.0,Math,C
7985.0,Science,A
7985.0,History,B
7985.0,English,D
7985.0,Physical Education,C
7986.0,Math,C
7986.0,Science,D
7986.0,History,C
7986.0,English,D
7986.0,Physical Education,C
7987.0,Math,B
7987.0,Science,F
7987.0,History,C
7987.0,English,A
7987.0,Physical Education,F
7988.0,Math,F
7988.0,Science,D
7988.0,History,B
7988.0,English,B
7988.0,Physical Education,D
7989.0,Math,B
7989.0,Science,F
7989.0,History,C
7989.0,English,F
7989.0,Physical Education,F
7990.0,Math,F
7990.0,Science,B
7990.0,History,C
7990.0,English,B
7990.0,Physical Education,B
7991.0,Math,D
7991.0,Science,B
7991.0,History,C
7991.0,English,C
7991.0,Physical Education,B
7992.0,Math,F
7992.0,Science,D
7992.0,History,B
7992.0,English,C
7992.0,Physical Education,D
7993.0,Math,C
7993.0,Science,C
7993.0,History,F
7993.0,English,C
7993.0,Physical Education,A
7994.0,Math,C
7994.0,Science,A
7994.0,History,A
7994.0,English,A
7994.0,Physical Education,A
7995.0,Math,F
7995.0,Science,A
7995.0,History,D
7995.0,English,C
7995.0,Physical Education,A
7996.0,Math,B
7996.0,Science,B
7996.0,History,B
7996.0,English,C
7996.0,Physical Education,D
7997.0,Math,F
7997.0,Science,D
7997.0,History,F
7997.0,English,A
7997.0,Physical Education,F
7998.0,Math,A
7998.0,Science,C
7998.0,History,A
7998.0,English,B
7998.0,Physical Education,D
7999.0,Math,F
7999.0,Science,A
7999.0,History,A
7999.0,English,F
7999.0,Physical Education,A
8000.0,Math,A
8000.0,Science,A
8000.0,History,C
8000.0,English,B
8000.0,Physical Education,C
8001.0,Math,C
8001.0,Science,A
8001.0,History,A
8001.0,English,A
8001.0,Physical Education,D
8002.0,Math,F
8002.0,Science,C
8002.0,History,F
8002.0,English,F
8002.0,Physical Education,B
8003.0,Math,B
8003.0,Science,B
8003.0,History,B
8003.0,English,A
8003.0,Physical Education,A
8004.0,Math,D
8004.0,Science,B
8004.0,History,A
8004.0,English,A
8004.0,Physical Education,F
8005.0,Math,A
8005.0,Science,F
8005.0,History,D
8005.0,English,C
8005.0,Physical Education,D
8006.0,Math,A
8006.0,Science,B
8006.0,History,C
8006.0,English,B
8006.0,Physical Education,C
8007.0,Math,C
8007.0,Science,F
8007.0,History,F
8007.0,English,F
8007.0,Physical Education,C
8008.0,Math,D
8008.0,Science,B
8008.0,History,B
8008.0,English,A
8008.0,Physical Education,B
8009.0,Math,B
8009.0,Science,D
8009.0,History,A
8009.0,English,C
8009.0,Physical Education,B
8010.0,Math,D
8010.0,Science,C
8010.0,History,D
8010.0,English,C
8010.0,Physical Education,F
8011.0,Math,D
8011.0,Science,F
8011.0,History,F
8011.0,English,C
8011.0,Physical Education,D
8012.0,Math,F
8012.0,Science,A
8012.0,History,D
8012.0,English,C
8012.0,Physical Education,C
8013.0,Math,F
8013.0,Science,F
8013.0,History,A
8013.0,English,F
8013.0,Physical Education,F
8014.0,Math,B
8014.0,Science,A
8014.0,History,A
8014.0,English,C
8014.0,Physical Education,B
8015.0,Math,B
8015.0,Science,B
8015.0,History,B
8015.0,English,D
8015.0,Physical Education,C
8016.0,Math,F
8016.0,Science,F
8016.0,History,A
8016.0,English,D
8016.0,Physical Education,D
8017.0,Math,C
8017.0,Science,F
8017.0,History,B
8017.0,English,A
8017.0,Physical Education,D
8018.0,Math,D
8018.0,Science,D
8018.0,History,D
8018.0,English,A
8018.0,Physical Education,C
8019.0,Math,B
8019.0,Science,B
8019.0,History,D
8019.0,English,D
8019.0,Physical Education,A
8020.0,Math,C
8020.0,Science,A
8020.0,History,B
8020.0,English,C
8020.0,Physical Education,B
8021.0,Math,A
8021.0,Science,D
8021.0,History,D
8021.0,English,C
8021.0,Physical Education,D
8022.0,Math,A
8022.0,Science,F
8022.0,History,A
8022.0,English,A
8022.0,Physical Education,B
8023.0,Math,A
8023.0,Science,D
8023.0,History,F
8023.0,English,F
8023.0,Physical Education,D
8024.0,Math,D
8024.0,Science,D
8024.0,History,B
8024.0,English,C
8024.0,Physical Education,A
8025.0,Math,A
8025.0,Science,A
8025.0,History,C
8025.0,English,B
8025.0,Physical Education,D
8026.0,Math,B
8026.0,Science,A
8026.0,History,A
8026.0,English,D
8026.0,Physical Education,B
8027.0,Math,A
8027.0,Science,C
8027.0,History,F
8027.0,English,C
8027.0,Physical Education,D
8028.0,Math,A
8028.0,Science,D
8028.0,History,B
8028.0,English,F
8028.0,Physical Education,C
8029.0,Math,D
8029.0,Science,B
8029.0,History,F
8029.0,English,F
8029.0,Physical Education,C
8030.0,Math,B
8030.0,Science,C
8030.0,History,C
8030.0,English,F
8030.0,Physical Education,D
8031.0,Math,A
8031.0,Science,D
8031.0,History,B
8031.0,English,C
8031.0,Physical Education,A
8032.0,Math,B
8032.0,Science,C
8032.0,History,B
8032.0,English,F
8032.0,Physical Education,C
8033.0,Math,F
8033.0,Science,D
8033.0,History,A
8033.0,English,A
8033.0,Physical Education,B
8034.0,Math,D
8034.0,Science,C
8034.0,History,C
8034.0,English,C
8034.0,Physical Education,A
8035.0,Math,F
8035.0,Science,D
8035.0,History,F
8035.0,English,F
8035.0,Physical Education,C
8036.0,Math,C
8036.0,Science,F
8036.0,History,F
8036.0,English,B
8036.0,Physical Education,A
8037.0,Math,C
8037.0,Science,C
8037.0,History,F
8037.0,English,D
8037.0,Physical Education,D
8038.0,Math,B
8038.0,Science,C
8038.0,History,C
8038.0,English,F
8038.0,Physical Education,F
8039.0,Math,F
8039.0,Science,A
8039.0,History,F
8039.0,English,F
8039.0,Physical Education,B
8040.0,Math,D
8040.0,Science,F
8040.0,History,F
8040.0,English,C
8040.0,Physical Education,D
8041.0,Math,D
8041.0,Science,F
8041.0,History,F
8041.0,English,B
8041.0,Physical Education,F
8042.0,Math,C
8042.0,Science,D
8042.0,History,B
8042.0,English,C
8042.0,Physical Education,C
8043.0,Math,F
8043.0,Science,B
8043.0,History,A
8043.0,English,F
8043.0,Physical Education,B
8044.0,Math,F
8044.0,Science,A
8044.0,History,A
8044.0,English,D
8044.0,Physical Education,F
8045.0,Math,C
8045.0,Science,C
8045.0,History,F
8045.0,English,A
8045.0,Physical Education,C
8046.0,Math,B
8046.0,Science,D
8046.0,History,D
8046.0,English,A
8046.0,Physical Education,A
8047.0,Math,C
8047.0,Science,A
8047.0,History,A
8047.0,English,C
8047.0,Physical Education,B
8048.0,Math,A
8048.0,Science,B
8048.0,History,B
8048.0,English,D
8048.0,Physical Education,D
8049.0,Math,C
8049.0,Science,C
8049.0,History,F
8049.0,English,C
8049.0,Physical Education,F
8050.0,Math,B
8050.0,Science,F
8050.0,History,C
8050.0,English,A
8050.0,Physical Education,B
8051.0,Math,B
8051.0,Science,F
8051.0,History,A
8051.0,English,D
8051.0,Physical Education,F
8052.0,Math,B
8052.0,Science,A
8052.0,History,A
8052.0,English,C
8052.0,Physical Education,D
8053.0,Math,F
8053.0,Science,B
8053.0,History,B
8053.0,English,A
8053.0,Physical Education,F
8054.0,Math,A
8054.0,Science,A
8054.0,History,A
8054.0,English,A
8054.0,Physical Education,C
8055.0,Math,F
8055.0,Science,B
8055.0,History,C
8055.0,English,D
8055.0,Physical Education,C
8056.0,Math,C
8056.0,Science,D
8056.0,History,D
8056.0,English,B
8056.0,Physical Education,A
8057.0,Math,B
8057.0,Science,A
8057.0,History,B
8057.0,English,D
8057.0,Physical Education,B
8058.0,Math,B
8058.0,Science,C
8058.0,History,D
8058.0,English,B
8058.0,Physical Education,F
8059.0,Math,C
8059.0,Science,D
8059.0,History,F
8059.0,English,D
8059.0,Physical Education,F
8060.0,Math,C
8060.0,Science,D
8060.0,History,D
8060.0,English,F
8060.0,Physical Education,F
8061.0,Math,C
8061.0,Science,B
8061.0,History,F
8061.0,English,D
8061.0,Physical Education,D
8062.0,Math,D
8062.0,Science,F
8062.0,History,C
8062.0,English,C
8062.0,Physical Education,A
8063.0,Math,D
8063.0,Science,F
8063.0,History,B
8063.0,English,B
8063.0,Physical Education,D
8064.0,Math,B
8064.0,Science,B
8064.0,History,C
8064.0,English,B
8064.0,Physical Education,F
8065.0,Math,B
8065.0,Science,A
8065.0,History,C
8065.0,English,F
8065.0,Physical Education,A
8066.0,Math,F
8066.0,Science,A
8066.0,History,B
8066.0,English,A
8066.0,Physical Education,D
8067.0,Math,C
8067.0,Science,C
8067.0,History,B
8067.0,English,D
8067.0,Physical Education,C
8068.0,Math,A
8068.0,Science,F
8068.0,History,F
8068.0,English,D
8068.0,Physical Education,B
8069.0,Math,B
8069.0,Science,F
8069.0,History,C
8069.0,English,D
8069.0,Physical Education,F
8070.0,Math,D
8070.0,Science,B
8070.0,History,A
8070.0,English,A
8070.0,Physical Education,F
8071.0,Math,F
8071.0,Science,A
8071.0,History,D
8071.0,English,D
8071.0,Physical Education,A
8072.0,Math,D
8072.0,Science,D
8072.0,History,B
8072.0,English,A
8072.0,Physical Education,A
8073.0,Math,D
8073.0,Science,F
8073.0,History,A
8073.0,English,C
8073.0,Physical Education,D
8074.0,Math,A
8074.0,Science,C
8074.0,History,F
8074.0,English,B
8074.0,Physical Education,D
8075.0,Math,D
8075.0,Science,D
8075.0,History,C
8075.0,English,F
8075.0,Physical Education,C
8076.0,Math,B
8076.0,Science,D
8076.0,History,F
8076.0,English,C
8076.0,Physical Education,C
8077.0,Math,F
8077.0,Science,B
8077.0,History,C
8077.0,English,F
8077.0,Physical Education,B
8078.0,Math,D
8078.0,Science,F
8078.0,History,F
8078.0,English,F
8078.0,Physical Education,D
8079.0,Math,B
8079.0,Science,F
8079.0,History,B
8079.0,English,B
8079.0,Physical Education,A
8080.0,Math,D
8080.0,Science,B
8080.0,History,D
8080.0,English,B
8080.0,Physical Education,F
8081.0,Math,F
8081.0,Science,F
8081.0,History,B
8081.0,English,C
8081.0,Physical Education,C
8082.0,Math,F
8082.0,Science,B
8082.0,History,A
8082.0,English,B
8082.0,Physical Education,C
8083.0,Math,C
8083.0,Science,B
8083.0,History,A
8083.0,English,B
8083.0,Physical Education,B
8084.0,Math,D
8084.0,Science,B
8084.0,History,B
8084.0,English,A
8084.0,Physical Education,C
8085.0,Math,B
8085.0,Science,A
8085.0,History,B
8085.0,English,D
8085.0,Physical Education,F
8086.0,Math,A
8086.0,Science,D
8086.0,History,F
8086.0,English,C
8086.0,Physical Education,B
8087.0,Math,C
8087.0,Science,D
8087.0,History,A
8087.0,English,F
8087.0,Physical Education,B
8088.0,Math,F
8088.0,Science,B
8088.0,History,B
8088.0,English,B
8088.0,Physical Education,D
8089.0,Math,D
8089.0,Science,A
8089.0,History,A
8089.0,English,A
8089.0,Physical Education,A
8090.0,Math,F
8090.0,Science,D
8090.0,History,D
8090.0,English,B
8090.0,Physical Education,C
8091.0,Math,A
8091.0,Science,A
8091.0,History,F
8091.0,English,B
8091.0,Physical Education,B
8092.0,Math,B
8092.0,Science,A
8092.0,History,A
8092.0,English,F
8092.0,Physical Education,A
8093.0,Math,D
8093.0,Science,D
8093.0,History,C
8093.0,English,D
8093.0,Physical Education,D
8094.0,Math,C
8094.0,Science,C
8094.0,History,D
8094.0,English,F
8094.0,Physical Education,C
8095.0,Math,D
8095.0,Science,F
8095.0,History,D
8095.0,English,D
8095.0,Physical Education,F
8096.0,Math,F
8096.0,Science,F
8096.0,History,F
8096.0,English,D
8096.0,Physical Education,D
8097.0,Math,B
8097.0,Science,B
8097.0,History,B
8097.0,English,C
8097.0,Physical Education,A
8098.0,Math,B
8098.0,Science,A
8098.0,History,A
8098.0,English,B
8098.0,Physical Education,F
8099.0,Math,A
8099.0,Science,D
8099.0,History,C
8099.0,English,B
8099.0,Physical Education,B
8100.0,Math,D
8100.0,Science,F
8100.0,History,F
8100.0,English,C
8100.0,Physical Education,C
8101.0,Math,B
8101.0,Science,C
8101.0,History,A
8101.0,English,A
8101.0,Physical Education,D
8102.0,Math,D
8102.0,Science,B
8102.0,History,A
8102.0,English,B
8102.0,Physical Education,D
8103.0,Math,C
8103.0,Science,B
8103.0,History,F
8103.0,English,B
8103.0,Physical Education,D
8104.0,Math,A
8104.0,Science,B
8104.0,History,D
8104.0,English,A
8104.0,Physical Education,B
8105.0,Math,F
8105.0,Science,F
8105.0,History,B
8105.0,English,C
8105.0,Physical Education,F
8106.0,Math,F
8106.0,Science,C
8106.0,History,F
8106.0,English,A
8106.0,Physical Education,A
8107.0,Math,D
8107.0,Science,A
8107.0,History,A
8107.0,English,D
8107.0,Physical Education,B
8108.0,Math,A
8108.0,Science,F
8108.0,History,F
8108.0,English,F
8108.0,Physical Education,D
8109.0,Math,D
8109.0,Science,A
8109.0,History,C
8109.0,English,C
8109.0,Physical Education,C
8110.0,Math,F
8110.0,Science,C
8110.0,History,B
8110.0,English,A
8110.0,Physical Education,A
8111.0,Math,C
8111.0,Science,D
8111.0,History,B
8111.0,English,A
8111.0,Physical Education,D
8112.0,Math,F
8112.0,Science,C
8112.0,History,C
8112.0,English,D
8112.0,Physical Education,C
8113.0,Math,F
8113.0,Science,F
8113.0,History,C
8113.0,English,B
8113.0,Physical Education,F
8114.0,Math,B
8114.0,Science,A
8114.0,History,B
8114.0,English,A
8114.0,Physical Education,C
8115.0,Math,B
8115.0,Science,B
8115.0,History,D
8115.0,English,C
8115.0,Physical Education,C
8116.0,Math,B
8116.0,Science,F
8116.0,History,A
8116.0,English,A
8116.0,Physical Education,B
8117.0,Math,B
8117.0,Science,B
8117.0,History,D
8117.0,English,D
8117.0,Physical Education,C
8118.0,Math,B
8118.0,Science,C
8118.0,History,F
8118.0,English,D
8118.0,Physical Education,B
8119.0,Math,D
8119.0,Science,B
8119.0,History,B
8119.0,English,F
8119.0,Physical Education,C
8120.0,Math,B
8120.0,Science,D
8120.0,History,A
8120.0,English,F
8120.0,Physical Education,F
8121.0,Math,A
8121.0,Science,B
8121.0,History,A
8121.0,English,A
8121.0,Physical Education,A
8122.0,Math,C
8122.0,Science,B
8122.0,History,D
8122.0,English,B
8122.0,Physical Education,C
8123.0,Math,B
8123.0,Science,A
8123.0,History,C
8123.0,English,A
8123.0,Physical Education,A
8124.0,Math,F
8124.0,Science,C
8124.0,History,D
8124.0,English,D
8124.0,Physical Education,A
8125.0,Math,A
8125.0,Science,D
8125.0,History,A
8125.0,English,F
8125.0,Physical Education,A
8126.0,Math,B
8126.0,Science,B
8126.0,History,C
8126.0,English,A
8126.0,Physical Education,F
8127.0,Math,B
8127.0,Science,C
8127.0,History,D
8127.0,English,B
8127.0,Physical Education,C
8128.0,Math,B
8128.0,Science,D
8128.0,History,B
8128.0,English,B
8128.0,Physical Education,A
8129.0,Math,A
8129.0,Science,C
8129.0,History,C
8129.0,English,A
8129.0,Physical Education,A
8130.0,Math,F
8130.0,Science,D
8130.0,History,B
8130.0,English,A
8130.0,Physical Education,F
8131.0,Math,C
8131.0,Science,D
8131.0,History,D
8131.0,English,B
8131.0,Physical Education,D
8132.0,Math,A
8132.0,Science,C
8132.0,History,A
8132.0,English,C
8132.0,Physical Education,A
8133.0,Math,C
8133.0,Science,F
8133.0,History,F
8133.0,English,B
8133.0,Physical Education,A
8134.0,Math,F
8134.0,Science,F
8134.0,History,A
8134.0,English,F
8134.0,Physical Education,F
8135.0,Math,D
8135.0,Science,B
8135.0,History,C
8135.0,English,A
8135.0,Physical Education,C
8136.0,Math,C
8136.0,Science,A
8136.0,History,F
8136.0,English,C
8136.0,Physical Education,B
8137.0,Math,B
8137.0,Science,F
8137.0,History,D
8137.0,English,C
8137.0,Physical Education,D
8138.0,Math,F
8138.0,Science,A
8138.0,History,C
8138.0,English,F
8138.0,Physical Education,A
8139.0,Math,B
8139.0,Science,B
8139.0,History,B
8139.0,English,F
8139.0,Physical Education,C
8140.0,Math,B
8140.0,Science,B
8140.0,History,C
8140.0,English,C
8140.0,Physical Education,C
8141.0,Math,A
8141.0,Science,A
8141.0,History,F
8141.0,English,B
8141.0,Physical Education,B
8142.0,Math,F
8142.0,Science,C
8142.0,History,D
8142.0,English,D
8142.0,Physical Education,F
8143.0,Math,D
8143.0,Science,D
8143.0,History,F
8143.0,English,C
8143.0,Physical Education,A
8144.0,Math,A
8144.0,Science,D
8144.0,History,A
8144.0,English,B
8144.0,Physical Education,F
8145.0,Math,B
8145.0,Science,C
8145.0,History,F
8145.0,English,B
8145.0,Physical Education,B
8146.0,Math,F
8146.0,Science,D
8146.0,History,F
8146.0,English,D
8146.0,Physical Education,C
8147.0,Math,C
8147.0,Science,F
8147.0,History,C
8147.0,English,B
8147.0,Physical Education,A
8148.0,Math,F
8148.0,Science,C
8148.0,History,F
8148.0,English,B
8148.0,Physical Education,D
8149.0,Math,A
8149.0,Science,F
8149.0,History,A
8149.0,English,C
8149.0,Physical Education,F
8150.0,Math,D
8150.0,Science,B
8150.0,History,B
8150.0,English,C
8150.0,Physical Education,B
8151.0,Math,C
8151.0,Science,C
8151.0,History,F
8151.0,English,A
8151.0,Physical Education,F
8152.0,Math,C
8152.0,Science,F
8152.0,History,A
8152.0,English,F
8152.0,Physical Education,F
8153.0,Math,F
8153.0,Science,F
8153.0,History,D
8153.0,English,C
8153.0,Physical Education,B
8154.0,Math,B
8154.0,Science,A
8154.0,History,D
8154.0,English,C
8154.0,Physical Education,B
8155.0,Math,C
8155.0,Science,D
8155.0,History,B
8155.0,English,F
8155.0,Physical Education,D
8156.0,Math,F
8156.0,Science,B
8156.0,History,B
8156.0,English,F
8156.0,Physical Education,C
8157.0,Math,C
8157.0,Science,F
8157.0,History,A
8157.0,English,A
8157.0,Physical Education,B
8158.0,Math,D
8158.0,Science,A
8158.0,History,C
8158.0,English,F
8158.0,Physical Education,D
8159.0,Math,A
8159.0,Science,D
8159.0,History,A
8159.0,English,D
8159.0,Physical Education,D
8160.0,Math,C
8160.0,Science,C
8160.0,History,C
8160.0,English,C
8160.0,Physical Education,A
8161.0,Math,D
8161.0,Science,B
8161.0,History,A
8161.0,English,B
8161.0,Physical Education,C
8162.0,Math,D
8162.0,Science,B
8162.0,History,D
8162.0,English,A
8162.0,Physical Education,D
8163.0,Math,B
8163.0,Science,D
8163.0,History,F
8163.0,English,A
8163.0,Physical Education,F
8164.0,Math,A
8164.0,Science,C
8164.0,History,D
8164.0,English,D
8164.0,Physical Education,D
8165.0,Math,A
8165.0,Science,D
8165.0,History,A
8165.0,English,F
8165.0,Physical Education,D
8166.0,Math,B
8166.0,Science,F
8166.0,History,B
8166.0,English,B
8166.0,Physical Education,F
8167.0,Math,F
8167.0,Science,F
8167.0,History,C
8167.0,English,B
8167.0,Physical Education,A
8168.0,Math,B
8168.0,Science,F
8168.0,History,D
8168.0,English,F
8168.0,Physical Education,C
8169.0,Math,A
8169.0,Science,C
8169.0,History,A
8169.0,English,C
8169.0,Physical Education,D
8170.0,Math,C
8170.0,Science,D
8170.0,History,F
8170.0,English,F
8170.0,Physical Education,D
8171.0,Math,D
8171.0,Science,B
8171.0,History,F
8171.0,English,C
8171.0,Physical Education,C
8172.0,Math,B
8172.0,Science,C
8172.0,History,D
8172.0,English,F
8172.0,Physical Education,A
8173.0,Math,A
8173.0,Science,A
8173.0,History,C
8173.0,English,C
8173.0,Physical Education,B
8174.0,Math,F
8174.0,Science,D
8174.0,History,F
8174.0,English,D
8174.0,Physical Education,C
8175.0,Math,B
8175.0,Science,B
8175.0,History,C
8175.0,English,A
8175.0,Physical Education,A
8176.0,Math,F
8176.0,Science,D
8176.0,History,F
8176.0,English,C
8176.0,Physical Education,D
8177.0,Math,D
8177.0,Science,F
8177.0,History,D
8177.0,English,C
8177.0,Physical Education,F
8178.0,Math,F
8178.0,Science,A
8178.0,History,A
8178.0,English,F
8178.0,Physical Education,A
8179.0,Math,C
8179.0,Science,B
8179.0,History,A
8179.0,English,C
8179.0,Physical Education,A
8180.0,Math,B
8180.0,Science,D
8180.0,History,F
8180.0,English,D
8180.0,Physical Education,C
8181.0,Math,C
8181.0,Science,A
8181.0,History,F
8181.0,English,F
8181.0,Physical Education,F
8182.0,Math,D
8182.0,Science,A
8182.0,History,D
8182.0,English,F
8182.0,Physical Education,B
8183.0,Math,C
8183.0,Science,C
8183.0,History,F
8183.0,English,A
8183.0,Physical Education,A
8184.0,Math,C
8184.0,Science,A
8184.0,History,F
8184.0,English,B
8184.0,Physical Education,C
8185.0,Math,F
8185.0,Science,F
8185.0,History,C
8185.0,English,D
8185.0,Physical Education,B
8186.0,Math,A
8186.0,Science,A
8186.0,History,B
8186.0,English,D
8186.0,Physical Education,A
8187.0,Math,B
8187.0,Science,D
8187.0,History,F
8187.0,English,C
8187.0,Physical Education,B
8188.0,Math,F
8188.0,Science,C
8188.0,History,B
8188.0,English,A
8188.0,Physical Education,F
8189.0,Math,A
8189.0,Science,B
8189.0,History,B
8189.0,English,C
8189.0,Physical Education,D
8190.0,Math,B
8190.0,Science,C
8190.0,History,A
8190.0,English,A
8190.0,Physical Education,C
8191.0,Math,B
8191.0,Science,B
8191.0,History,D
8191.0,English,D
8191.0,Physical Education,D
8192.0,Math,C
8192.0,Science,B
8192.0,History,A
8192.0,English,A
8192.0,Physical Education,F
8193.0,Math,D
8193.0,Science,F
8193.0,History,A
8193.0,English,B
8193.0,Physical Education,F
8194.0,Math,D
8194.0,Science,C
8194.0,History,A
8194.0,English,F
8194.0,Physical Education,D
8195.0,Math,F
8195.0,Science,B
8195.0,History,B
8195.0,English,F
8195.0,Physical Education,D
8196.0,Math,F
8196.0,Science,C
8196.0,History,B
8196.0,English,F
8196.0,Physical Education,D
8197.0,Math,A
8197.0,Science,F
8197.0,History,D
8197.0,English,F
8197.0,Physical Education,C
8198.0,Math,B
8198.0,Science,B
8198.0,History,C
8198.0,English,A
8198.0,Physical Education,C
8199.0,Math,F
8199.0,Science,B
8199.0,History,B
8199.0,English,F
8199.0,Physical Education,F
8200.0,Math,D
8200.0,Science,F
8200.0,History,B
8200.0,English,D
8200.0,Physical Education,F
8201.0,Math,D
8201.0,Science,B
8201.0,History,C
8201.0,English,C
8201.0,Physical Education,A
8202.0,Math,B
8202.0,Science,D
8202.0,History,F
8202.0,English,B
8202.0,Physical Education,D
8203.0,Math,C
8203.0,Science,A
8203.0,History,B
8203.0,English,C
8203.0,Physical Education,A
8204.0,Math,F
8204.0,Science,A
8204.0,History,B
8204.0,English,D
8204.0,Physical Education,A
8205.0,Math,F
8205.0,Science,D
8205.0,History,A
8205.0,English,F
8205.0,Physical Education,B
8206.0,Math,D
8206.0,Science,B
8206.0,History,D
8206.0,English,D
8206.0,Physical Education,C
8207.0,Math,B
8207.0,Science,A
8207.0,History,A
8207.0,English,D
8207.0,Physical Education,C
8208.0,Math,C
8208.0,Science,B
8208.0,History,D
8208.0,English,D
8208.0,Physical Education,C
8209.0,Math,A
8209.0,Science,F
8209.0,History,B
8209.0,English,C
8209.0,Physical Education,B
8210.0,Math,A
8210.0,Science,C
8210.0,History,F
8210.0,English,B
8210.0,Physical Education,C
8211.0,Math,B
8211.0,Science,B
8211.0,History,B
8211.0,English,F
8211.0,Physical Education,F
8212.0,Math,C
8212.0,Science,C
8212.0,History,C
8212.0,English,C
8212.0,Physical Education,A
8213.0,Math,D
8213.0,Science,B
8213.0,History,D
8213.0,English,A
8213.0,Physical Education,F
8214.0,Math,B
8214.0,Science,A
8214.0,History,A
8214.0,English,B
8214.0,Physical Education,B
8215.0,Math,D
8215.0,Science,B
8215.0,History,C
8215.0,English,C
8215.0,Physical Education,C
8216.0,Math,F
8216.0,Science,D
8216.0,History,B
8216.0,English,D
8216.0,Physical Education,B
8217.0,Math,C
8217.0,Science,D
8217.0,History,D
8217.0,English,A
8217.0,Physical Education,C
8218.0,Math,D
8218.0,Science,F
8218.0,History,A
8218.0,English,B
8218.0,Physical Education,F
8219.0,Math,A
8219.0,Science,F
8219.0,History,C
8219.0,English,B
8219.0,Physical Education,D
8220.0,Math,B
8220.0,Science,B
8220.0,History,D
8220.0,English,B
8220.0,Physical Education,F
8221.0,Math,A
8221.0,Science,C
8221.0,History,B
8221.0,English,C
8221.0,Physical Education,A
8222.0,Math,A
8222.0,Science,C
8222.0,History,A
8222.0,English,B
8222.0,Physical Education,D
8223.0,Math,B
8223.0,Science,C
8223.0,History,B
8223.0,English,F
8223.0,Physical Education,D
8224.0,Math,A
8224.0,Science,C
8224.0,History,A
8224.0,English,B
8224.0,Physical Education,D
8225.0,Math,C
8225.0,Science,D
8225.0,History,B
8225.0,English,A
8225.0,Physical Education,C
8226.0,Math,D
8226.0,Science,B
8226.0,History,B
8226.0,English,D
8226.0,Physical Education,B
8227.0,Math,F
8227.0,Science,D
8227.0,History,C
8227.0,English,D
8227.0,Physical Education,A
8228.0,Math,B
8228.0,Science,A
8228.0,History,C
8228.0,English,A
8228.0,Physical Education,F
8229.0,Math,D
8229.0,Science,D
8229.0,History,B
8229.0,English,C
8229.0,Physical Education,C
8230.0,Math,C
8230.0,Science,D
8230.0,History,F
8230.0,English,A
8230.0,Physical Education,B
8231.0,Math,B
8231.0,Science,F
8231.0,History,A
8231.0,English,D
8231.0,Physical Education,D
8232.0,Math,C
8232.0,Science,B
8232.0,History,C
8232.0,English,F
8232.0,Physical Education,C
8233.0,Math,D
8233.0,Science,D
8233.0,History,C
8233.0,English,C
8233.0,Physical Education,B
8234.0,Math,C
8234.0,Science,B
8234.0,History,D
8234.0,English,C
8234.0,Physical Education,B
8235.0,Math,C
8235.0,Science,C
8235.0,History,B
8235.0,English,D
8235.0,Physical Education,D
8236.0,Math,C
8236.0,Science,B
8236.0,History,C
8236.0,English,F
8236.0,Physical Education,A
8237.0,Math,F
8237.0,Science,F
8237.0,History,C
8237.0,English,F
8237.0,Physical Education,C
8238.0,Math,A
8238.0,Science,A
8238.0,History,B
8238.0,English,A
8238.0,Physical Education,A
8239.0,Math,D
8239.0,Science,B
8239.0,History,C
8239.0,English,D
8239.0,Physical Education,D
8240.0,Math,B
8240.0,Science,B
8240.0,History,F
8240.0,English,D
8240.0,Physical Education,F
8241.0,Math,B
8241.0,Science,C
8241.0,History,C
8241.0,English,A
8241.0,Physical Education,A
8242.0,Math,D
8242.0,Science,A
8242.0,History,A
8242.0,English,A
8242.0,Physical Education,C
8243.0,Math,D
8243.0,Science,A
8243.0,History,C
8243.0,English,A
8243.0,Physical Education,F
8244.0,Math,F
8244.0,Science,C
8244.0,History,C
8244.0,English,F
8244.0,Physical Education,D
8245.0,Math,B
8245.0,Science,B
8245.0,History,D
8245.0,English,D
8245.0,Physical Education,D
8246.0,Math,F
8246.0,Science,A
8246.0,History,F
8246.0,English,D
8246.0,Physical Education,F
8247.0,Math,A
8247.0,Science,C
8247.0,History,B
8247.0,English,A
8247.0,Physical Education,C
8248.0,Math,B
8248.0,Science,D
8248.0,History,F
8248.0,English,F
8248.0,Physical Education,B
8249.0,Math,F
8249.0,Science,F
8249.0,History,B
8249.0,English,C
8249.0,Physical Education,C
8250.0,Math,D
8250.0,Science,C
8250.0,History,A
8250.0,English,F
8250.0,Physical Education,A
8251.0,Math,B
8251.0,Science,F
8251.0,History,C
8251.0,English,D
8251.0,Physical Education,C
8252.0,Math,A
8252.0,Science,A
8252.0,History,F
8252.0,English,A
8252.0,Physical Education,C
8253.0,Math,F
8253.0,Science,A
8253.0,History,F
8253.0,English,D
8253.0,Physical Education,A
8254.0,Math,F
8254.0,Science,B
8254.0,History,C
8254.0,English,D
8254.0,Physical Education,A
8255.0,Math,A
8255.0,Science,C
8255.0,History,D
8255.0,English,D
8255.0,Physical Education,A
8256.0,Math,A
8256.0,Science,C
8256.0,History,C
8256.0,English,D
8256.0,Physical Education,C
8257.0,Math,D
8257.0,Science,C
8257.0,History,B
8257.0,English,A
8257.0,Physical Education,F
8258.0,Math,C
8258.0,Science,F
8258.0,History,A
8258.0,English,A
8258.0,Physical Education,A
8259.0,Math,C
8259.0,Science,B
8259.0,History,C
8259.0,English,F
8259.0,Physical Education,D
8260.0,Math,B
8260.0,Science,A
8260.0,History,D
8260.0,English,A
8260.0,Physical Education,A
8261.0,Math,D
8261.0,Science,B
8261.0,History,C
8261.0,English,C
8261.0,Physical Education,A
8262.0,Math,F
8262.0,Science,D
8262.0,History,B
8262.0,English,B
8262.0,Physical Education,A
8263.0,Math,F
8263.0,Science,D
8263.0,History,D
8263.0,English,C
8263.0,Physical Education,C
8264.0,Math,C
8264.0,Science,B
8264.0,History,A
8264.0,English,F
8264.0,Physical Education,C
8265.0,Math,C
8265.0,Science,F
8265.0,History,B
8265.0,English,F
8265.0,Physical Education,F
8266.0,Math,D
8266.0,Science,C
8266.0,History,F
8266.0,English,F
8266.0,Physical Education,D
8267.0,Math,D
8267.0,Science,C
8267.0,History,B
8267.0,English,A
8267.0,Physical Education,F
8268.0,Math,B
8268.0,Science,D
8268.0,History,C
8268.0,English,A
8268.0,Physical Education,F
8269.0,Math,A
8269.0,Science,F
8269.0,History,B
8269.0,English,D
8269.0,Physical Education,B
8270.0,Math,A
8270.0,Science,F
8270.0,History,C
8270.0,English,C
8270.0,Physical Education,A
8271.0,Math,A
8271.0,Science,A
8271.0,History,F
8271.0,English,C
8271.0,Physical Education,A
8272.0,Math,C
8272.0,Science,B
8272.0,History,F
8272.0,English,D
8272.0,Physical Education,C
8273.0,Math,B
8273.0,Science,F
8273.0,History,F
8273.0,English,C
8273.0,Physical Education,B
8274.0,Math,F
8274.0,Science,D
8274.0,History,C
8274.0,English,B
8274.0,Physical Education,D
8275.0,Math,D
8275.0,Science,D
8275.0,History,B
8275.0,English,F
8275.0,Physical Education,B
8276.0,Math,D
8276.0,Science,B
8276.0,History,C
8276.0,English,C
8276.0,Physical Education,C
8277.0,Math,B
8277.0,Science,B
8277.0,History,F
8277.0,English,A
8277.0,Physical Education,B
8278.0,Math,C
8278.0,Science,B
8278.0,History,A
8278.0,English,A
8278.0,Physical Education,D
8279.0,Math,F
8279.0,Science,C
8279.0,History,C
8279.0,English,D
8279.0,Physical Education,A
8280.0,Math,B
8280.0,Science,B
8280.0,History,C
8280.0,English,D
8280.0,Physical Education,D
8281.0,Math,A
8281.0,Science,A
8281.0,History,F
8281.0,English,C
8281.0,Physical Education,D
8282.0,Math,C
8282.0,Science,D
8282.0,History,D
8282.0,English,D
8282.0,Physical Education,B
8283.0,Math,B
8283.0,Science,B
8283.0,History,B
8283.0,English,B
8283.0,Physical Education,D
8284.0,Math,A
8284.0,Science,B
8284.0,History,F
8284.0,English,C
8284.0,Physical Education,D
8285.0,Math,C
8285.0,Science,A
8285.0,History,A
8285.0,English,B
8285.0,Physical Education,B
8286.0,Math,C
8286.0,Science,B
8286.0,History,B
8286.0,English,B
8286.0,Physical Education,C
8287.0,Math,A
8287.0,Science,B
8287.0,History,A
8287.0,English,A
8287.0,Physical Education,
8288.0,Math,C
8288.0,Science,A
8288.0,History,A
8288.0,English,C
8288.0,Physical Education,A
8289.0,Math,C
8289.0,Science,F
8289.0,History,F
8289.0,English,F
8289.0,Physical Education,F
8290.0,Math,F
8290.0,Science,C
8290.0,History,B
8290.0,English,D
8290.0,Physical Education,C
8291.0,Math,C
8291.0,Science,C
8291.0,History,C
8291.0,English,C
8291.0,Physical Education,A
8292.0,Math,B
8292.0,Science,D
8292.0,History,D
8292.0,English,B
8292.0,Physical Education,F
8293.0,Math,B
8293.0,Science,F
8293.0,History,B
8293.0,English,F
8293.0,Physical Education,B
8294.0,Math,A
8294.0,Science,B
8294.0,History,A
8294.0,English,A
8294.0,Physical Education,F
8295.0,Math,D
8295.0,Science,F
8295.0,History,A
8295.0,English,F
8295.0,Physical Education,A
8296.0,Math,C
8296.0,Science,C
8296.0,History,F
8296.0,English,D
8296.0,Physical Education,B
8297.0,Math,F
8297.0,Science,C
8297.0,History,D
8297.0,English,C
8297.0,Physical Education,A
8298.0,Math,A
8298.0,Science,A
8298.0,History,C
8298.0,English,F
8298.0,Physical Education,A
8299.0,Math,B
8299.0,Science,C
8299.0,History,F
8299.0,English,F
8299.0,Physical Education,C
8300.0,Math,F
8300.0,Science,B
8300.0,History,A
8300.0,English,A
8300.0,Physical Education,B
8301.0,Math,B
8301.0,Science,F
8301.0,History,B
8301.0,English,B
8301.0,Physical Education,B
8302.0,Math,C
8302.0,Science,C
8302.0,History,D
8302.0,English,C
8302.0,Physical Education,D
8303.0,Math,F
8303.0,Science,B
8303.0,History,C
8303.0,English,C
8303.0,Physical Education,A
8304.0,Math,F
8304.0,Science,B
8304.0,History,C
8304.0,English,F
8304.0,Physical Education,B
8305.0,Math,B
8305.0,Science,D
8305.0,History,A
8305.0,English,D
8305.0,Physical Education,D
8306.0,Math,D
8306.0,Science,A
8306.0,History,F
8306.0,English,C
8306.0,Physical Education,D
8307.0,Math,D
8307.0,Science,C
8307.0,History,C
8307.0,English,C
8307.0,Physical Education,C
8308.0,Math,C
8308.0,Science,B
8308.0,History,C
8308.0,English,C
8308.0,Physical Education,D
8309.0,Math,C
8309.0,Science,F
8309.0,History,C
8309.0,English,F
8309.0,Physical Education,B
8310.0,Math,B
8310.0,Science,F
8310.0,History,D
8310.0,English,F
8310.0,Physical Education,C
8311.0,Math,B
8311.0,Science,F
8311.0,History,B
8311.0,English,F
8311.0,Physical Education,A
8312.0,Math,A
8312.0,Science,C
8312.0,History,F
8312.0,English,F
8312.0,Physical Education,C
8313.0,Math,A
8313.0,Science,A
8313.0,History,A
8313.0,English,A
8313.0,Physical Education,C
8314.0,Math,F
8314.0,Science,D
8314.0,History,B
8314.0,English,C
8314.0,Physical Education,A
8315.0,Math,A
8315.0,Science,C
8315.0,History,C
8315.0,English,B
8315.0,Physical Education,B
8316.0,Math,B
8316.0,Science,F
8316.0,History,A
8316.0,English,C
8316.0,Physical Education,C
8317.0,Math,F
8317.0,Science,F
8317.0,History,D
8317.0,English,D
8317.0,Physical Education,A
8318.0,Math,A
8318.0,Science,A
8318.0,History,D
8318.0,English,C
8318.0,Physical Education,A
8319.0,Math,F
8319.0,Science,C
8319.0,History,C
8319.0,English,F
8319.0,Physical Education,F
8320.0,Math,C
8320.0,Science,A
8320.0,History,A
8320.0,English,B
8320.0,Physical Education,C
8321.0,Math,C
8321.0,Science,D
8321.0,History,D
8321.0,English,A
8321.0,Physical Education,A
8322.0,Math,F
8322.0,Science,A
8322.0,History,C
8322.0,English,D
8322.0,Physical Education,D
8323.0,Math,C
8323.0,Science,D
8323.0,History,A
8323.0,English,B
8323.0,Physical Education,C
8324.0,Math,D
8324.0,Science,F
8324.0,History,D
8324.0,English,C
8324.0,Physical Education,F
8325.0,Math,B
8325.0,Science,B
8325.0,History,F
8325.0,English,B
8325.0,Physical Education,D
8326.0,Math,A
8326.0,Science,F
8326.0,History,D
8326.0,English,A
8326.0,Physical Education,D
8327.0,Math,B
8327.0,Science,F
8327.0,History,C
8327.0,English,B
8327.0,Physical Education,A
8328.0,Math,C
8328.0,Science,B
8328.0,History,F
8328.0,English,B
8328.0,Physical Education,A
8329.0,Math,C
8329.0,Science,A
8329.0,History,D
8329.0,English,B
8329.0,Physical Education,B
8330.0,Math,D
8330.0,Science,F
8330.0,History,D
8330.0,English,A
8330.0,Physical Education,D
8331.0,Math,A
8331.0,Science,B
8331.0,History,F
8331.0,English,D
8331.0,Physical Education,C
8332.0,Math,C
8332.0,Science,B
8332.0,History,F
8332.0,English,B
8332.0,Physical Education,F
8333.0,Math,C
8333.0,Science,C
8333.0,History,C
8333.0,English,B
8333.0,Physical Education,D
8334.0,Math,D
8334.0,Science,C
8334.0,History,B
8334.0,English,D
8334.0,Physical Education,D
8335.0,Math,C
8335.0,Science,F
8335.0,History,C
8335.0,English,D
8335.0,Physical Education,D
8336.0,Math,B
8336.0,Science,A
8336.0,History,D
8336.0,English,B
8336.0,Physical Education,B
8337.0,Math,A
8337.0,Science,D
8337.0,History,D
8337.0,English,C
8337.0,Physical Education,B
8338.0,Math,B
8338.0,Science,D
8338.0,History,F
8338.0,English,C
8338.0,Physical Education,F
8339.0,Math,F
8339.0,Science,F
8339.0,History,F
8339.0,English,B
8339.0,Physical Education,A
8340.0,Math,D
8340.0,Science,B
8340.0,History,F
8340.0,English,C
8340.0,Physical Education,A
8341.0,Math,C
8341.0,Science,F
8341.0,History,C
8341.0,English,F
8341.0,Physical Education,B
8342.0,Math,D
8342.0,Science,D
8342.0,History,A
8342.0,English,C
8342.0,Physical Education,C
8343.0,Math,F
8343.0,Science,A
8343.0,History,B
8343.0,English,B
8343.0,Physical Education,C
8344.0,Math,C
8344.0,Science,A
8344.0,History,B
8344.0,English,B
8344.0,Physical Education,A
8345.0,Math,F
8345.0,Science,F
8345.0,History,F
8345.0,English,B
8345.0,Physical Education,D
8346.0,Math,D
8346.0,Science,D
8346.0,History,D
8346.0,English,D
8346.0,Physical Education,A
8347.0,Math,C
8347.0,Science,B
8347.0,History,B
8347.0,English,F
8347.0,Physical Education,C
8348.0,Math,D
8348.0,Science,D
8348.0,History,D
8348.0,English,C
8348.0,Physical Education,B
8349.0,Math,B
8349.0,Science,A
8349.0,History,D
8349.0,English,B
8349.0,Physical Education,B
8350.0,Math,B
8350.0,Science,F
8350.0,History,D
8350.0,English,A
8350.0,Physical Education,C
8351.0,Math,D
8351.0,Science,B
8351.0,History,B
8351.0,English,D
8351.0,Physical Education,F
8352.0,Math,C
8352.0,Science,D
8352.0,History,F
8352.0,English,A
8352.0,Physical Education,C
8353.0,Math,C
8353.0,Science,B
8353.0,History,C
8353.0,English,C
8353.0,Physical Education,C
8354.0,Math,B
8354.0,Science,D
8354.0,History,B
8354.0,English,C
8354.0,Physical Education,B
8355.0,Math,C
8355.0,Science,D
8355.0,History,D
8355.0,English,D
8355.0,Physical Education,F
8356.0,Math,C
8356.0,Science,B
8356.0,History,F
8356.0,English,C
8356.0,Physical Education,B
8357.0,Math,F
8357.0,Science,A
8357.0,History,A
8357.0,English,A
8357.0,Physical Education,C
8358.0,Math,F
8358.0,Science,C
8358.0,History,F
8358.0,English,D
8358.0,Physical Education,A
8359.0,Math,B
8359.0,Science,A
8359.0,History,C
8359.0,English,C
8359.0,Physical Education,F
8360.0,Math,A
8360.0,Science,F
8360.0,History,B
8360.0,English,B
8360.0,Physical Education,C
8361.0,Math,D
8361.0,Science,B
8361.0,History,A
8361.0,English,B
8361.0,Physical Education,F
8362.0,Math,D
8362.0,Science,D
8362.0,History,F
8362.0,English,A
8362.0,Physical Education,F
8363.0,Math,C
8363.0,Science,C
8363.0,History,C
8363.0,English,F
8363.0,Physical Education,F
8364.0,Math,D
8364.0,Science,A
8364.0,History,F
8364.0,English,B
8364.0,Physical Education,B
8365.0,Math,B
8365.0,Science,A
8365.0,History,D
8365.0,English,A
8365.0,Physical Education,C
8366.0,Math,A
8366.0,Science,D
8366.0,History,A
8366.0,English,C
8366.0,Physical Education,F
8367.0,Math,D
8367.0,Science,C
8367.0,History,B
8367.0,English,D
8367.0,Physical Education,D
8368.0,Math,D
8368.0,Science,D
8368.0,History,C
8368.0,English,D
8368.0,Physical Education,A
8369.0,Math,A
8369.0,Science,D
8369.0,History,C
8369.0,English,A
8369.0,Physical Education,F
8370.0,Math,A
8370.0,Science,A
8370.0,History,B
8370.0,English,A
8370.0,Physical Education,A
8371.0,Math,D
8371.0,Science,B
8371.0,History,F
8371.0,English,D
8371.0,Physical Education,A
8372.0,Math,A
8372.0,Science,C
8372.0,History,F
8372.0,English,A
8372.0,Physical Education,C
8373.0,Math,D
8373.0,Science,C
8373.0,History,B
8373.0,English,D
8373.0,Physical Education,C
8374.0,Math,B
8374.0,Science,F
8374.0,History,F
8374.0,English,F
8374.0,Physical Education,D
8375.0,Math,A
8375.0,Science,D
8375.0,History,C
8375.0,English,F
8375.0,Physical Education,C
8376.0,Math,D
8376.0,Science,D
8376.0,History,D
8376.0,English,B
8376.0,Physical Education,F
8377.0,Math,A
8377.0,Science,F
8377.0,History,F
8377.0,English,B
8377.0,Physical Education,A
8378.0,Math,B
8378.0,Science,C
8378.0,History,B
8378.0,English,F
8378.0,Physical Education,F
8379.0,Math,B
8379.0,Science,D
8379.0,History,A
8379.0,English,D
8379.0,Physical Education,B
8380.0,Math,A
8380.0,Science,C
8380.0,History,C
8380.0,English,C
8380.0,Physical Education,B
8381.0,Math,D
8381.0,Science,C
8381.0,History,F
8381.0,English,A
8381.0,Physical Education,B
8382.0,Math,F
8382.0,Science,D
8382.0,History,D
8382.0,English,A
8382.0,Physical Education,F
8383.0,Math,D
8383.0,Science,C
8383.0,History,B
8383.0,English,B
8383.0,Physical Education,B
8384.0,Math,B
8384.0,Science,D
8384.0,History,B
8384.0,English,F
8384.0,Physical Education,F
8385.0,Math,C
8385.0,Science,F
8385.0,History,F
8385.0,English,F
8385.0,Physical Education,A
8386.0,Math,B
8386.0,Science,B
8386.0,History,F
8386.0,English,C
8386.0,Physical Education,A
8387.0,Math,A
8387.0,Science,D
8387.0,History,F
8387.0,English,A
8387.0,Physical Education,A
8388.0,Math,B
8388.0,Science,C
8388.0,History,C
8388.0,English,B
8388.0,Physical Education,A
8389.0,Math,C
8389.0,Science,C
8389.0,History,A
8389.0,English,B
8389.0,Physical Education,B
8390.0,Math,D
8390.0,Science,D
8390.0,History,C
8390.0,English,A
8390.0,Physical Education,C
8391.0,Math,B
8391.0,Science,F
8391.0,History,D
8391.0,English,D
8391.0,Physical Education,F
8392.0,Math,F
8392.0,Science,C
8392.0,History,A
8392.0,English,B
8392.0,Physical Education,D
8393.0,Math,A
8393.0,Science,C
8393.0,History,B
8393.0,English,F
8393.0,Physical Education,A
8394.0,Math,A
8394.0,Science,F
8394.0,History,F
8394.0,English,A
8394.0,Physical Education,C
8395.0,Math,C
8395.0,Science,C
8395.0,History,C
8395.0,English,F
8395.0,Physical Education,B
8396.0,Math,D
8396.0,Science,F
8396.0,History,B
8396.0,English,C
8396.0,Physical Education,D
8397.0,Math,D
8397.0,Science,D
8397.0,History,C
8397.0,English,B
8397.0,Physical Education,A
8398.0,Math,F
8398.0,Science,F
8398.0,History,C
8398.0,English,F
8398.0,Physical Education,D
8399.0,Math,B
8399.0,Science,D
8399.0,History,D
8399.0,English,A
8399.0,Physical Education,D
8400.0,Math,D
8400.0,Science,F
8400.0,History,C
8400.0,English,B
8400.0,Physical Education,F
8401.0,Math,A
8401.0,Science,F
8401.0,History,C
8401.0,English,C
8401.0,Physical Education,C
8402.0,Math,D
8402.0,Science,F
8402.0,History,F
8402.0,English,D
8402.0,Physical Education,C
8403.0,Math,D
8403.0,Science,D
8403.0,History,A
8403.0,English,B
8403.0,Physical Education,A
8404.0,Math,B
8404.0,Science,F
8404.0,History,A
8404.0,English,B
8404.0,Physical Education,F
8405.0,Math,D
8405.0,Science,C
8405.0,History,C
8405.0,English,C
8405.0,Physical Education,F
8406.0,Math,F
8406.0,Science,A
8406.0,History,D
8406.0,English,D
8406.0,Physical Education,A
8407.0,Math,D
8407.0,Science,B
8407.0,History,F
8407.0,English,F
8407.0,Physical Education,D
8408.0,Math,A
8408.0,Science,F
8408.0,History,D
8408.0,English,B
8408.0,Physical Education,C
8409.0,Math,C
8409.0,Science,F
8409.0,History,D
8409.0,English,A
8409.0,Physical Education,C
8410.0,Math,A
8410.0,Science,A
8410.0,History,D
8410.0,English,B
8410.0,Physical Education,F
8411.0,Math,F
8411.0,Science,D
8411.0,History,D
8411.0,English,A
8411.0,Physical Education,B
8412.0,Math,A
8412.0,Science,F
8412.0,History,C
8412.0,English,F
8412.0,Physical Education,B
8413.0,Math,A
8413.0,Science,F
8413.0,History,C
8413.0,English,F
8413.0,Physical Education,A
8414.0,Math,D
8414.0,Science,C
8414.0,History,C
8414.0,English,A
8414.0,Physical Education,C
8415.0,Math,B
8415.0,Science,A
8415.0,History,B
8415.0,English,A
8415.0,Physical Education,D
8416.0,Math,A
8416.0,Science,D
8416.0,History,A
8416.0,English,A
8416.0,Physical Education,B
8417.0,Math,C
8417.0,Science,B
8417.0,History,A
8417.0,English,B
8417.0,Physical Education,B
8418.0,Math,C
8418.0,Science,B
8418.0,History,B
8418.0,English,D
8418.0,Physical Education,B
8419.0,Math,D
8419.0,Science,A
8419.0,History,D
8419.0,English,D
8419.0,Physical Education,D
8420.0,Math,A
8420.0,Science,C
8420.0,History,D
8420.0,English,C
8420.0,Physical Education,B
8421.0,Math,A
8421.0,Science,A
8421.0,History,F
8421.0,English,C
8421.0,Physical Education,F
8422.0,Math,B
8422.0,Science,D
8422.0,History,B
8422.0,English,D
8422.0,Physical Education,F
8423.0,Math,F
8423.0,Science,D
8423.0,History,C
8423.0,English,B
8423.0,Physical Education,C
8424.0,Math,B
8424.0,Science,C
8424.0,History,C
8424.0,English,C
8424.0,Physical Education,B
8425.0,Math,C
8425.0,Science,D
8425.0,History,C
8425.0,English,A
8425.0,Physical Education,C
8426.0,Math,F
8426.0,Science,F
8426.0,History,C
8426.0,English,A
8426.0,Physical Education,D
8427.0,Math,F
8427.0,Science,D
8427.0,History,C
8427.0,English,A
8427.0,Physical Education,B
8428.0,Math,B
8428.0,Science,D
8428.0,History,F
8428.0,English,F
8428.0,Physical Education,F
8429.0,Math,A
8429.0,Science,C
8429.0,History,F
8429.0,English,F
8429.0,Physical Education,B
8430.0,Math,F
8430.0,Science,D
8430.0,History,C
8430.0,English,F
8430.0,Physical Education,B
8431.0,Math,A
8431.0,Science,F
8431.0,History,F
8431.0,English,A
8431.0,Physical Education,C
8432.0,Math,B
8432.0,Science,D
8432.0,History,C
8432.0,English,A
8432.0,Physical Education,D
8433.0,Math,D
8433.0,Science,D
8433.0,History,D
8433.0,English,A
8433.0,Physical Education,B
8434.0,Math,F
8434.0,Science,F
8434.0,History,C
8434.0,English,F
8434.0,Physical Education,A
8435.0,Math,B
8435.0,Science,A
8435.0,History,D
8435.0,English,F
8435.0,Physical Education,B
8436.0,Math,D
8436.0,Science,A
8436.0,History,D
8436.0,English,A
8436.0,Physical Education,F
8437.0,Math,D
8437.0,Science,A
8437.0,History,F
8437.0,English,C
8437.0,Physical Education,F
8438.0,Math,B
8438.0,Science,A
8438.0,History,A
8438.0,English,F
8438.0,Physical Education,C
8439.0,Math,C
8439.0,Science,C
8439.0,History,A
8439.0,English,F
8439.0,Physical Education,C
8440.0,Math,D
8440.0,Science,C
8440.0,History,B
8440.0,English,F
8440.0,Physical Education,D
8441.0,Math,A
8441.0,Science,D
8441.0,History,F
8441.0,English,A
8441.0,Physical Education,B
8442.0,Math,B
8442.0,Science,B
8442.0,History,D
8442.0,English,A
8442.0,Physical Education,D
8443.0,Math,B
8443.0,Science,F
8443.0,History,D
8443.0,English,B
8443.0,Physical Education,A
8444.0,Math,F
8444.0,Science,C
8444.0,History,B
8444.0,English,A
8444.0,Physical Education,A
8445.0,Math,C
8445.0,Science,F
8445.0,History,A
8445.0,English,C
8445.0,Physical Education,B
8446.0,Math,C
8446.0,Science,B
8446.0,History,D
8446.0,English,F
8446.0,Physical Education,A
8447.0,Math,A
8447.0,Science,F
8447.0,History,A
8447.0,English,F
8447.0,Physical Education,C
8448.0,Math,A
8448.0,Science,B
8448.0,History,B
8448.0,English,D
8448.0,Physical Education,B
8449.0,Math,D
8449.0,Science,D
8449.0,History,A
8449.0,English,C
8449.0,Physical Education,D
8450.0,Math,F
8450.0,Science,B
8450.0,History,C
8450.0,English,D
8450.0,Physical Education,F
8451.0,Math,B
8451.0,Science,D
8451.0,History,A
8451.0,English,F
8451.0,Physical Education,B
8452.0,Math,D
8452.0,Science,F
8452.0,History,B
8452.0,English,A
8452.0,Physical Education,A
8453.0,Math,F
8453.0,Science,F
8453.0,History,D
8453.0,English,A
8453.0,Physical Education,D
8454.0,Math,D
8454.0,Science,B
8454.0,History,F
8454.0,English,C
8454.0,Physical Education,A
8455.0,Math,D
8455.0,Science,D
8455.0,History,A
8455.0,English,F
8455.0,Physical Education,B
8456.0,Math,B
8456.0,Science,C
8456.0,History,A
8456.0,English,C
8456.0,Physical Education,C
8457.0,Math,A
8457.0,Science,C
8457.0,History,D
8457.0,English,C
8457.0,Physical Education,C
8458.0,Math,F
8458.0,Science,A
8458.0,History,B
8458.0,English,F
8458.0,Physical Education,B
8459.0,Math,F
8459.0,Science,A
8459.0,History,A
8459.0,English,F
8459.0,Physical Education,C
8460.0,Math,C
8460.0,Science,A
8460.0,History,F
8460.0,English,B
8460.0,Physical Education,C
8461.0,Math,B
8461.0,Science,C
8461.0,History,A
8461.0,English,A
8461.0,Physical Education,B
8462.0,Math,D
8462.0,Science,C
8462.0,History,F
8462.0,English,C
8462.0,Physical Education,A
8463.0,Math,B
8463.0,Science,C
8463.0,History,C
8463.0,English,C
8463.0,Physical Education,F
8464.0,Math,F
8464.0,Science,B
8464.0,History,A
8464.0,English,D
8464.0,Physical Education,D
8465.0,Math,A
8465.0,Science,C
8465.0,History,F
8465.0,English,A
8465.0,Physical Education,D
8466.0,Math,C
8466.0,Science,B
8466.0,History,B
8466.0,English,D
8466.0,Physical Education,A
8467.0,Math,B
8467.0,Science,A
8467.0,History,B
8467.0,English,B
8467.0,Physical Education,F
8468.0,Math,D
8468.0,Science,A
8468.0,History,C
8468.0,English,D
8468.0,Physical Education,C
8469.0,Math,B
8469.0,Science,F
8469.0,History,C
8469.0,English,A
8469.0,Physical Education,B
8470.0,Math,D
8470.0,Science,F
8470.0,History,B
8470.0,English,F
8470.0,Physical Education,A
8471.0,Math,F
8471.0,Science,F
8471.0,History,D
8471.0,English,A
8471.0,Physical Education,B
8472.0,Math,A
8472.0,Science,B
8472.0,History,B
8472.0,English,F
8472.0,Physical Education,D
8473.0,Math,C
8473.0,Science,A
8473.0,History,F
8473.0,English,C
8473.0,Physical Education,B
8474.0,Math,B
8474.0,Science,D
8474.0,History,A
8474.0,English,B
8474.0,Physical Education,F
8475.0,Math,C
8475.0,Science,A
8475.0,History,F
8475.0,English,F
8475.0,Physical Education,A
8476.0,Math,D
8476.0,Science,D
8476.0,History,A
8476.0,English,F
8476.0,Physical Education,A
8477.0,Math,F
8477.0,Science,C
8477.0,History,D
8477.0,English,A
8477.0,Physical Education,D
8478.0,Math,C
8478.0,Science,D
8478.0,History,F
8478.0,English,B
8478.0,Physical Education,B
8479.0,Math,A
8479.0,Science,A
8479.0,History,C
8479.0,English,C
8479.0,Physical Education,C
8480.0,Math,D
8480.0,Science,A
8480.0,History,A
8480.0,English,C
8480.0,Physical Education,C
8481.0,Math,C
8481.0,Science,D
8481.0,History,D
8481.0,English,F
8481.0,Physical Education,C
8482.0,Math,C
8482.0,Science,D
8482.0,History,D
8482.0,English,B
8482.0,Physical Education,C
8483.0,Math,D
8483.0,Science,F
8483.0,History,D
8483.0,English,A
8483.0,Physical Education,F
8484.0,Math,A
8484.0,Science,F
8484.0,History,F
8484.0,English,F
8484.0,Physical Education,D
8485.0,Math,B
8485.0,Science,B
8485.0,History,F
8485.0,English,F
8485.0,Physical Education,C
8486.0,Math,B
8486.0,Science,A
8486.0,History,B
8486.0,English,C
8486.0,Physical Education,F
8487.0,Math,A
8487.0,Science,A
8487.0,History,D
8487.0,English,A
8487.0,Physical Education,D
8488.0,Math,F
8488.0,Science,C
8488.0,History,A
8488.0,English,C
8488.0,Physical Education,C
8489.0,Math,A
8489.0,Science,B
8489.0,History,A
8489.0,English,B
8489.0,Physical Education,F
8490.0,Math,C
8490.0,Science,F
8490.0,History,A
8490.0,English,B
8490.0,Physical Education,A
8491.0,Math,C
8491.0,Science,D
8491.0,History,D
8491.0,English,C
8491.0,Physical Education,D
8492.0,Math,D
8492.0,Science,D
8492.0,History,C
8492.0,English,A
8492.0,Physical Education,A
8493.0,Math,C
8493.0,Science,D
8493.0,History,C
8493.0,English,D
8493.0,Physical Education,A
8494.0,Math,F
8494.0,Science,C
8494.0,History,B
8494.0,English,A
8494.0,Physical Education,B
8495.0,Math,C
8495.0,Science,B
8495.0,History,B
8495.0,English,A
8495.0,Physical Education,A
8496.0,Math,C
8496.0,Science,A
8496.0,History,B
8496.0,English,C
8496.0,Physical Education,C
8497.0,Math,C
8497.0,Science,B
8497.0,History,D
8497.0,English,A
8497.0,Physical Education,D
8498.0,Math,A
8498.0,Science,B
8498.0,History,D
8498.0,English,D
8498.0,Physical Education,A
8499.0,Math,D
8499.0,Science,A
8499.0,History,B
8499.0,English,A
8499.0,Physical Education,B
8500.0,Math,D
8500.0,Science,D
8500.0,History,A
8500.0,English,A
8500.0,Physical Education,F
8501.0,Math,B
8501.0,Science,C
8501.0,History,C
8501.0,English,F
8501.0,Physical Education,C
8502.0,Math,D
8502.0,Science,C
8502.0,History,D
8502.0,English,A
8502.0,Physical Education,D
8503.0,Math,C
8503.0,Science,D
8503.0,History,F
8503.0,English,D
8503.0,Physical Education,C
8504.0,Math,A
8504.0,Science,B
8504.0,History,F
8504.0,English,D
8504.0,Physical Education,A
8505.0,Math,A
8505.0,Science,F
8505.0,History,A
8505.0,English,A
8505.0,Physical Education,D
8506.0,Math,A
8506.0,Science,C
8506.0,History,A
8506.0,English,B
8506.0,Physical Education,A
8507.0,Math,A
8507.0,Science,D
8507.0,History,F
8507.0,English,B
8507.0,Physical Education,B
8508.0,Math,F
8508.0,Science,A
8508.0,History,B
8508.0,English,A
8508.0,Physical Education,F
8509.0,Math,A
8509.0,Science,C
8509.0,History,B
8509.0,English,C
8509.0,Physical Education,D
8510.0,Math,A
8510.0,Science,F
8510.0,History,A
8510.0,English,F
8510.0,Physical Education,F
8511.0,Math,D
8511.0,Science,F
8511.0,History,C
8511.0,English,A
8511.0,Physical Education,B
8512.0,Math,B
8512.0,Science,C
8512.0,History,C
8512.0,English,F
8512.0,Physical Education,B
8513.0,Math,F
8513.0,Science,D
8513.0,History,D
8513.0,English,C
8513.0,Physical Education,A
8514.0,Math,F
8514.0,Science,C
8514.0,History,A
8514.0,English,F
8514.0,Physical Education,D
8515.0,Math,A
8515.0,Science,B
8515.0,History,B
8515.0,English,F
8515.0,Physical Education,B
8516.0,Math,F
8516.0,Science,A
8516.0,History,C
8516.0,English,B
8516.0,Physical Education,B
8517.0,Math,C
8517.0,Science,F
8517.0,History,A
8517.0,English,C
8517.0,Physical Education,F
8518.0,Math,C
8518.0,Science,D
8518.0,History,F
8518.0,English,B
8518.0,Physical Education,D
8519.0,Math,C
8519.0,Science,F
8519.0,History,C
8519.0,English,C
8519.0,Physical Education,A
8520.0,Math,B
8520.0,Science,A
8520.0,History,D
8520.0,English,F
8520.0,Physical Education,D
8521.0,Math,B
8521.0,Science,A
8521.0,History,C
8521.0,English,A
8521.0,Physical Education,F
8522.0,Math,F
8522.0,Science,A
8522.0,History,B
8522.0,English,F
8522.0,Physical Education,B
8523.0,Math,D
8523.0,Science,C
8523.0,History,A
8523.0,English,D
8523.0,Physical Education,C
8524.0,Math,D
8524.0,Science,D
8524.0,History,A
8524.0,English,F
8524.0,Physical Education,A
8525.0,Math,F
8525.0,Science,C
8525.0,History,D
8525.0,English,A
8525.0,Physical Education,D
8526.0,Math,D
8526.0,Science,F
8526.0,History,A
8526.0,English,A
8526.0,Physical Education,B
8527.0,Math,B
8527.0,Science,D
8527.0,History,A
8527.0,English,F
8527.0,Physical Education,A
8528.0,Math,B
8528.0,Science,C
8528.0,History,D
8528.0,English,B
8528.0,Physical Education,C
8529.0,Math,D
8529.0,Science,F
8529.0,History,C
8529.0,English,F
8529.0,Physical Education,F
8530.0,Math,F
8530.0,Science,D
8530.0,History,B
8530.0,English,F
8530.0,Physical Education,C
8531.0,Math,F
8531.0,Science,F
8531.0,History,D
8531.0,English,F
8531.0,Physical Education,B
8532.0,Math,B
8532.0,Science,D
8532.0,History,A
8532.0,English,D
8532.0,Physical Education,F
8533.0,Math,C
8533.0,Science,A
8533.0,History,B
8533.0,English,F
8533.0,Physical Education,B
8534.0,Math,F
8534.0,Science,D
8534.0,History,C
8534.0,English,B
8534.0,Physical Education,B
8535.0,Math,F
8535.0,Science,F
8535.0,History,D
8535.0,English,B
8535.0,Physical Education,A
8536.0,Math,F
8536.0,Science,F
8536.0,History,F
8536.0,English,C
8536.0,Physical Education,A
8537.0,Math,C
8537.0,Science,A
8537.0,History,B
8537.0,English,F
8537.0,Physical Education,F
8538.0,Math,C
8538.0,Science,A
8538.0,History,B
8538.0,English,F
8538.0,Physical Education,F
8539.0,Math,C
8539.0,Science,C
8539.0,History,B
8539.0,English,D
8539.0,Physical Education,A
8540.0,Math,D
8540.0,Science,B
8540.0,History,D
8540.0,English,C
8540.0,Physical Education,B
8541.0,Math,F
8541.0,Science,A
8541.0,History,D
8541.0,English,A
8541.0,Physical Education,F
8542.0,Math,A
8542.0,Science,F
8542.0,History,B
8542.0,English,F
8542.0,Physical Education,D
8543.0,Math,D
8543.0,Science,D
8543.0,History,B
8543.0,English,A
8543.0,Physical Education,B
8544.0,Math,F
8544.0,Science,A
8544.0,History,F
8544.0,English,D
8544.0,Physical Education,B
8545.0,Math,F
8545.0,Science,F
8545.0,History,C
8545.0,English,D
8545.0,Physical Education,B
8546.0,Math,B
8546.0,Science,D
8546.0,History,B
8546.0,English,D
8546.0,Physical Education,B
8547.0,Math,B
8547.0,Science,F
8547.0,History,A
8547.0,English,A
8547.0,Physical Education,F
8548.0,Math,D
8548.0,Science,B
8548.0,History,A
8548.0,English,B
8548.0,Physical Education,A
8549.0,Math,A
8549.0,Science,F
8549.0,History,A
8549.0,English,C
8549.0,Physical Education,F
8550.0,Math,B
8550.0,Science,C
8550.0,History,C
8550.0,English,F
8550.0,Physical Education,C
8551.0,Math,C
8551.0,Science,C
8551.0,History,F
8551.0,English,B
8551.0,Physical Education,C
8552.0,Math,A
8552.0,Science,B
8552.0,History,D
8552.0,English,D
8552.0,Physical Education,F
8553.0,Math,C
8553.0,Science,D
8553.0,History,B
8553.0,English,A
8553.0,Physical Education,F
8554.0,Math,A
8554.0,Science,D
8554.0,History,C
8554.0,English,F
8554.0,Physical Education,C
8555.0,Math,A
8555.0,Science,D
8555.0,History,B
8555.0,English,D
8555.0,Physical Education,C
8556.0,Math,F
8556.0,Science,F
8556.0,History,A
8556.0,English,C
8556.0,Physical Education,D
8557.0,Math,A
8557.0,Science,D
8557.0,History,C
8557.0,English,B
8557.0,Physical Education,B
8558.0,Math,A
8558.0,Science,D
8558.0,History,F
8558.0,English,C
8558.0,Physical Education,B
8559.0,Math,C
8559.0,Science,B
8559.0,History,F
8559.0,English,F
8559.0,Physical Education,F
8560.0,Math,D
8560.0,Science,B
8560.0,History,F
8560.0,English,C
8560.0,Physical Education,C
8561.0,Math,A
8561.0,Science,F
8561.0,History,C
8561.0,English,F
8561.0,Physical Education,A
8562.0,Math,C
8562.0,Science,D
8562.0,History,B
8562.0,English,C
8562.0,Physical Education,D
8563.0,Math,B
8563.0,Science,C
8563.0,History,F
8563.0,English,D
8563.0,Physical Education,F
8564.0,Math,D
8564.0,Science,C
8564.0,History,A
8564.0,English,C
8564.0,Physical Education,D
8565.0,Math,A
8565.0,Science,F
8565.0,History,C
8565.0,English,C
8565.0,Physical Education,D
8566.0,Math,A
8566.0,Science,A
8566.0,History,F
8566.0,English,F
8566.0,Physical Education,D
8567.0,Math,B
8567.0,Science,F
8567.0,History,C
8567.0,English,D
8567.0,Physical Education,F
8568.0,Math,D
8568.0,Science,D
8568.0,History,C
8568.0,English,A
8568.0,Physical Education,F
8569.0,Math,B
8569.0,Science,D
8569.0,History,C
8569.0,English,D
8569.0,Physical Education,C
8570.0,Math,B
8570.0,Science,F
8570.0,History,F
8570.0,English,F
8570.0,Physical Education,A
8571.0,Math,C
8571.0,Science,F
8571.0,History,A
8571.0,English,B
8571.0,Physical Education,F
8572.0,Math,B
8572.0,Science,C
8572.0,History,C
8572.0,English,A
8572.0,Physical Education,B
8573.0,Math,B
8573.0,Science,B
8573.0,History,A
8573.0,English,F
8573.0,Physical Education,C
8574.0,Math,F
8574.0,Science,C
8574.0,History,D
8574.0,English,F
8574.0,Physical Education,D
8575.0,Math,C
8575.0,Science,A
8575.0,History,D
8575.0,English,A
8575.0,Physical Education,F
8576.0,Math,C
8576.0,Science,D
8576.0,History,D
8576.0,English,F
8576.0,Physical Education,B
8577.0,Math,D
8577.0,Science,D
8577.0,History,C
8577.0,English,D
8577.0,Physical Education,A
8578.0,Math,A
8578.0,Science,C
8578.0,History,D
8578.0,English,A
8578.0,Physical Education,A
8579.0,Math,A
8579.0,Science,A
8579.0,History,B
8579.0,English,D
8579.0,Physical Education,B
8580.0,Math,A
8580.0,Science,F
8580.0,History,A
8580.0,English,B
8580.0,Physical Education,A
8581.0,Math,C
8581.0,Science,B
8581.0,History,A
8581.0,English,B
8581.0,Physical Education,F
8582.0,Math,A
8582.0,Science,D
8582.0,History,C
8582.0,English,F
8582.0,Physical Education,F
8583.0,Math,B
8583.0,Science,D
8583.0,History,C
8583.0,English,A
8583.0,Physical Education,C
8584.0,Math,C
8584.0,Science,C
8584.0,History,F
8584.0,English,A
8584.0,Physical Education,D
8585.0,Math,B
8585.0,Science,D
8585.0,History,F
8585.0,English,D
8585.0,Physical Education,C
8586.0,Math,C
8586.0,Science,C
8586.0,History,F
8586.0,English,D
8586.0,Physical Education,A
8587.0,Math,D
8587.0,Science,A
8587.0,History,D
8587.0,English,D
8587.0,Physical Education,F
8588.0,Math,F
8588.0,Science,B
8588.0,History,B
8588.0,English,B
8588.0,Physical Education,C
8589.0,Math,C
8589.0,Science,C
8589.0,History,F
8589.0,English,A
8589.0,Physical Education,B
8590.0,Math,F
8590.0,Science,C
8590.0,History,A
8590.0,English,D
8590.0,Physical Education,B
8591.0,Math,A
8591.0,Science,B
8591.0,History,C
8591.0,English,F
8591.0,Physical Education,C
8592.0,Math,D
8592.0,Science,D
8592.0,History,D
8592.0,English,B
8592.0,Physical Education,A
8593.0,Math,F
8593.0,Science,A
8593.0,History,B
8593.0,English,D
8593.0,Physical Education,F
8594.0,Math,B
8594.0,Science,D
8594.0,History,F
8594.0,English,D
8594.0,Physical Education,C
8595.0,Math,F
8595.0,Science,B
8595.0,History,B
8595.0,English,B
8595.0,Physical Education,A
8596.0,Math,F
8596.0,Science,C
8596.0,History,C
8596.0,English,A
8596.0,Physical Education,C
8597.0,Math,F
8597.0,Science,A
8597.0,History,B
8597.0,English,A
8597.0,Physical Education,F
8598.0,Math,F
8598.0,Science,F
8598.0,History,B
8598.0,English,F
8598.0,Physical Education,B
8599.0,Math,A
8599.0,Science,D
8599.0,History,D
8599.0,English,B
8599.0,Physical Education,B
8600.0,Math,B
8600.0,Science,A
8600.0,History,B
8600.0,English,F
8600.0,Physical Education,B
8601.0,Math,F
8601.0,Science,F
8601.0,History,D
8601.0,English,F
8601.0,Physical Education,A
8602.0,Math,D
8602.0,Science,D
8602.0,History,A
8602.0,English,C
8602.0,Physical Education,A
8603.0,Math,C
8603.0,Science,D
8603.0,History,D
8603.0,English,D
8603.0,Physical Education,A
8604.0,Math,B
8604.0,Science,C
8604.0,History,C
8604.0,English,A
8604.0,Physical Education,A
8605.0,Math,B
8605.0,Science,B
8605.0,History,F
8605.0,English,A
8605.0,Physical Education,F
8606.0,Math,C
8606.0,Science,D
8606.0,History,F
8606.0,English,C
8606.0,Physical Education,D
8607.0,Math,B
8607.0,Science,B
8607.0,History,F
8607.0,English,D
8607.0,Physical Education,D
8608.0,Math,B
8608.0,Science,C
8608.0,History,D
8608.0,English,D
8608.0,Physical Education,A
8609.0,Math,B
8609.0,Science,F
8609.0,History,D
8609.0,English,D
8609.0,Physical Education,B
8610.0,Math,F
8610.0,Science,F
8610.0,History,C
8610.0,English,F
8610.0,Physical Education,A
8611.0,Math,A
8611.0,Science,B
8611.0,History,F
8611.0,English,C
8611.0,Physical Education,D
8612.0,Math,D
8612.0,Science,D
8612.0,History,F
8612.0,English,D
8612.0,Physical Education,D
8613.0,Math,C
8613.0,Science,B
8613.0,History,C
8613.0,English,A
8613.0,Physical Education,C
8614.0,Math,F
8614.0,Science,B
8614.0,History,A
8614.0,English,A
8614.0,Physical Education,B
8615.0,Math,F
8615.0,Science,B
8615.0,History,B
8615.0,English,F
8615.0,Physical Education,D
8616.0,Math,B
8616.0,Science,A
8616.0,History,C
8616.0,English,B
8616.0,Physical Education,D
8617.0,Math,D
8617.0,Science,D
8617.0,History,C
8617.0,English,F
8617.0,Physical Education,F
8618.0,Math,D
8618.0,Science,F
8618.0,History,B
8618.0,English,B
8618.0,Physical Education,C
8619.0,Math,C
8619.0,Science,D
8619.0,History,C
8619.0,English,C
8619.0,Physical Education,D
8620.0,Math,A
8620.0,Science,C
8620.0,History,C
8620.0,English,D
8620.0,Physical Education,A
8621.0,Math,A
8621.0,Science,D
8621.0,History,F
8621.0,English,C
8621.0,Physical Education,A
8622.0,Math,D
8622.0,Science,B
8622.0,History,A
8622.0,English,D
8622.0,Physical Education,B
8623.0,Math,B
8623.0,Science,A
8623.0,History,F
8623.0,English,A
8623.0,Physical Education,B
8624.0,Math,D
8624.0,Science,A
8624.0,History,C
8624.0,English,A
8624.0,Physical Education,A
8625.0,Math,A
8625.0,Science,C
8625.0,History,D
8625.0,English,F
8625.0,Physical Education,D
8626.0,Math,C
8626.0,Science,C
8626.0,History,F
8626.0,English,C
8626.0,Physical Education,A
8627.0,Math,A
8627.0,Science,A
8627.0,History,F
8627.0,English,D
8627.0,Physical Education,F
8628.0,Math,A
8628.0,Science,C
8628.0,History,F
8628.0,English,D
8628.0,Physical Education,B
8629.0,Math,D
8629.0,Science,D
8629.0,History,D
8629.0,English,F
8629.0,Physical Education,C
8630.0,Math,D
8630.0,Science,D
8630.0,History,F
8630.0,English,C
8630.0,Physical Education,D
8631.0,Math,A
8631.0,Science,D
8631.0,History,B
8631.0,English,F
8631.0,Physical Education,C
8632.0,Math,C
8632.0,Science,B
8632.0,History,D
8632.0,English,A
8632.0,Physical Education,C
8633.0,Math,F
8633.0,Science,B
8633.0,History,F
8633.0,English,D
8633.0,Physical Education,A
8634.0,Math,C
8634.0,Science,C
8634.0,History,C
8634.0,English,A
8634.0,Physical Education,A
8635.0,Math,A
8635.0,Science,B
8635.0,History,C
8635.0,English,B
8635.0,Physical Education,C
8636.0,Math,D
8636.0,Science,F
8636.0,History,F
8636.0,English,C
8636.0,Physical Education,C
8637.0,Math,D
8637.0,Science,C
8637.0,History,F
8637.0,English,A
8637.0,Physical Education,C
8638.0,Math,C
8638.0,Science,F
8638.0,History,D
8638.0,English,F
8638.0,Physical Education,C
8639.0,Math,F
8639.0,Science,A
8639.0,History,A
8639.0,English,D
8639.0,Physical Education,A
8640.0,Math,B
8640.0,Science,F
8640.0,History,A
8640.0,English,F
8640.0,Physical Education,C
8641.0,Math,A
8641.0,Science,A
8641.0,History,B
8641.0,English,F
8641.0,Physical Education,D
8642.0,Math,A
8642.0,Science,C
8642.0,History,F
8642.0,English,C
8642.0,Physical Education,D
8643.0,Math,A
8643.0,Science,F
8643.0,History,F
8643.0,English,F
8643.0,Physical Education,C
8644.0,Math,C
8644.0,Science,D
8644.0,History,C
8644.0,English,A
8644.0,Physical Education,F
8645.0,Math,A
8645.0,Science,B
8645.0,History,A
8645.0,English,C
8645.0,Physical Education,A
8646.0,Math,A
8646.0,Science,F
8646.0,History,B
8646.0,English,A
8646.0,Physical Education,D
8647.0,Math,B
8647.0,Science,D
8647.0,History,B
8647.0,English,D
8647.0,Physical Education,F
8648.0,Math,A
8648.0,Science,A
8648.0,History,F
8648.0,English,F
8648.0,Physical Education,B
8649.0,Math,B
8649.0,Science,C
8649.0,History,F
8649.0,English,D
8649.0,Physical Education,F
8650.0,Math,F
8650.0,Science,D
8650.0,History,B
8650.0,English,B
8650.0,Physical Education,D
8651.0,Math,C
8651.0,Science,D
8651.0,History,F
8651.0,English,A
8651.0,Physical Education,C
8652.0,Math,D
8652.0,Science,A
8652.0,History,D
8652.0,English,D
8652.0,Physical Education,F
8653.0,Math,A
8653.0,Science,B
8653.0,History,B
8653.0,English,A
8653.0,Physical Education,C
8654.0,Math,B
8654.0,Science,B
8654.0,History,C
8654.0,English,B
8654.0,Physical Education,B
8655.0,Math,F
8655.0,Science,C
8655.0,History,F
8655.0,English,B
8655.0,Physical Education,C
8656.0,Math,B
8656.0,Science,C
8656.0,History,F
8656.0,English,F
8656.0,Physical Education,D
8657.0,Math,A
8657.0,Science,C
8657.0,History,B
8657.0,English,B
8657.0,Physical Education,D
8658.0,Math,B
8658.0,Science,A
8658.0,History,C
8658.0,English,B
8658.0,Physical Education,D
8659.0,Math,B
8659.0,Science,B
8659.0,History,A
8659.0,English,C
8659.0,Physical Education,F
8660.0,Math,A
8660.0,Science,C
8660.0,History,D
8660.0,English,D
8660.0,Physical Education,C
8661.0,Math,A
8661.0,Science,F
8661.0,History,F
8661.0,English,D
8661.0,Physical Education,F
8662.0,Math,B
8662.0,Science,A
8662.0,History,C
8662.0,English,F
8662.0,Physical Education,C
8663.0,Math,B
8663.0,Science,D
8663.0,History,D
8663.0,English,B
8663.0,Physical Education,D
8664.0,Math,A
8664.0,Science,D
8664.0,History,B
8664.0,English,B
8664.0,Physical Education,B
8665.0,Math,C
8665.0,Science,C
8665.0,History,B
8665.0,English,A
8665.0,Physical Education,A
8666.0,Math,D
8666.0,Science,D
8666.0,History,F
8666.0,English,D
8666.0,Physical Education,C
8667.0,Math,A
8667.0,Science,A
8667.0,History,C
8667.0,English,F
8667.0,Physical Education,C
8668.0,Math,B
8668.0,Science,F
8668.0,History,A
8668.0,English,F
8668.0,Physical Education,C
8669.0,Math,F
8669.0,Science,F
8669.0,History,B
8669.0,English,A
8669.0,Physical Education,D
8670.0,Math,D
8670.0,Science,A
8670.0,History,B
8670.0,English,A
8670.0,Physical Education,B
8671.0,Math,F
8671.0,Science,A
8671.0,History,A
8671.0,English,A
8671.0,Physical Education,B
8672.0,Math,A
8672.0,Science,C
8672.0,History,A
8672.0,English,B
8672.0,Physical Education,B
8673.0,Math,C
8673.0,Science,D
8673.0,History,D
8673.0,English,F
8673.0,Physical Education,C
8674.0,Math,C
8674.0,Science,F
8674.0,History,A
8674.0,English,C
8674.0,Physical Education,D
8675.0,Math,B
8675.0,Science,D
8675.0,History,B
8675.0,English,C
8675.0,Physical Education,D
8676.0,Math,D
8676.0,Science,F
8676.0,History,B
8676.0,English,D
8676.0,Physical Education,B
8677.0,Math,A
8677.0,Science,F
8677.0,History,D
8677.0,English,B
8677.0,Physical Education,D
8678.0,Math,C
8678.0,Science,D
8678.0,History,C
8678.0,English,F
8678.0,Physical Education,F
8679.0,Math,D
8679.0,Science,A
8679.0,History,B
8679.0,English,A
8679.0,Physical Education,F
8680.0,Math,F
8680.0,Science,F
8680.0,History,D
8680.0,English,C
8680.0,Physical Education,A
8681.0,Math,C
8681.0,Science,B
8681.0,History,D
8681.0,English,D
8681.0,Physical Education,C
8682.0,Math,B
8682.0,Science,B
8682.0,History,B
8682.0,English,D
8682.0,Physical Education,A
8683.0,Math,C
8683.0,Science,F
8683.0,History,D
8683.0,English,A
8683.0,Physical Education,A
8684.0,Math,C
8684.0,Science,D
8684.0,History,F
8684.0,English,D
8684.0,Physical Education,B
8685.0,Math,A
8685.0,Science,C
8685.0,History,C
8685.0,English,F
8685.0,Physical Education,C
8686.0,Math,C
8686.0,Science,A
8686.0,History,F
8686.0,English,D
8686.0,Physical Education,B
8687.0,Math,F
8687.0,Science,F
8687.0,History,F
8687.0,English,A
8687.0,Physical Education,A
8688.0,Math,D
8688.0,Science,B
8688.0,History,A
8688.0,English,D
8688.0,Physical Education,B
8689.0,Math,D
8689.0,Science,B
8689.0,History,D
8689.0,English,F
8689.0,Physical Education,C
8690.0,Math,F
8690.0,Science,D
8690.0,History,D
8690.0,English,D
8690.0,Physical Education,A
8691.0,Math,A
8691.0,Science,A
8691.0,History,D
8691.0,English,A
8691.0,Physical Education,F
8692.0,Math,D
8692.0,Science,C
8692.0,History,B
8692.0,English,F
8692.0,Physical Education,F
8693.0,Math,C
8693.0,Science,F
8693.0,History,F
8693.0,English,D
8693.0,Physical Education,B
8694.0,Math,B
8694.0,Science,D
8694.0,History,D
8694.0,English,B
8694.0,Physical Education,A
8695.0,Math,B
8695.0,Science,B
8695.0,History,D
8695.0,English,B
8695.0,Physical Education,A
8696.0,Math,F
8696.0,Science,D
8696.0,History,B
8696.0,English,A
8696.0,Physical Education,F
8697.0,Math,A
8697.0,Science,B
8697.0,History,C
8697.0,English,F
8697.0,Physical Education,A
8698.0,Math,D
8698.0,Science,C
8698.0,History,F
8698.0,English,D
8698.0,Physical Education,F
8699.0,Math,B
8699.0,Science,B
8699.0,History,A
8699.0,English,F
8699.0,Physical Education,D
8700.0,Math,D
8700.0,Science,F
8700.0,History,D
8700.0,English,B
8700.0,Physical Education,D
8701.0,Math,D
8701.0,Science,B
8701.0,History,B
8701.0,English,B
8701.0,Physical Education,C
8702.0,Math,B
8702.0,Science,A
8702.0,History,B
8702.0,English,D
8702.0,Physical Education,B
8703.0,Math,C
8703.0,Science,D
8703.0,History,A
8703.0,English,B
8703.0,Physical Education,C
8704.0,Math,A
8704.0,Science,B
8704.0,History,A
8704.0,English,A
8704.0,Physical Education,C
8705.0,Math,A
8705.0,Science,B
8705.0,History,F
8705.0,English,A
8705.0,Physical Education,C
8706.0,Math,B
8706.0,Science,F
8706.0,History,C
8706.0,English,D
8706.0,Physical Education,A
8707.0,Math,B
8707.0,Science,F
8707.0,History,B
8707.0,English,C
8707.0,Physical Education,F
8708.0,Math,D
8708.0,Science,F
8708.0,History,C
8708.0,English,C
8708.0,Physical Education,B
8709.0,Math,C
8709.0,Science,F
8709.0,History,B
8709.0,English,C
8709.0,Physical Education,B
8710.0,Math,D
8710.0,Science,C
8710.0,History,F
8710.0,English,B
8710.0,Physical Education,F
8711.0,Math,F
8711.0,Science,A
8711.0,History,C
8711.0,English,A
8711.0,Physical Education,D
8712.0,Math,D
8712.0,Science,B
8712.0,History,C
8712.0,English,F
8712.0,Physical Education,A
8713.0,Math,C
8713.0,Science,C
8713.0,History,A
8713.0,English,B
8713.0,Physical Education,D
8714.0,Math,B
8714.0,Science,B
8714.0,History,F
8714.0,English,A
8714.0,Physical Education,C
8715.0,Math,C
8715.0,Science,C
8715.0,History,A
8715.0,English,C
8715.0,Physical Education,D
8716.0,Math,C
8716.0,Science,D
8716.0,History,B
8716.0,English,F
8716.0,Physical Education,C
8717.0,Math,F
8717.0,Science,C
8717.0,History,D
8717.0,English,C
8717.0,Physical Education,A
8718.0,Math,C
8718.0,Science,B
8718.0,History,A
8718.0,English,C
8718.0,Physical Education,D
8719.0,Math,C
8719.0,Science,D
8719.0,History,C
8719.0,English,D
8719.0,Physical Education,F
8720.0,Math,F
8720.0,Science,D
8720.0,History,F
8720.0,English,B
8720.0,Physical Education,A
8721.0,Math,B
8721.0,Science,D
8721.0,History,B
8721.0,English,A
8721.0,Physical Education,F
8722.0,Math,C
8722.0,Science,C
8722.0,History,D
8722.0,English,B
8722.0,Physical Education,A
8723.0,Math,B
8723.0,Science,A
8723.0,History,F
8723.0,English,B
8723.0,Physical Education,C
8724.0,Math,D
8724.0,Science,A
8724.0,History,B
8724.0,English,D
8724.0,Physical Education,D
8725.0,Math,F
8725.0,Science,B
8725.0,History,C
8725.0,English,A
8725.0,Physical Education,F
8726.0,Math,D
8726.0,Science,F
8726.0,History,F
8726.0,English,C
8726.0,Physical Education,D
8727.0,Math,D
8727.0,Science,B
8727.0,History,B
8727.0,English,B
8727.0,Physical Education,A
8728.0,Math,F
8728.0,Science,B
8728.0,History,D
8728.0,English,D
8728.0,Physical Education,F
8729.0,Math,D
8729.0,Science,A
8729.0,History,F
8729.0,English,B
8729.0,Physical Education,C
8730.0,Math,A
8730.0,Science,A
8730.0,History,D
8730.0,English,F
8730.0,Physical Education,C
8731.0,Math,A
8731.0,Science,A
8731.0,History,F
8731.0,English,A
8731.0,Physical Education,A
8732.0,Math,D
8732.0,Science,F
8732.0,History,C
8732.0,English,C
8732.0,Physical Education,B
8733.0,Math,D
8733.0,Science,D
8733.0,History,B
8733.0,English,A
8733.0,Physical Education,C
8734.0,Math,F
8734.0,Science,A
8734.0,History,B
8734.0,English,B
8734.0,Physical Education,A
8735.0,Math,F
8735.0,Science,A
8735.0,History,B
8735.0,English,B
8735.0,Physical Education,D
8736.0,Math,C
8736.0,Science,A
8736.0,History,F
8736.0,English,A
8736.0,Physical Education,A
8737.0,Math,F
8737.0,Science,F
8737.0,History,A
8737.0,English,F
8737.0,Physical Education,C
8738.0,Math,A
8738.0,Science,F
8738.0,History,F
8738.0,English,C
8738.0,Physical Education,B
8739.0,Math,C
8739.0,Science,A
8739.0,History,C
8739.0,English,D
8739.0,Physical Education,D
8740.0,Math,F
8740.0,Science,F
8740.0,History,A
8740.0,English,F
8740.0,Physical Education,D
8741.0,Math,C
8741.0,Science,F
8741.0,History,B
8741.0,English,C
8741.0,Physical Education,C
8742.0,Math,D
8742.0,Science,C
8742.0,History,F
8742.0,English,F
8742.0,Physical Education,B
8743.0,Math,B
8743.0,Science,F
8743.0,History,A
8743.0,English,D
8743.0,Physical Education,B
8744.0,Math,C
8744.0,Science,F
8744.0,History,C
8744.0,English,A
8744.0,Physical Education,D
8745.0,Math,A
8745.0,Science,A
8745.0,History,D
8745.0,English,C
8745.0,Physical Education,C
8746.0,Math,B
8746.0,Science,D
8746.0,History,F
8746.0,English,A
8746.0,Physical Education,A
8747.0,Math,A
8747.0,Science,F
8747.0,History,F
8747.0,English,B
8747.0,Physical Education,D
8748.0,Math,B
8748.0,Science,C
8748.0,History,C
8748.0,English,B
8748.0,Physical Education,A
8749.0,Math,A
8749.0,Science,A
8749.0,History,A
8749.0,English,A
8749.0,Physical Education,A
8750.0,Math,F
8750.0,Science,A
8750.0,History,A
8750.0,English,B
8750.0,Physical Education,D
8751.0,Math,F
8751.0,Science,D
8751.0,History,C
8751.0,English,C
8751.0,Physical Education,A
8752.0,Math,B
8752.0,Science,F
8752.0,History,D
8752.0,English,B
8752.0,Physical Education,A
8753.0,Math,F
8753.0,Science,F
8753.0,History,B
8753.0,English,A
8753.0,Physical Education,F
8754.0,Math,F
8754.0,Science,B
8754.0,History,F
8754.0,English,F
8754.0,Physical Education,D
8755.0,Math,A
8755.0,Science,F
8755.0,History,F
8755.0,English,D
8755.0,Physical Education,A
8756.0,Math,A
8756.0,Science,F
8756.0,History,F
8756.0,English,D
8756.0,Physical Education,D
8757.0,Math,B
8757.0,Science,A
8757.0,History,A
8757.0,English,F
8757.0,Physical Education,A
8758.0,Math,B
8758.0,Science,A
8758.0,History,A
8758.0,English,C
8758.0,Physical Education,A
8759.0,Math,F
8759.0,Science,C
8759.0,History,D
8759.0,English,A
8759.0,Physical Education,B
8760.0,Math,F
8760.0,Science,F
8760.0,History,A
8760.0,English,A
8760.0,Physical Education,F
8761.0,Math,D
8761.0,Science,B
8761.0,History,D
8761.0,English,A
8761.0,Physical Education,C
8762.0,Math,B
8762.0,Science,D
8762.0,History,D
8762.0,English,A
8762.0,Physical Education,C
8763.0,Math,A
8763.0,Science,B
8763.0,History,D
8763.0,English,B
8763.0,Physical Education,B
8764.0,Math,B
8764.0,Science,F
8764.0,History,A
8764.0,English,C
8764.0,Physical Education,B
8765.0,Math,A
8765.0,Science,D
8765.0,History,F
8765.0,English,B
8765.0,Physical Education,A
8766.0,Math,F
8766.0,Science,B
8766.0,History,F
8766.0,English,D
8766.0,Physical Education,F
8767.0,Math,B
8767.0,Science,F
8767.0,History,A
8767.0,English,B
8767.0,Physical Education,A
8768.0,Math,D
8768.0,Science,B
8768.0,History,B
8768.0,English,B
8768.0,Physical Education,B
8769.0,Math,B
8769.0,Science,B
8769.0,History,D
8769.0,English,A
8769.0,Physical Education,B
8770.0,Math,D
8770.0,Science,B
8770.0,History,D
8770.0,English,B
8770.0,Physical Education,D
8771.0,Math,D
8771.0,Science,C
8771.0,History,F
8771.0,English,B
8771.0,Physical Education,A
8772.0,Math,D
8772.0,Science,D
8772.0,History,C
8772.0,English,A
8772.0,Physical Education,A
8773.0,Math,A
8773.0,Science,F
8773.0,History,D
8773.0,English,A
8773.0,Physical Education,D
8774.0,Math,D
8774.0,Science,F
8774.0,History,C
8774.0,English,D
8774.0,Physical Education,B
8775.0,Math,D
8775.0,Science,B
8775.0,History,F
8775.0,English,F
8775.0,Physical Education,B
8776.0,Math,F
8776.0,Science,A
8776.0,History,B
8776.0,English,F
8776.0,Physical Education,C
8777.0,Math,B
8777.0,Science,F
8777.0,History,A
8777.0,English,C
8777.0,Physical Education,B
8778.0,Math,F
8778.0,Science,D
8778.0,History,B
8778.0,English,F
8778.0,Physical Education,F
8779.0,Math,F
8779.0,Science,A
8779.0,History,B
8779.0,English,D
8779.0,Physical Education,F
8780.0,Math,F
8780.0,Science,B
8780.0,History,B
8780.0,English,B
8780.0,Physical Education,C
8781.0,Math,D
8781.0,Science,F
8781.0,History,D
8781.0,English,B
8781.0,Physical Education,A
8782.0,Math,F
8782.0,Science,A
8782.0,History,F
8782.0,English,F
8782.0,Physical Education,F
8783.0,Math,D
8783.0,Science,B
8783.0,History,F
8783.0,English,D
8783.0,Physical Education,B
8784.0,Math,C
8784.0,Science,A
8784.0,History,C
8784.0,English,B
8784.0,Physical Education,D
8785.0,Math,A
8785.0,Science,B
8785.0,History,C
8785.0,English,B
8785.0,Physical Education,B
8786.0,Math,B
8786.0,Science,D
8786.0,History,C
8786.0,English,B
8786.0,Physical Education,F
8787.0,Math,B
8787.0,Science,C
8787.0,History,B
8787.0,English,A
8787.0,Physical Education,C
8788.0,Math,A
8788.0,Science,C
8788.0,History,C
8788.0,English,F
8788.0,Physical Education,A
8789.0,Math,C
8789.0,Science,A
8789.0,History,C
8789.0,English,A
8789.0,Physical Education,C
8790.0,Math,C
8790.0,Science,C
8790.0,History,A
8790.0,English,A
8790.0,Physical Education,F
8791.0,Math,D
8791.0,Science,F
8791.0,History,D
8791.0,English,D
8791.0,Physical Education,C
8792.0,Math,B
8792.0,Science,F
8792.0,History,A
8792.0,English,F
8792.0,Physical Education,B
8793.0,Math,A
8793.0,Science,B
8793.0,History,A
8793.0,English,D
8793.0,Physical Education,D
8794.0,Math,B
8794.0,Science,D
8794.0,History,C
8794.0,English,F
8794.0,Physical Education,A
8795.0,Math,D
8795.0,Science,C
8795.0,History,F
8795.0,English,F
8795.0,Physical Education,A
8796.0,Math,A
8796.0,Science,C
8796.0,History,F
8796.0,English,D
8796.0,Physical Education,A
8797.0,Math,A
8797.0,Science,D
8797.0,History,F
8797.0,English,D
8797.0,Physical Education,C
8798.0,Math,C
8798.0,Science,A
8798.0,History,A
8798.0,English,F
8798.0,Physical Education,B
8799.0,Math,C
8799.0,Science,B
8799.0,History,F
8799.0,English,B
8799.0,Physical Education,A
8800.0,Math,D
8800.0,Science,F
8800.0,History,A
8800.0,English,C
8800.0,Physical Education,A
8801.0,Math,B
8801.0,Science,A
8801.0,History,F
8801.0,English,F
8801.0,Physical Education,A
8802.0,Math,D
8802.0,Science,F
8802.0,History,F
8802.0,English,F
8802.0,Physical Education,C
8803.0,Math,C
8803.0,Science,B
8803.0,History,A
8803.0,English,B
8803.0,Physical Education,F
8804.0,Math,B
8804.0,Science,F
8804.0,History,F
8804.0,English,A
8804.0,Physical Education,F
8805.0,Math,D
8805.0,Science,F
8805.0,History,D
8805.0,English,D
8805.0,Physical Education,A
8806.0,Math,D
8806.0,Science,A
8806.0,History,D
8806.0,English,B
8806.0,Physical Education,B
8807.0,Math,D
8807.0,Science,C
8807.0,History,D
8807.0,English,C
8807.0,Physical Education,B
8808.0,Math,C
8808.0,Science,F
8808.0,History,D
8808.0,English,D
8808.0,Physical Education,B
8809.0,Math,B
8809.0,Science,B
8809.0,History,F
8809.0,English,F
8809.0,Physical Education,F
8810.0,Math,F
8810.0,Science,D
8810.0,History,B
8810.0,English,D
8810.0,Physical Education,C
8811.0,Math,F
8811.0,Science,F
8811.0,History,F
8811.0,English,B
8811.0,Physical Education,A
8812.0,Math,B
8812.0,Science,B
8812.0,History,A
8812.0,English,B
8812.0,Physical Education,D
8813.0,Math,D
8813.0,Science,C
8813.0,History,F
8813.0,English,C
8813.0,Physical Education,A
8814.0,Math,A
8814.0,Science,D
8814.0,History,C
8814.0,English,F
8814.0,Physical Education,C
8815.0,Math,F
8815.0,Science,C
8815.0,History,D
8815.0,English,D
8815.0,Physical Education,B
8816.0,Math,B
8816.0,Science,C
8816.0,History,F
8816.0,English,C
8816.0,Physical Education,F
8817.0,Math,C
8817.0,Science,A
8817.0,History,F
8817.0,English,D
8817.0,Physical Education,B
8818.0,Math,B
8818.0,Science,C
8818.0,History,C
8818.0,English,A
8818.0,Physical Education,F
8819.0,Math,A
8819.0,Science,F
8819.0,History,F
8819.0,English,F
8819.0,Physical Education,D
8820.0,Math,F
8820.0,Science,D
8820.0,History,A
8820.0,English,C
8820.0,Physical Education,B
8821.0,Math,C
8821.0,Science,F
8821.0,History,B
8821.0,English,F
8821.0,Physical Education,B
8822.0,Math,A
8822.0,Science,B
8822.0,History,C
8822.0,English,A
8822.0,Physical Education,D
8823.0,Math,D
8823.0,Science,D
8823.0,History,D
8823.0,English,A
8823.0,Physical Education,F
8824.0,Math,B
8824.0,Science,A
8824.0,History,A
8824.0,English,B
8824.0,Physical Education,F
8825.0,Math,F
8825.0,Science,F
8825.0,History,C
8825.0,English,D
8825.0,Physical Education,F
8826.0,Math,D
8826.0,Science,C
8826.0,History,D
8826.0,English,A
8826.0,Physical Education,B
8827.0,Math,C
8827.0,Science,
8827.0,History,B
8827.0,English,D
8827.0,Physical Education,D
8828.0,Math,F
8828.0,Science,B
8828.0,History,C
8828.0,English,C
8828.0,Physical Education,C
8829.0,Math,B
8829.0,Science,F
8829.0,History,F
8829.0,English,B
8829.0,Physical Education,F
8830.0,Math,C
8830.0,Science,F
8830.0,History,B
8830.0,English,D
8830.0,Physical Education,B
8831.0,Math,A
8831.0,Science,D
8831.0,History,D
8831.0,English,A
8831.0,Physical Education,A
8832.0,Math,F
8832.0,Science,D
8832.0,History,B
8832.0,English,D
8832.0,Physical Education,A
8833.0,Math,D
8833.0,Science,B
8833.0,History,B
8833.0,English,B
8833.0,Physical Education,C
8834.0,Math,A
8834.0,Science,F
8834.0,History,D
8834.0,English,D
8834.0,Physical Education,C
8835.0,Math,D
8835.0,Science,F
8835.0,History,D
8835.0,English,A
8835.0,Physical Education,B
8836.0,Math,C
8836.0,Science,C
8836.0,History,D
8836.0,English,F
8836.0,Physical Education,F
8837.0,Math,C
8837.0,Science,D
8837.0,History,D
8837.0,English,B
8837.0,Physical Education,D
8838.0,Math,A
8838.0,Science,A
8838.0,History,F
8838.0,English,F
8838.0,Physical Education,A
8839.0,Math,A
8839.0,Science,D
8839.0,History,C
8839.0,English,B
8839.0,Physical Education,A
8840.0,Math,A
8840.0,Science,C
8840.0,History,B
8840.0,English,C
8840.0,Physical Education,F
8841.0,Math,B
8841.0,Science,D
8841.0,History,D
8841.0,English,A
8841.0,Physical Education,C
8842.0,Math,D
8842.0,Science,A
8842.0,History,F
8842.0,English,B
8842.0,Physical Education,A
8843.0,Math,A
8843.0,Science,D
8843.0,History,F
8843.0,English,C
8843.0,Physical Education,A
8844.0,Math,D
8844.0,Science,D
8844.0,History,C
8844.0,English,F
8844.0,Physical Education,C
8845.0,Math,C
8845.0,Science,F
8845.0,History,F
8845.0,English,F
8845.0,Physical Education,D
8846.0,Math,C
8846.0,Science,C
8846.0,History,C
8846.0,English,C
8846.0,Physical Education,B
8847.0,Math,A
8847.0,Science,F
8847.0,History,F
8847.0,English,C
8847.0,Physical Education,D
8848.0,Math,D
8848.0,Science,A
8848.0,History,C
8848.0,English,B
8848.0,Physical Education,B
8849.0,Math,A
8849.0,Science,B
8849.0,History,B
8849.0,English,A
8849.0,Physical Education,C
8850.0,Math,C
8850.0,Science,F
8850.0,History,B
8850.0,English,D
8850.0,Physical Education,A
8851.0,Math,A
8851.0,Science,B
8851.0,History,B
8851.0,English,F
8851.0,Physical Education,A
8852.0,Math,B
8852.0,Science,A
8852.0,History,F
8852.0,English,D
8852.0,Physical Education,C
8853.0,Math,D
8853.0,Science,A
8853.0,History,F
8853.0,English,D
8853.0,Physical Education,F
8854.0,Math,A
8854.0,Science,B
8854.0,History,D
8854.0,English,B
8854.0,Physical Education,A
8855.0,Math,F
8855.0,Science,C
8855.0,History,A
8855.0,English,A
8855.0,Physical Education,F
8856.0,Math,C
8856.0,Science,D
8856.0,History,C
8856.0,English,D
8856.0,Physical Education,A
8857.0,Math,C
8857.0,Science,B
8857.0,History,D
8857.0,English,A
8857.0,Physical Education,B
8858.0,Math,A
8858.0,Science,C
8858.0,History,C
8858.0,English,D
8858.0,Physical Education,F
8859.0,Math,D
8859.0,Science,B
8859.0,History,C
8859.0,English,D
8859.0,Physical Education,F
8860.0,Math,A
8860.0,Science,B
8860.0,History,B
8860.0,English,C
8860.0,Physical Education,D
8861.0,Math,F
8861.0,Science,A
8861.0,History,F
8861.0,English,B
8861.0,Physical Education,F
8862.0,Math,D
8862.0,Science,A
8862.0,History,C
8862.0,English,D
8862.0,Physical Education,F
8863.0,Math,B
8863.0,Science,F
8863.0,History,D
8863.0,English,D
8863.0,Physical Education,A
8864.0,Math,C
8864.0,Science,B
8864.0,History,F
8864.0,English,D
8864.0,Physical Education,D
8865.0,Math,D
8865.0,Science,A
8865.0,History,B
8865.0,English,C
8865.0,Physical Education,F
8866.0,Math,B
8866.0,Science,F
8866.0,History,F
8866.0,English,C
8866.0,Physical Education,B
8867.0,Math,D
8867.0,Science,A
8867.0,History,A
8867.0,English,A
8867.0,Physical Education,F
8868.0,Math,F
8868.0,Science,B
8868.0,History,C
8868.0,English,B
8868.0,Physical Education,F
8869.0,Math,B
8869.0,Science,C
8869.0,History,D
8869.0,English,B
8869.0,Physical Education,B
8870.0,Math,F
8870.0,Science,D
8870.0,History,F
8870.0,English,A
8870.0,Physical Education,B
8871.0,Math,A
8871.0,Science,D
8871.0,History,C
8871.0,English,B
8871.0,Physical Education,F
8872.0,Math,A
8872.0,Science,D
8872.0,History,D
8872.0,English,D
8872.0,Physical Education,C
8873.0,Math,A
8873.0,Science,F
8873.0,History,B
8873.0,English,F
8873.0,Physical Education,D
8874.0,Math,A
8874.0,Science,C
8874.0,History,C
8874.0,English,A
8874.0,Physical Education,A
8875.0,Math,D
8875.0,Science,C
8875.0,History,F
8875.0,English,D
8875.0,Physical Education,D
8876.0,Math,B
8876.0,Science,D
8876.0,History,B
8876.0,English,A
8876.0,Physical Education,D
8877.0,Math,D
8877.0,Science,A
8877.0,History,F
8877.0,English,F
8877.0,Physical Education,D
8878.0,Math,D
8878.0,Science,F
8878.0,History,A
8878.0,English,B
8878.0,Physical Education,C
8879.0,Math,D
8879.0,Science,B
8879.0,History,D
8879.0,English,C
8879.0,Physical Education,D
8880.0,Math,B
8880.0,Science,A
8880.0,History,D
8880.0,English,B
8880.0,Physical Education,B
8881.0,Math,D
8881.0,Science,B
8881.0,History,C
8881.0,English,D
8881.0,Physical Education,F
8882.0,Math,D
8882.0,Science,F
8882.0,History,A
8882.0,English,A
8882.0,Physical Education,B
8883.0,Math,F
8883.0,Science,A
8883.0,History,C
8883.0,English,D
8883.0,Physical Education,F
8884.0,Math,B
8884.0,Science,D
8884.0,History,C
8884.0,English,B
8884.0,Physical Education,C
8885.0,Math,C
8885.0,Science,A
8885.0,History,C
8885.0,English,F
8885.0,Physical Education,B
8886.0,Math,B
8886.0,Science,A
8886.0,History,A
8886.0,English,A
8886.0,Physical Education,A
8887.0,Math,D
8887.0,Science,F
8887.0,History,B
8887.0,English,C
8887.0,Physical Education,A
8888.0,Math,F
8888.0,Science,D
8888.0,History,B
8888.0,English,C
8888.0,Physical Education,C
8889.0,Math,A
8889.0,Science,F
8889.0,History,D
8889.0,English,C
8889.0,Physical Education,F
8890.0,Math,C
8890.0,Science,B
8890.0,History,F
8890.0,English,F
8890.0,Physical Education,A
8891.0,Math,D
8891.0,Science,F
8891.0,History,D
8891.0,English,C
8891.0,Physical Education,D
8892.0,Math,D
8892.0,Science,C
8892.0,History,F
8892.0,English,A
8892.0,Physical Education,A
8893.0,Math,A
8893.0,Science,C
8893.0,History,B
8893.0,English,C
8893.0,Physical Education,B
8894.0,Math,F
8894.0,Science,C
8894.0,History,B
8894.0,English,A
8894.0,Physical Education,D
8895.0,Math,B
8895.0,Science,F
8895.0,History,B
8895.0,English,D
8895.0,Physical Education,C
8896.0,Math,C
8896.0,Science,A
8896.0,History,A
8896.0,English,A
8896.0,Physical Education,A
8897.0,Math,D
8897.0,Science,C
8897.0,History,A
8897.0,English,F
8897.0,Physical Education,C
8898.0,Math,C
8898.0,Science,D
8898.0,History,C
8898.0,English,C
8898.0,Physical Education,B
8899.0,Math,D
8899.0,Science,A
8899.0,History,C
8899.0,English,C
8899.0,Physical Education,F
8900.0,Math,F
8900.0,Science,B
8900.0,History,D
8900.0,English,A
8900.0,Physical Education,B
8901.0,Math,B
8901.0,Science,F
8901.0,History,F
8901.0,English,D
8901.0,Physical Education,C
8902.0,Math,F
8902.0,Science,B
8902.0,History,A
8902.0,English,A
8902.0,Physical Education,B
8903.0,Math,C
8903.0,Science,D
8903.0,History,C
8903.0,English,F
8903.0,Physical Education,F
8904.0,Math,C
8904.0,Science,A
8904.0,History,B
8904.0,English,D
8904.0,Physical Education,D
8905.0,Math,A
8905.0,Science,C
8905.0,History,D
8905.0,English,C
8905.0,Physical Education,A
8906.0,Math,A
8906.0,Science,D
8906.0,History,C
8906.0,English,F
8906.0,Physical Education,F
8907.0,Math,A
8907.0,Science,D
8907.0,History,C
8907.0,English,B
8907.0,Physical Education,B
8908.0,Math,C
8908.0,Science,D
8908.0,History,C
8908.0,English,A
8908.0,Physical Education,A
8909.0,Math,F
8909.0,Science,B
8909.0,History,C
8909.0,English,A
8909.0,Physical Education,F
8910.0,Math,D
8910.0,Science,D
8910.0,History,D
8910.0,English,F
8910.0,Physical Education,C
8911.0,Math,B
8911.0,Science,B
8911.0,History,F
8911.0,English,A
8911.0,Physical Education,C
8912.0,Math,F
8912.0,Science,F
8912.0,History,C
8912.0,English,F
8912.0,Physical Education,C
8913.0,Math,C
8913.0,Science,D
8913.0,History,A
8913.0,English,B
8913.0,Physical Education,C
8914.0,Math,A
8914.0,Science,F
8914.0,History,B
8914.0,English,A
8914.0,Physical Education,C
8915.0,Math,A
8915.0,Science,B
8915.0,History,B
8915.0,English,C
8915.0,Physical Education,B
8916.0,Math,C
8916.0,Science,D
8916.0,History,A
8916.0,English,C
8916.0,Physical Education,C
8917.0,Math,F
8917.0,Science,D
8917.0,History,C
8917.0,English,F
8917.0,Physical Education,C
8918.0,Math,B
8918.0,Science,C
8918.0,History,B
8918.0,English,F
8918.0,Physical Education,F
8919.0,Math,F
8919.0,Science,A
8919.0,History,D
8919.0,English,B
8919.0,Physical Education,D
8920.0,Math,B
8920.0,Science,B
8920.0,History,C
8920.0,English,F
8920.0,Physical Education,A
8921.0,Math,B
8921.0,Science,B
8921.0,History,D
8921.0,English,F
8921.0,Physical Education,D
8922.0,Math,A
8922.0,Science,B
8922.0,History,B
8922.0,English,D
8922.0,Physical Education,F
8923.0,Math,C
8923.0,Science,C
8923.0,History,D
8923.0,English,A
8923.0,Physical Education,C
8924.0,Math,A
8924.0,Science,D
8924.0,History,A
8924.0,English,F
8924.0,Physical Education,D
8925.0,Math,B
8925.0,Science,D
8925.0,History,C
8925.0,English,F
8925.0,Physical Education,B
8926.0,Math,C
8926.0,Science,F
8926.0,History,C
8926.0,English,A
8926.0,Physical Education,C
8927.0,Math,D
8927.0,Science,C
8927.0,History,C
8927.0,English,C
8927.0,Physical Education,C
8928.0,Math,A
8928.0,Science,D
8928.0,History,A
8928.0,English,C
8928.0,Physical Education,D
8929.0,Math,A
8929.0,Science,F
8929.0,History,B
8929.0,English,C
8929.0,Physical Education,C
8930.0,Math,A
8930.0,Science,C
8930.0,History,A
8930.0,English,C
8930.0,Physical Education,B
8931.0,Math,C
8931.0,Science,A
8931.0,History,C
8931.0,English,A
8931.0,Physical Education,F
8932.0,Math,A
8932.0,Science,C
8932.0,History,B
8932.0,English,C
8932.0,Physical Education,F
8933.0,Math,F
8933.0,Science,A
8933.0,History,F
8933.0,English,C
8933.0,Physical Education,A
8934.0,Math,B
8934.0,Science,B
8934.0,History,A
8934.0,English,D
8934.0,Physical Education,D
8935.0,Math,C
8935.0,Science,F
8935.0,History,C
8935.0,English,D
8935.0,Physical Education,A
8936.0,Math,A
8936.0,Science,D
8936.0,History,F
8936.0,English,F
8936.0,Physical Education,F
8937.0,Math,A
8937.0,Science,B
8937.0,History,C
8937.0,English,B
8937.0,Physical Education,D
8938.0,Math,D
8938.0,Science,F
8938.0,History,A
8938.0,English,D
8938.0,Physical Education,F
8939.0,Math,B
8939.0,Science,C
8939.0,History,A
8939.0,English,A
8939.0,Physical Education,B
8940.0,Math,F
8940.0,Science,F
8940.0,History,F
8940.0,English,C
8940.0,Physical Education,C
8941.0,Math,A
8941.0,Science,C
8941.0,History,A
8941.0,English,D
8941.0,Physical Education,B
8942.0,Math,B
8942.0,Science,D
8942.0,History,F
8942.0,English,F
8942.0,Physical Education,D
8943.0,Math,A
8943.0,Science,C
8943.0,History,C
8943.0,English,F
8943.0,Physical Education,D
8944.0,Math,B
8944.0,Science,B
8944.0,History,A
8944.0,English,D
8944.0,Physical Education,C
8945.0,Math,D
8945.0,Science,A
8945.0,History,D
8945.0,English,D
8945.0,Physical Education,B
8946.0,Math,F
8946.0,Science,B
8946.0,History,B
8946.0,English,B
8946.0,Physical Education,C
8947.0,Math,C
8947.0,Science,B
,History,D
8947.0,English,F
8947.0,Physical Education,B
8948.0,Math,F
8948.0,Science,F
8948.0,History,A
8948.0,English,F
8948.0,Physical Education,F
8949.0,Math,B
8949.0,Science,A
8949.0,History,A
8949.0,English,A
8949.0,Physical Education,C
8950.0,Math,D
8950.0,Science,A
8950.0,History,F
8950.0,English,A
8950.0,Physical Education,D
8951.0,Math,C
8951.0,Science,B
8951.0,History,B
8951.0,English,A
8951.0,Physical Education,A
8952.0,Math,B
8952.0,Science,D
8952.0,History,D
8952.0,English,D
8952.0,Physical Education,F
8953.0,Math,D
8953.0,Science,B
8953.0,History,D
8953.0,English,F
8953.0,Physical Education,D
8954.0,Math,F
8954.0,Science,B
8954.0,History,D
8954.0,English,A
8954.0,Physical Education,A
8955.0,Math,F
8955.0,Science,A
8955.0,History,C
8955.0,English,D
8955.0,Physical Education,A
8956.0,Math,D
8956.0,Science,A
8956.0,History,B
8956.0,English,A
8956.0,Physical Education,B
8957.0,Math,F
8957.0,Science,D
8957.0,History,C
8957.0,English,A
8957.0,Physical Education,C
8958.0,Math,C
8958.0,Science,D
8958.0,History,F
8958.0,English,C
8958.0,Physical Education,F
8959.0,Math,A
8959.0,Science,C
8959.0,History,A
8959.0,English,B
8959.0,Physical Education,D
8960.0,Math,F
8960.0,Science,C
8960.0,History,D
8960.0,English,A
8960.0,Physical Education,B
8961.0,Math,F
8961.0,Science,C
8961.0,History,C
8961.0,English,F
8961.0,Physical Education,C
8962.0,Math,C
8962.0,Science,B
8962.0,History,C
8962.0,English,A
8962.0,Physical Education,D
8963.0,Math,F
8963.0,Science,F
8963.0,History,A
8963.0,English,B
8963.0,Physical Education,D
8964.0,Math,F
8964.0,Science,F
8964.0,History,D
8964.0,English,D
8964.0,Physical Education,A
8965.0,Math,C
8965.0,Science,A
8965.0,History,C
8965.0,English,C
8965.0,Physical Education,D
8966.0,Math,C
8966.0,Science,D
8966.0,History,B
8966.0,English,B
8966.0,Physical Education,D
8967.0,Math,F
8967.0,Science,A
8967.0,History,A
8967.0,English,A
8967.0,Physical Education,C
8968.0,Math,B
8968.0,Science,A
8968.0,History,B
8968.0,English,B
8968.0,Physical Education,D
8969.0,Math,C
8969.0,Science,D
8969.0,History,D
8969.0,English,C
8969.0,Physical Education,A
8970.0,Math,D
8970.0,Science,D
8970.0,History,F
8970.0,English,F
8970.0,Physical Education,A
8971.0,Math,C
8971.0,Science,F
8971.0,History,D
8971.0,English,C
8971.0,Physical Education,D
8972.0,Math,B
8972.0,Science,F
8972.0,History,D
8972.0,English,C
8972.0,Physical Education,A
8973.0,Math,A
8973.0,Science,F
8973.0,History,B
8973.0,English,A
8973.0,Physical Education,D
8974.0,Math,F
8974.0,Science,D
8974.0,History,B
8974.0,English,D
8974.0,Physical Education,C
8975.0,Math,F
8975.0,Science,D
8975.0,History,B
8975.0,English,F
8975.0,Physical Education,A
8976.0,Math,D
8976.0,Science,B
8976.0,History,D
8976.0,English,D
8976.0,Physical Education,D
8977.0,Math,D
8977.0,Science,C
8977.0,History,B
8977.0,English,D
8977.0,Physical Education,D
8978.0,Math,F
8978.0,Science,F
8978.0,History,A
8978.0,English,D
8978.0,Physical Education,D
8979.0,Math,F
8979.0,Science,A
8979.0,History,A
8979.0,English,F
8979.0,Physical Education,A
8980.0,Math,B
8980.0,Science,C
8980.0,History,C
8980.0,English,A
8980.0,Physical Education,D
8981.0,Math,F
8981.0,Science,D
8981.0,History,A
8981.0,English,A
8981.0,Physical Education,D
8982.0,Math,A
8982.0,Science,F
8982.0,History,A
8982.0,English,C
8982.0,Physical Education,C
8983.0,Math,C
8983.0,Science,F
8983.0,History,C
8983.0,English,B
8983.0,Physical Education,A
8984.0,Math,D
8984.0,Science,C
8984.0,History,F
8984.0,English,D
8984.0,Physical Education,F
8985.0,Math,D
8985.0,Science,F
8985.0,History,B
8985.0,English,D
8985.0,Physical Education,A
8986.0,Math,F
8986.0,Science,D
8986.0,History,A
8986.0,English,A
8986.0,Physical Education,F
8987.0,Math,F
8987.0,Science,B
8987.0,History,B
8987.0,English,D
8987.0,Physical Education,A
8988.0,Math,C
8988.0,Science,C
8988.0,History,F
8988.0,English,C
8988.0,Physical Education,B
8989.0,Math,B
8989.0,Science,F
8989.0,History,F
8989.0,English,C
8989.0,Physical Education,B
8990.0,Math,B
8990.0,Science,F
8990.0,History,C
8990.0,English,F
8990.0,Physical Education,C
8991.0,Math,D
8991.0,Science,B
8991.0,History,F
8991.0,English,A
8991.0,Physical Education,C
8992.0,Math,A
8992.0,Science,D
8992.0,History,F
8992.0,English,B
8992.0,Physical Education,F
8993.0,Math,C
8993.0,Science,C
8993.0,History,B
8993.0,English,B
8993.0,Physical Education,D
8994.0,Math,C
8994.0,Science,F
8994.0,History,C
8994.0,English,A
8994.0,Physical Education,D
8995.0,Math,D
8995.0,Science,C
8995.0,History,B
8995.0,English,C
8995.0,Physical Education,D
8996.0,Math,F
8996.0,Science,F
8996.0,History,B
8996.0,English,C
8996.0,Physical Education,F
8997.0,Math,B
8997.0,Science,B
8997.0,History,A
8997.0,English,A
8997.0,Physical Education,F
8998.0,Math,F
8998.0,Science,A
8998.0,History,C
8998.0,English,D
8998.0,Physical Education,F
8999.0,Math,D
8999.0,Science,F
8999.0,History,F
8999.0,English,A
8999.0,Physical Education,C
9000.0,Math,A
9000.0,Science,F
9000.0,History,C
9000.0,English,A
9000.0,Physical Education,A
9001.0,Math,B
9001.0,Science,F
9001.0,History,A
9001.0,English,A
9001.0,Physical Education,F
9002.0,Math,D
9002.0,Science,A
9002.0,History,B
9002.0,English,C
9002.0,Physical Education,F
9003.0,Math,F
9003.0,Science,D
9003.0,History,B
9003.0,English,F
9003.0,Physical Education,A
9004.0,Math,D
9004.0,Science,B
9004.0,History,A
9004.0,English,B
9004.0,Physical Education,F
9005.0,Math,D
9005.0,Science,D
9005.0,History,A
9005.0,English,A
9005.0,Physical Education,C
9006.0,Math,C
9006.0,Science,A
9006.0,History,D
9006.0,English,D
9006.0,Physical Education,C
9007.0,Math,F
9007.0,Science,D
9007.0,History,D
9007.0,English,C
9007.0,Physical Education,D
9008.0,Math,F
9008.0,Science,D
9008.0,History,B
9008.0,English,D
9008.0,Physical Education,D
9009.0,Math,C
9009.0,Science,B
9009.0,History,C
9009.0,English,B
9009.0,Physical Education,F
9010.0,Math,B
9010.0,Science,A
9010.0,History,D
9010.0,English,A
9010.0,Physical Education,B
9011.0,Math,D
9011.0,Science,F
9011.0,History,B
9011.0,English,F
9011.0,Physical Education,D
9012.0,Math,D
9012.0,Science,F
9012.0,History,D
9012.0,English,B
9012.0,Physical Education,A
9013.0,Math,B
9013.0,Science,B
9013.0,History,F
9013.0,English,C
9013.0,Physical Education,B
9014.0,Math,D
9014.0,Science,D
9014.0,History,F
9014.0,English,D
9014.0,Physical Education,B
9015.0,Math,B
9015.0,Science,C
9015.0,History,A
9015.0,English,D
9015.0,Physical Education,A
9016.0,Math,F
9016.0,Science,D
9016.0,History,C
9016.0,English,F
9016.0,Physical Education,F
9017.0,Math,A
9017.0,Science,A
9017.0,History,B
9017.0,English,D
9017.0,Physical Education,D
9018.0,Math,C
9018.0,Science,F
9018.0,History,B
9018.0,English,B
9018.0,Physical Education,C
9019.0,Math,C
9019.0,Science,D
9019.0,History,A
9019.0,English,F
9019.0,Physical Education,C
9020.0,Math,B
9020.0,Science,F
9020.0,History,C
9020.0,English,A
9020.0,Physical Education,D
9021.0,Math,B
9021.0,Science,B
9021.0,History,F
9021.0,English,B
9021.0,Physical Education,D
9022.0,Math,D
9022.0,Science,D
9022.0,History,A
9022.0,English,B
9022.0,Physical Education,A
9023.0,Math,B
9023.0,Science,F
9023.0,History,A
9023.0,English,A
9023.0,Physical Education,B
9024.0,Math,C
9024.0,Science,C
9024.0,History,A
9024.0,English,B
9024.0,Physical Education,B
9025.0,Math,F
9025.0,Science,A
9025.0,History,F
9025.0,English,C
9025.0,Physical Education,C
9026.0,Math,B
9026.0,Science,F
9026.0,History,B
9026.0,English,A
9026.0,Physical Education,F
9027.0,Math,A
9027.0,Science,D
9027.0,History,F
9027.0,English,B
9027.0,Physical Education,C
9028.0,Math,F
9028.0,Science,C
9028.0,History,F
9028.0,English,D
9028.0,Physical Education,F
9029.0,Math,F
9029.0,Science,D
9029.0,History,D
9029.0,English,F
9029.0,Physical Education,B
9030.0,Math,D
9030.0,Science,C
9030.0,History,C
9030.0,English,D
9030.0,Physical Education,B
9031.0,Math,B
9031.0,Science,C
9031.0,History,D
9031.0,English,A
9031.0,Physical Education,A
9032.0,Math,A
9032.0,Science,D
9032.0,History,D
9032.0,English,D
9032.0,Physical Education,F
9033.0,Math,F
9033.0,Science,A
9033.0,History,C
9033.0,English,D
9033.0,Physical Education,B
9034.0,Math,A
9034.0,Science,F
9034.0,History,A
9034.0,English,B
9034.0,Physical Education,D
9035.0,Math,D
9035.0,Science,B
9035.0,History,C
9035.0,English,F
9035.0,Physical Education,A
9036.0,Math,C
9036.0,Science,D
9036.0,History,C
9036.0,English,B
9036.0,Physical Education,B
9037.0,Math,C
9037.0,Science,F
9037.0,History,B
9037.0,English,C
9037.0,Physical Education,F
9038.0,Math,F
9038.0,Science,C
9038.0,History,A
9038.0,English,F
9038.0,Physical Education,F
9039.0,Math,B
9039.0,Science,B
9039.0,History,D
9039.0,English,C
9039.0,Physical Education,F
9040.0,Math,F
9040.0,Science,D
9040.0,History,B
9040.0,English,F
9040.0,Physical Education,F
9041.0,Math,B
9041.0,Science,F
9041.0,History,B
9041.0,English,B
9041.0,Physical Education,F
9042.0,Math,B
9042.0,Science,F
9042.0,History,F
9042.0,English,F
9042.0,Physical Education,A
9043.0,Math,B
9043.0,Science,C
9043.0,History,F
9043.0,English,D
9043.0,Physical Education,F
9044.0,Math,D
9044.0,Science,D
9044.0,History,F
9044.0,English,B
9044.0,Physical Education,B
9045.0,Math,B
9045.0,Science,D
9045.0,History,D
9045.0,English,F
9045.0,Physical Education,D
9046.0,Math,B
9046.0,Science,A
9046.0,History,D
9046.0,English,C
9046.0,Physical Education,D
9047.0,Math,A
9047.0,Science,A
9047.0,History,B
9047.0,English,B
9047.0,Physical Education,A
9048.0,Math,C
9048.0,Science,D
9048.0,History,F
9048.0,English,F
9048.0,Physical Education,B
9049.0,Math,C
9049.0,Science,B
9049.0,History,C
9049.0,English,C
9049.0,Physical Education,F
9050.0,Math,A
9050.0,Science,C
9050.0,History,C
9050.0,English,F
9050.0,Physical Education,F
9051.0,Math,A
9051.0,Science,B
9051.0,History,B
9051.0,English,A
9051.0,Physical Education,C
9052.0,Math,D
9052.0,Science,A
9052.0,History,A
9052.0,English,C
9052.0,Physical Education,D
9053.0,Math,A
9053.0,Science,B
9053.0,History,F
9053.0,English,A
9053.0,Physical Education,A
9054.0,Math,F
9054.0,Science,F
9054.0,History,A
9054.0,English,F
9054.0,Physical Education,F
9055.0,Math,B
9055.0,Science,C
9055.0,History,A
9055.0,English,B
9055.0,Physical Education,B
9056.0,Math,B
9056.0,Science,A
9056.0,History,D
9056.0,English,F
9056.0,Physical Education,B
9057.0,Math,A
9057.0,Science,C
9057.0,History,D
9057.0,English,C
9057.0,Physical Education,C
9058.0,Math,D
9058.0,Science,D
9058.0,History,B
9058.0,English,A
9058.0,Physical Education,F
9059.0,Math,A
9059.0,Science,C
9059.0,History,A
9059.0,English,B
9059.0,Physical Education,A
9060.0,Math,D
9060.0,Science,D
9060.0,History,C
9060.0,English,A
9060.0,Physical Education,B
9061.0,Math,D
9061.0,Science,A
9061.0,History,D
9061.0,English,D
9061.0,Physical Education,B
9062.0,Math,A
9062.0,Science,A
9062.0,History,F
9062.0,English,D
9062.0,Physical Education,C
9063.0,Math,C
9063.0,Science,C
9063.0,History,C
9063.0,English,C
9063.0,Physical Education,A
9064.0,Math,F
9064.0,Science,A
9064.0,History,B
9064.0,English,F
9064.0,Physical Education,B
9065.0,Math,C
9065.0,Science,F
9065.0,History,D
9065.0,English,D
9065.0,Physical Education,B
9066.0,Math,C
9066.0,Science,B
9066.0,History,F
9066.0,English,D
9066.0,Physical Education,B
9067.0,Math,C
9067.0,Science,B
9067.0,History,B
9067.0,English,B
9067.0,Physical Education,D
9068.0,Math,A
9068.0,Science,D
9068.0,History,A
9068.0,English,C
9068.0,Physical Education,A
9069.0,Math,A
9069.0,Science,C
9069.0,History,D
9069.0,English,D
9069.0,Physical Education,A
9070.0,Math,C
9070.0,Science,A
9070.0,History,F
9070.0,English,C
9070.0,Physical Education,C
9071.0,Math,B
9071.0,Science,B
9071.0,History,D
9071.0,English,D
9071.0,Physical Education,F
9072.0,Math,F
9072.0,Science,D
9072.0,History,B
9072.0,English,A
9072.0,Physical Education,F
9073.0,Math,F
9073.0,Science,F
9073.0,History,C
9073.0,English,B
9073.0,Physical Education,C
9074.0,Math,F
9074.0,Science,A
9074.0,History,D
9074.0,English,C
9074.0,Physical Education,B
9075.0,Math,F
9075.0,Science,F
9075.0,History,C
9075.0,English,C
9075.0,Physical Education,A
9076.0,Math,B
9076.0,Science,D
9076.0,History,A
9076.0,English,C
9076.0,Physical Education,F
9077.0,Math,D
9077.0,Science,D
9077.0,History,C
9077.0,English,F
9077.0,Physical Education,A
9078.0,Math,A
9078.0,Science,A
9078.0,History,C
9078.0,English,D
9078.0,Physical Education,B
9079.0,Math,F
9079.0,Science,B
9079.0,History,F
9079.0,English,D
9079.0,Physical Education,B
9080.0,Math,A
9080.0,Science,C
9080.0,History,B
9080.0,English,C
9080.0,Physical Education,F
9081.0,Math,B
9081.0,Science,D
9081.0,History,A
9081.0,English,B
9081.0,Physical Education,F
9082.0,Math,B
9082.0,Science,F
9082.0,History,F
9082.0,English,B
9082.0,Physical Education,A
9083.0,Math,F
9083.0,Science,A
9083.0,History,C
9083.0,English,F
9083.0,Physical Education,A
9084.0,Math,A
9084.0,Science,F
9084.0,History,F
9084.0,English,D
9084.0,Physical Education,D
9085.0,Math,B
9085.0,Science,C
9085.0,History,A
9085.0,English,C
9085.0,Physical Education,A
9086.0,Math,A
9086.0,Science,A
9086.0,History,C
9086.0,English,A
9086.0,Physical Education,B
9087.0,Math,C
9087.0,Science,C
9087.0,History,F
9087.0,English,B
9087.0,Physical Education,F
9088.0,Math,A
9088.0,Science,F
9088.0,History,B
9088.0,English,D
9088.0,Physical Education,C
9089.0,Math,A
9089.0,Science,B
9089.0,History,B
9089.0,English,A
9089.0,Physical Education,F
9090.0,Math,D
9090.0,Science,A
9090.0,History,B
9090.0,English,B
9090.0,Physical Education,C
9091.0,Math,F
9091.0,Science,F
9091.0,History,B
9091.0,English,F
9091.0,Physical Education,A
9092.0,Math,B
9092.0,Science,C
9092.0,History,C
9092.0,English,D
9092.0,Physical Education,C
9093.0,Math,B
9093.0,Science,D
9093.0,History,C
9093.0,English,C
9093.0,Physical Education,C
9094.0,Math,D
9094.0,Science,B
9094.0,History,A
9094.0,English,C
9094.0,Physical Education,B
9095.0,Math,D
9095.0,Science,C
9095.0,History,F
9095.0,English,D
9095.0,Physical Education,B
9096.0,Math,C
9096.0,Science,B
9096.0,History,F
9096.0,English,A
9096.0,Physical Education,A
9097.0,Math,F
9097.0,Science,D
9097.0,History,A
9097.0,English,F
9097.0,Physical Education,D
9098.0,Math,C
9098.0,Science,A
9098.0,History,A
9098.0,English,F
9098.0,Physical Education,C
9099.0,Math,F
9099.0,Science,D
9099.0,History,F
9099.0,English,F
9099.0,Physical Education,B
9100.0,Math,C
9100.0,Science,A
9100.0,History,D
9100.0,English,F
9100.0,Physical Education,C
9101.0,Math,C
9101.0,Science,B
9101.0,History,D
9101.0,English,A
9101.0,Physical Education,B
9102.0,Math,B
9102.0,Science,F
9102.0,History,B
9102.0,English,D
9102.0,Physical Education,C
9103.0,Math,C
9103.0,Science,C
9103.0,History,F
9103.0,English,D
9103.0,Physical Education,F
9104.0,Math,B
9104.0,Science,A
9104.0,History,A
9104.0,English,B
9104.0,Physical Education,B
9105.0,Math,D
9105.0,Science,C
9105.0,History,F
9105.0,English,F
9105.0,Physical Education,F
9106.0,Math,C
9106.0,Science,B
9106.0,History,D
9106.0,English,F
9106.0,Physical Education,F
9107.0,Math,C
9107.0,Science,C
9107.0,History,D
9107.0,English,B
9107.0,Physical Education,C
9108.0,Math,D
9108.0,Science,F
9108.0,History,C
9108.0,English,C
9108.0,Physical Education,F
9109.0,Math,C
9109.0,Science,B
9109.0,History,A
9109.0,English,D
9109.0,Physical Education,A
9110.0,Math,B
9110.0,Science,B
9110.0,History,F
9110.0,English,A
9110.0,Physical Education,B
9111.0,Math,B
9111.0,Science,F
9111.0,History,A
9111.0,English,D
9111.0,Physical Education,C
9112.0,Math,B
9112.0,Science,F
9112.0,History,D
9112.0,English,C
9112.0,Physical Education,C
9113.0,Math,C
9113.0,Science,B
9113.0,History,B
9113.0,English,D
9113.0,Physical Education,A
9114.0,Math,A
9114.0,Science,C
9114.0,History,D
9114.0,English,A
9114.0,Physical Education,B
9115.0,Math,B
9115.0,Science,A
9115.0,History,C
9115.0,English,B
9115.0,Physical Education,D
9116.0,Math,B
9116.0,Science,A
9116.0,History,C
9116.0,English,F
9116.0,Physical Education,B
9117.0,Math,A
9117.0,Science,D
9117.0,History,C
9117.0,English,F
9117.0,Physical Education,F
9118.0,Math,D
9118.0,Science,B
9118.0,History,C
9118.0,English,D
9118.0,Physical Education,D
9119.0,Math,C
9119.0,Science,B
9119.0,History,C
9119.0,English,F
9119.0,Physical Education,C
9120.0,Math,A
9120.0,Science,A
9120.0,History,C
9120.0,English,C
9120.0,Physical Education,F
9121.0,Math,A
9121.0,Science,B
9121.0,History,F
9121.0,English,C
9121.0,Physical Education,B
9122.0,Math,C
9122.0,Science,B
9122.0,History,D
9122.0,English,D
9122.0,Physical Education,A
9123.0,Math,C
9123.0,Science,D
9123.0,History,C
9123.0,English,A
9123.0,Physical Education,C
9124.0,Math,B
9124.0,Science,A
9124.0,History,F
9124.0,English,A
9124.0,Physical Education,C
9125.0,Math,C
9125.0,Science,B
9125.0,History,F
9125.0,English,B
9125.0,Physical Education,D
9126.0,Math,F
9126.0,Science,D
9126.0,History,D
9126.0,English,A
9126.0,Physical Education,C
9127.0,Math,A
9127.0,Science,C
9127.0,History,A
9127.0,English,A
9127.0,Physical Education,C
9128.0,Math,F
9128.0,Science,A
9128.0,History,D
9128.0,English,C
9128.0,Physical Education,F
9129.0,Math,C
9129.0,Science,B
9129.0,History,A
9129.0,English,F
9129.0,Physical Education,A
9130.0,Math,B
9130.0,Science,C
9130.0,History,B
9130.0,English,F
9130.0,Physical Education,C
9131.0,Math,D
9131.0,Science,D
9131.0,History,B
9131.0,English,D
9131.0,Physical Education,A
9132.0,Math,C
9132.0,Science,F
9132.0,History,F
9132.0,English,D
9132.0,Physical Education,A
9133.0,Math,F
9133.0,Science,B
9133.0,History,D
9133.0,English,F
9133.0,Physical Education,F
9134.0,Math,C
9134.0,Science,C
9134.0,History,D
9134.0,English,D
9134.0,Physical Education,A
9135.0,Math,A
9135.0,Science,A
9135.0,History,D
9135.0,English,B
9135.0,Physical Education,F
9136.0,Math,A
9136.0,Science,F
9136.0,History,D
9136.0,English,A
9136.0,Physical Education,B
9137.0,Math,B
9137.0,Science,C
9137.0,History,B
9137.0,English,B
9137.0,Physical Education,C
9138.0,Math,B
9138.0,Science,F
9138.0,History,C
9138.0,English,C
9138.0,Physical Education,B
9139.0,Math,B
9139.0,Science,F
9139.0,History,A
9139.0,English,F
9139.0,Physical Education,F
9140.0,Math,D
9140.0,Science,B
9140.0,History,B
9140.0,English,D
9140.0,Physical Education,D
9141.0,Math,D
9141.0,Science,C
9141.0,History,B
9141.0,English,A
9141.0,Physical Education,D
9142.0,Math,B
9142.0,Science,A
9142.0,History,F
9142.0,English,C
9142.0,Physical Education,A
9143.0,Math,B
9143.0,Science,B
9143.0,History,C
9143.0,English,B
9143.0,Physical Education,D
9144.0,Math,F
9144.0,Science,F
9144.0,History,D
9144.0,English,A
9144.0,Physical Education,B
9145.0,Math,F
9145.0,Science,C
9145.0,History,B
9145.0,English,D
9145.0,Physical Education,D
9146.0,Math,A
9146.0,Science,A
9146.0,History,C
9146.0,English,F
9146.0,Physical Education,D
9147.0,Math,D
9147.0,Science,D
9147.0,History,A
9147.0,English,F
9147.0,Physical Education,C
9148.0,Math,A
9148.0,Science,C
9148.0,History,F
9148.0,English,C
9148.0,Physical Education,A
9149.0,Math,A
9149.0,Science,A
9149.0,History,F
9149.0,English,D
9149.0,Physical Education,A
9150.0,Math,D
9150.0,Science,C
9150.0,History,C
9150.0,English,D
9150.0,Physical Education,A
9151.0,Math,A
9151.0,Science,D
9151.0,History,D
9151.0,English,D
9151.0,Physical Education,B
9152.0,Math,D
9152.0,Science,F
9152.0,History,D
9152.0,English,A
9152.0,Physical Education,B
9153.0,Math,B
9153.0,Science,D
9153.0,History,F
9153.0,English,F
9153.0,Physical Education,D
9154.0,Math,F
9154.0,Science,F
9154.0,History,F
9154.0,English,D
9154.0,Physical Education,C
9155.0,Math,C
9155.0,Science,B
9155.0,History,A
9155.0,English,C
9155.0,Physical Education,F
9156.0,Math,B
9156.0,Science,B
9156.0,History,B
9156.0,English,A
9156.0,Physical Education,B
9157.0,Math,C
9157.0,Science,D
9157.0,History,D
9157.0,English,B
9157.0,Physical Education,C
9158.0,Math,A
9158.0,Science,A
9158.0,History,C
9158.0,English,D
9158.0,Physical Education,A
9159.0,Math,D
9159.0,Science,C
9159.0,History,C
9159.0,English,C
9159.0,Physical Education,F
9160.0,Math,A
9160.0,Science,B
9160.0,History,D
9160.0,English,B
9160.0,Physical Education,F
9161.0,Math,F
9161.0,Science,D
9161.0,History,D
9161.0,English,F
9161.0,Physical Education,B
9162.0,Math,F
9162.0,Science,A
9162.0,History,D
9162.0,English,F
9162.0,Physical Education,B
9163.0,Math,B
9163.0,Science,C
9163.0,History,F
9163.0,English,D
9163.0,Physical Education,D
9164.0,Math,F
9164.0,Science,B
9164.0,History,C
9164.0,English,B
9164.0,Physical Education,C
9165.0,Math,F
9165.0,Science,D
9165.0,History,C
9165.0,English,F
9165.0,Physical Education,B
9166.0,Math,C
9166.0,Science,C
9166.0,History,D
9166.0,English,A
9166.0,Physical Education,B
9167.0,Math,A
9167.0,Science,A
9167.0,History,B
9167.0,English,F
9167.0,Physical Education,D
9168.0,Math,D
9168.0,Science,F
9168.0,History,F
9168.0,English,A
9168.0,Physical Education,D
9169.0,Math,A
9169.0,Science,D
9169.0,History,C
9169.0,English,F
9169.0,Physical Education,D
9170.0,Math,D
9170.0,Science,C
9170.0,History,D
9170.0,English,F
9170.0,Physical Education,C
9171.0,Math,D
9171.0,Science,C
9171.0,History,F
9171.0,English,A
9171.0,Physical Education,A
9172.0,Math,D
9172.0,Science,C
9172.0,History,A
9172.0,English,C
9172.0,Physical Education,B
9173.0,Math,B
9173.0,Science,B
9173.0,History,F
9173.0,English,C
9173.0,Physical Education,B
9174.0,Math,B
9174.0,Science,C
9174.0,History,F
9174.0,English,D
9174.0,Physical Education,D
9175.0,Math,C
9175.0,Science,B
9175.0,History,C
9175.0,English,D
9175.0,Physical Education,C
9176.0,Math,F
9176.0,Science,C
9176.0,History,B
9176.0,English,A
9176.0,Physical Education,A
9177.0,Math,C
9177.0,Science,B
9177.0,History,A
9177.0,English,B
9177.0,Physical Education,F
9178.0,Math,B
9178.0,Science,A
9178.0,History,D
9178.0,English,C
9178.0,Physical Education,B
9179.0,Math,F
9179.0,Science,B
9179.0,History,F
9179.0,English,C
9179.0,Physical Education,D
9180.0,Math,F
9180.0,Science,F
9180.0,History,A
9180.0,English,A
9180.0,Physical Education,D
9181.0,Math,F
9181.0,Science,D
9181.0,History,A
9181.0,English,D
9181.0,Physical Education,A
9182.0,Math,A
9182.0,Science,A
9182.0,History,B
9182.0,English,C
9182.0,Physical Education,C
9183.0,Math,B
9183.0,Science,A
9183.0,History,C
9183.0,English,D
9183.0,Physical Education,A
9184.0,Math,A
9184.0,Science,B
9184.0,History,B
9184.0,English,D
9184.0,Physical Education,F
9185.0,Math,B
9185.0,Science,D
9185.0,History,B
9185.0,English,A
9185.0,Physical Education,C
9186.0,Math,C
9186.0,Science,F
9186.0,History,D
9186.0,English,A
9186.0,Physical Education,D
9187.0,Math,B
9187.0,Science,B
9187.0,History,A
9187.0,English,C
9187.0,Physical Education,D
9188.0,Math,D
9188.0,Science,F
9188.0,History,C
9188.0,English,C
9188.0,Physical Education,F
9189.0,Math,D
9189.0,Science,B
9189.0,History,B
9189.0,English,A
9189.0,Physical Education,D
9190.0,Math,C
9190.0,Science,B
9190.0,History,B
9190.0,English,B
9190.0,Physical Education,D
9191.0,Math,B
9191.0,Science,F
9191.0,History,B
9191.0,English,C
9191.0,Physical Education,C
9192.0,Math,A
9192.0,Science,A
9192.0,History,B
9192.0,English,A
9192.0,Physical Education,F
9193.0,Math,D
9193.0,Science,B
9193.0,History,C
9193.0,English,C
9193.0,Physical Education,F
9194.0,Math,C
9194.0,Science,B
9194.0,History,A
9194.0,English,A
9194.0,Physical Education,F
9195.0,Math,C
9195.0,Science,F
9195.0,History,B
9195.0,English,C
9195.0,Physical Education,A
9196.0,Math,D
9196.0,Science,C
9196.0,History,D
9196.0,English,F
9196.0,Physical Education,C
9197.0,Math,D
9197.0,Science,B
9197.0,History,B
9197.0,English,A
9197.0,Physical Education,F
9198.0,Math,D
9198.0,Science,F
9198.0,History,D
9198.0,English,D
9198.0,Physical Education,F
9199.0,Math,F
9199.0,Science,F
9199.0,History,B
9199.0,English,D
9199.0,Physical Education,C
9200.0,Math,C
9200.0,Science,D
9200.0,History,A
9200.0,English,D
9200.0,Physical Education,C
9201.0,Math,B
9201.0,Science,D
9201.0,History,A
9201.0,English,D
9201.0,Physical Education,F
9202.0,Math,F
9202.0,Science,D
9202.0,History,D
9202.0,English,B
9202.0,Physical Education,A
9203.0,Math,B
9203.0,Science,B
9203.0,History,A
9203.0,English,C
9203.0,Physical Education,D
9204.0,Math,B
9204.0,Science,B
9204.0,History,C
9204.0,English,B
9204.0,Physical Education,B
9205.0,Math,B
9205.0,Science,D
9205.0,History,A
9205.0,English,F
9205.0,Physical Education,B
9206.0,Math,F
9206.0,Science,B
9206.0,History,A
9206.0,English,B
9206.0,Physical Education,C
9207.0,Math,B
9207.0,Science,F
9207.0,History,D
9207.0,English,A
9207.0,Physical Education,A
9208.0,Math,A
9208.0,Science,D
9208.0,History,A
9208.0,English,B
9208.0,Physical Education,F
9209.0,Math,F
9209.0,Science,D
9209.0,History,C
9209.0,English,B
9209.0,Physical Education,C
9210.0,Math,B
9210.0,Science,C
9210.0,History,A
9210.0,English,C
9210.0,Physical Education,A
9211.0,Math,F
9211.0,Science,F
9211.0,History,D
9211.0,English,F
9211.0,Physical Education,D
9212.0,Math,A
9212.0,Science,B
9212.0,History,D
9212.0,English,A
9212.0,Physical Education,C
9213.0,Math,B
9213.0,Science,C
9213.0,History,D
9213.0,English,A
9213.0,Physical Education,D
9214.0,Math,D
9214.0,Science,B
9214.0,History,F
9214.0,English,A
9214.0,Physical Education,B
9215.0,Math,A
9215.0,Science,B
9215.0,History,A
9215.0,English,D
9215.0,Physical Education,A
9216.0,Math,F
9216.0,Science,B
9216.0,History,D
9216.0,English,A
9216.0,Physical Education,A
9217.0,Math,D
9217.0,Science,B
9217.0,History,C
9217.0,English,B
9217.0,Physical Education,A
9218.0,Math,D
9218.0,Science,F
9218.0,History,C
9218.0,English,C
9218.0,Physical Education,A
9219.0,Math,A
9219.0,Science,F
9219.0,History,C
9219.0,English,B
9219.0,Physical Education,B
9220.0,Math,D
9220.0,Science,A
9220.0,History,A
9220.0,English,B
9220.0,Physical Education,F
9221.0,Math,B
9221.0,Science,C
9221.0,History,B
9221.0,English,C
9221.0,Physical Education,D
9222.0,Math,C
9222.0,Science,F
9222.0,History,D
9222.0,English,A
9222.0,Physical Education,A
9223.0,Math,F
9223.0,Science,B
9223.0,History,B
9223.0,English,F
9223.0,Physical Education,D
9224.0,Math,A
9224.0,Science,A
9224.0,History,D
9224.0,English,A
9224.0,Physical Education,F
9225.0,Math,C
9225.0,Science,D
9225.0,History,B
9225.0,English,F
9225.0,Physical Education,C
9226.0,Math,F
9226.0,Science,D
9226.0,History,C
9226.0,English,A
9226.0,Physical Education,C
9227.0,Math,A
9227.0,Science,D
9227.0,History,C
9227.0,English,C
9227.0,Physical Education,B
9228.0,Math,A
9228.0,Science,B
9228.0,History,F
9228.0,English,C
9228.0,Physical Education,D
9229.0,Math,A
9229.0,Science,B
9229.0,History,F
9229.0,English,B
9229.0,Physical Education,F
9230.0,Math,C
9230.0,Science,A
9230.0,History,F
9230.0,English,F
9230.0,Physical Education,B
9231.0,Math,C
9231.0,Science,F
9231.0,History,A
9231.0,English,F
9231.0,Physical Education,C
9232.0,Math,C
9232.0,Science,F
9232.0,History,D
9232.0,English,C
9232.0,Physical Education,A
9233.0,Math,C
9233.0,Science,A
9233.0,History,B
9233.0,English,A
9233.0,Physical Education,B
9234.0,Math,F
9234.0,Science,F
9234.0,History,B
9234.0,English,D
9234.0,Physical Education,B
9235.0,Math,F
9235.0,Science,C
9235.0,History,B
9235.0,English,F
9235.0,Physical Education,B
9236.0,Math,D
9236.0,Science,A
9236.0,History,B
9236.0,English,D
9236.0,Physical Education,F
9237.0,Math,B
9237.0,Science,D
9237.0,History,B
9237.0,English,D
9237.0,Physical Education,F
9238.0,Math,A
9238.0,Science,A
9238.0,History,B
9238.0,English,D
9238.0,Physical Education,B
9239.0,Math,A
9239.0,Science,A
9239.0,History,F
9239.0,English,D
9239.0,Physical Education,A
9240.0,Math,D
9240.0,Science,A
9240.0,History,A
9240.0,English,D
9240.0,Physical Education,A
9241.0,Math,B
9241.0,Science,C
9241.0,History,F
9241.0,English,F
9241.0,Physical Education,D
9242.0,Math,D
9242.0,Science,D
9242.0,History,B
9242.0,English,B
9242.0,Physical Education,F
9243.0,Math,C
9243.0,Science,A
9243.0,History,C
9243.0,English,C
9243.0,Physical Education,F
9244.0,Math,B
9244.0,Science,F
9244.0,History,A
9244.0,English,F
9244.0,Physical Education,F
9245.0,Math,D
9245.0,Science,A
9245.0,History,A
9245.0,English,F
9245.0,Physical Education,A
9246.0,Math,A
9246.0,Science,C
9246.0,History,D
9246.0,English,B
9246.0,Physical Education,B
9247.0,Math,B
9247.0,Science,A
9247.0,History,D
9247.0,English,B
9247.0,Physical Education,B
9248.0,Math,F
9248.0,Science,A
9248.0,History,D
9248.0,English,B
9248.0,Physical Education,A
9249.0,Math,A
9249.0,Science,F
9249.0,History,C
9249.0,English,F
9249.0,Physical Education,D
9250.0,Math,A
9250.0,Science,B
9250.0,History,A
9250.0,English,B
9250.0,Physical Education,B
9251.0,Math,B
9251.0,Science,A
9251.0,History,B
9251.0,English,F
9251.0,Physical Education,B
9252.0,Math,C
9252.0,Science,A
9252.0,History,B
9252.0,English,F
9252.0,Physical Education,C
9253.0,Math,D
9253.0,Science,C
9253.0,History,D
9253.0,English,F
9253.0,Physical Education,D
9254.0,Math,D
9254.0,Science,B
9254.0,History,D
9254.0,English,B
9254.0,Physical Education,B
9255.0,Math,D
9255.0,Science,B
9255.0,History,C
9255.0,English,D
9255.0,Physical Education,C
9256.0,Math,B
9256.0,Science,F
9256.0,History,F
9256.0,English,D
9256.0,Physical Education,A
9257.0,Math,A
9257.0,Science,F
9257.0,History,B
9257.0,English,C
9257.0,Physical Education,F
9258.0,Math,F
9258.0,Science,A
9258.0,History,C
9258.0,English,A
9258.0,Physical Education,A
9259.0,Math,F
9259.0,Science,C
9259.0,History,D
9259.0,English,F
9259.0,Physical Education,D
9260.0,Math,D
9260.0,Science,F
9260.0,History,C
9260.0,English,D
9260.0,Physical Education,B
9261.0,Math,B
9261.0,Science,F
9261.0,History,C
9261.0,English,A
9261.0,Physical Education,D
9262.0,Math,A
9262.0,Science,F
9262.0,History,D
9262.0,English,F
9262.0,Physical Education,D
9263.0,Math,B
9263.0,Science,A
9263.0,History,F
9263.0,English,F
9263.0,Physical Education,B
9264.0,Math,C
9264.0,Science,A
9264.0,History,C
9264.0,English,C
9264.0,Physical Education,F
9265.0,Math,C
9265.0,Science,D
9265.0,History,F
9265.0,English,B
9265.0,Physical Education,C
9266.0,Math,C
9266.0,Science,B
9266.0,History,D
9266.0,English,A
9266.0,Physical Education,B
9267.0,Math,B
9267.0,Science,A
9267.0,History,D
9267.0,English,F
9267.0,Physical Education,B
9268.0,Math,A
9268.0,Science,F
9268.0,History,F
9268.0,English,F
9268.0,Physical Education,B
9269.0,Math,B
9269.0,Science,A
9269.0,History,D
9269.0,English,B
9269.0,Physical Education,A
9270.0,Math,C
9270.0,Science,B
9270.0,History,A
9270.0,English,C
9270.0,Physical Education,B
9271.0,Math,A
9271.0,Science,D
9271.0,History,C
9271.0,English,B
9271.0,Physical Education,D
9272.0,Math,F
9272.0,Science,F
9272.0,History,D
9272.0,English,C
9272.0,Physical Education,D
9273.0,Math,B
9273.0,Science,C
9273.0,History,A
9273.0,English,A
9273.0,Physical Education,F
9274.0,Math,C
9274.0,Science,B
9274.0,History,D
9274.0,English,D
9274.0,Physical Education,C
9275.0,Math,F
9275.0,Science,A
9275.0,History,A
9275.0,English,B
9275.0,Physical Education,F
9276.0,Math,A
9276.0,Science,B
9276.0,History,A
9276.0,English,F
9276.0,Physical Education,A
9277.0,Math,B
9277.0,Science,C
9277.0,History,D
9277.0,English,C
9277.0,Physical Education,F
9278.0,Math,D
9278.0,Science,B
9278.0,History,A
9278.0,English,F
9278.0,Physical Education,D
9279.0,Math,A
9279.0,Science,B
9279.0,History,A
9279.0,English,B
9279.0,Physical Education,F
9280.0,Math,D
9280.0,Science,F
9280.0,History,F
9280.0,English,A
9280.0,Physical Education,A
9281.0,Math,A
9281.0,Science,F
9281.0,History,A
9281.0,English,A
9281.0,Physical Education,C
9282.0,Math,B
9282.0,Science,C
9282.0,History,D
9282.0,English,C
9282.0,Physical Education,F
9283.0,Math,D
9283.0,Science,A
9283.0,History,F
9283.0,English,C
9283.0,Physical Education,B
9284.0,Math,C
9284.0,Science,C
9284.0,History,F
9284.0,English,B
9284.0,Physical Education,B
9285.0,Math,A
9285.0,Science,A
9285.0,History,F
9285.0,English,A
9285.0,Physical Education,A
9286.0,Math,B
9286.0,Science,F
9286.0,History,D
9286.0,English,C
9286.0,Physical Education,D
9287.0,Math,D
9287.0,Science,C
9287.0,History,B
9287.0,English,A
9287.0,Physical Education,D
9288.0,Math,C
9288.0,Science,D
9288.0,History,B
9288.0,English,A
9288.0,Physical Education,C
9289.0,Math,F
9289.0,Science,A
9289.0,History,D
9289.0,English,F
9289.0,Physical Education,F
9290.0,Math,B
9290.0,Science,F
9290.0,History,A
9290.0,English,F
9290.0,Physical Education,F
9291.0,Math,C
9291.0,Science,C
9291.0,History,F
9291.0,English,B
9291.0,Physical Education,A
9292.0,Math,A
9292.0,Science,B
9292.0,History,A
9292.0,English,A
9292.0,Physical Education,B
9293.0,Math,A
9293.0,Science,C
9293.0,History,C
9293.0,English,F
9293.0,Physical Education,C
9294.0,Math,A
9294.0,Science,B
9294.0,History,A
9294.0,English,B
9294.0,Physical Education,D
9295.0,Math,D
9295.0,Science,D
9295.0,History,A
9295.0,English,A
9295.0,Physical Education,A
9296.0,Math,F
9296.0,Science,D
9296.0,History,D
9296.0,English,D
9296.0,Physical Education,A
9297.0,Math,A
9297.0,Science,D
9297.0,History,F
9297.0,English,A
9297.0,Physical Education,A
9298.0,Math,A
9298.0,Science,A
9298.0,History,A
9298.0,English,D
9298.0,Physical Education,C
9299.0,Math,B
9299.0,Science,B
9299.0,History,D
9299.0,English,F
9299.0,Physical Education,F
9300.0,Math,A
9300.0,Science,B
9300.0,History,B
9300.0,English,A
9300.0,Physical Education,C
9301.0,Math,B
9301.0,Science,C
9301.0,History,F
9301.0,English,B
9301.0,Physical Education,A
9302.0,Math,F
9302.0,Science,B
9302.0,History,A
9302.0,English,A
9302.0,Physical Education,B
9303.0,Math,C
9303.0,Science,D
9303.0,History,A
9303.0,English,D
9303.0,Physical Education,D
9304.0,Math,C
9304.0,Science,C
9304.0,History,C
9304.0,English,B
9304.0,Physical Education,B
9305.0,Math,A
9305.0,Science,B
9305.0,History,F
9305.0,English,A
9305.0,Physical Education,F
9306.0,Math,D
9306.0,Science,F
9306.0,History,C
9306.0,English,C
9306.0,Physical Education,A
9307.0,Math,F
9307.0,Science,D
9307.0,History,A
9307.0,English,F
9307.0,Physical Education,D
9308.0,Math,C
9308.0,Science,F
9308.0,History,C
9308.0,English,D
9308.0,Physical Education,F
9309.0,Math,D
9309.0,Science,C
9309.0,History,A
9309.0,English,C
9309.0,Physical Education,F
9310.0,Math,D
9310.0,Science,F
9310.0,History,C
9310.0,English,F
9310.0,Physical Education,B
9311.0,Math,F
9311.0,Science,A
9311.0,History,B
9311.0,English,F
9311.0,Physical Education,B
9312.0,Math,A
9312.0,Science,F
9312.0,History,F
9312.0,English,F
9312.0,Physical Education,F
9313.0,Math,A
9313.0,Science,B
9313.0,History,A
9313.0,English,A
9313.0,Physical Education,B
9314.0,Math,A
9314.0,Science,F
9314.0,History,A
9314.0,English,B
9314.0,Physical Education,A
9315.0,Math,C
9315.0,Science,A
9315.0,History,A
9315.0,English,D
9315.0,Physical Education,C
9316.0,Math,D
9316.0,Science,C
9316.0,History,F
9316.0,English,F
9316.0,Physical Education,B
9317.0,Math,D
9317.0,Science,D
9317.0,History,D
9317.0,English,C
9317.0,Physical Education,F
9318.0,Math,A
9318.0,Science,F
9318.0,History,C
9318.0,English,F
9318.0,Physical Education,C
9319.0,Math,A
9319.0,Science,B
9319.0,History,F
9319.0,English,A
9319.0,Physical Education,B
9320.0,Math,F
9320.0,Science,A
9320.0,History,F
9320.0,English,B
9320.0,Physical Education,A
9321.0,Math,A
9321.0,Science,F
9321.0,History,D
9321.0,English,F
9321.0,Physical Education,F
9322.0,Math,F
9322.0,Science,D
9322.0,History,B
9322.0,English,C
9322.0,Physical Education,D
9323.0,Math,D
9323.0,Science,C
9323.0,History,C
9323.0,English,B
9323.0,Physical Education,D
9324.0,Math,D
9324.0,Science,C
9324.0,History,A
9324.0,English,B
9324.0,Physical Education,C
9325.0,Math,A
9325.0,Science,D
9325.0,History,A
9325.0,English,D
9325.0,Physical Education,A
9326.0,Math,C
9326.0,Science,F
9326.0,History,B
9326.0,English,B
9326.0,Physical Education,D
9327.0,Math,A
9327.0,Science,D
9327.0,History,C
9327.0,English,F
9327.0,Physical Education,D
9328.0,Math,A
9328.0,Science,F
9328.0,History,F
9328.0,English,F
9328.0,Physical Education,B
9329.0,Math,A
9329.0,Science,D
9329.0,History,B
9329.0,English,F
9329.0,Physical Education,C
9330.0,Math,B
9330.0,Science,A
9330.0,History,F
9330.0,English,A
9330.0,Physical Education,C
9331.0,Math,A
9331.0,Science,F
9331.0,History,A
9331.0,English,C
9331.0,Physical Education,A
9332.0,Math,C
9332.0,Science,D
9332.0,History,B
9332.0,English,B
9332.0,Physical Education,F
9333.0,Math,C
9333.0,Science,D
9333.0,History,A
9333.0,English,A
9333.0,Physical Education,C
9334.0,Math,B
9334.0,Science,F
9334.0,History,F
9334.0,English,D
9334.0,Physical Education,D
9335.0,Math,A
9335.0,Science,A
9335.0,History,B
9335.0,English,B
9335.0,Physical Education,C
9336.0,Math,D
9336.0,Science,C
9336.0,History,C
9336.0,English,C
9336.0,Physical Education,C
9337.0,Math,A
9337.0,Science,A
9337.0,History,B
9337.0,English,D
9337.0,Physical Education,D
9338.0,Math,B
9338.0,Science,B
9338.0,History,A
9338.0,English,C
9338.0,Physical Education,D
9339.0,Math,B
9339.0,Science,D
9339.0,History,D
9339.0,English,C
9339.0,Physical Education,C
9340.0,Math,D
9340.0,Science,F
9340.0,History,B
9340.0,English,D
9340.0,Physical Education,F
9341.0,Math,B
9341.0,Science,B
9341.0,History,C
9341.0,English,C
9341.0,Physical Education,B
9342.0,Math,F
9342.0,Science,B
9342.0,History,A
9342.0,English,F
9342.0,Physical Education,C
9343.0,Math,D
9343.0,Science,D
9343.0,History,D
9343.0,English,A
9343.0,Physical Education,C
9344.0,Math,F
9344.0,Science,B
9344.0,History,B
9344.0,English,A
9344.0,Physical Education,C
9345.0,Math,A
9345.0,Science,F
9345.0,History,F
9345.0,English,A
9345.0,Physical Education,F
9346.0,Math,F
9346.0,Science,B
9346.0,History,A
9346.0,English,A
9346.0,Physical Education,D
9347.0,Math,D
9347.0,Science,D
9347.0,History,D
9347.0,English,D
9347.0,Physical Education,A
9348.0,Math,A
9348.0,Science,F
9348.0,History,D
9348.0,English,C
9348.0,Physical Education,A
9349.0,Math,D
9349.0,Science,A
9349.0,History,F
9349.0,English,B
9349.0,Physical Education,A
9350.0,Math,A
9350.0,Science,D
9350.0,History,A
9350.0,English,A
9350.0,Physical Education,C
9351.0,Math,C
9351.0,Science,A
9351.0,History,C
9351.0,English,C
9351.0,Physical Education,D
9352.0,Math,A
9352.0,Science,A
9352.0,History,C
9352.0,English,B
9352.0,Physical Education,F
9353.0,Math,A
9353.0,Science,B
9353.0,History,C
9353.0,English,B
9353.0,Physical Education,A
9354.0,Math,A
9354.0,Science,B
9354.0,History,D
9354.0,English,A
9354.0,Physical Education,C
9355.0,Math,C
9355.0,Science,D
9355.0,History,B
9355.0,English,B
9355.0,Physical Education,B
9356.0,Math,B
9356.0,Science,C
9356.0,History,D
9356.0,English,F
9356.0,Physical Education,B
9357.0,Math,F
9357.0,Science,C
9357.0,History,C
9357.0,English,D
9357.0,Physical Education,A
9358.0,Math,F
9358.0,Science,F
9358.0,History,D
9358.0,English,A
9358.0,Physical Education,A
9359.0,Math,A
9359.0,Science,D
9359.0,History,A
9359.0,English,D
9359.0,Physical Education,A
9360.0,Math,A
9360.0,Science,C
9360.0,History,D
9360.0,English,F
9360.0,Physical Education,A
9361.0,Math,F
9361.0,Science,F
9361.0,History,A
9361.0,English,B
9361.0,Physical Education,F
9362.0,Math,D
9362.0,Science,A
9362.0,History,B
9362.0,English,C
9362.0,Physical Education,A
9363.0,Math,C
9363.0,Science,D
9363.0,History,B
9363.0,English,A
9363.0,Physical Education,F
9364.0,Math,C
9364.0,Science,D
9364.0,History,A
9364.0,English,D
9364.0,Physical Education,F
9365.0,Math,C
9365.0,Science,A
9365.0,History,D
9365.0,English,D
9365.0,Physical Education,A
9366.0,Math,C
9366.0,Science,A
9366.0,History,F
9366.0,English,C
9366.0,Physical Education,A
9367.0,Math,B
9367.0,Science,A
9367.0,History,D
9367.0,English,B
9367.0,Physical Education,C
9368.0,Math,F
9368.0,Science,B
9368.0,History,B
9368.0,English,D
9368.0,Physical Education,A
9369.0,Math,F
9369.0,Science,B
9369.0,History,A
9369.0,English,A
9369.0,Physical Education,F
9370.0,Math,D
9370.0,Science,D
9370.0,History,B
9370.0,English,F
9370.0,Physical Education,B
9371.0,Math,B
9371.0,Science,B
9371.0,History,B
9371.0,English,F
9371.0,Physical Education,F
9372.0,Math,C
9372.0,Science,F
9372.0,History,D
9372.0,English,D
9372.0,Physical Education,C
9373.0,Math,B
9373.0,Science,B
9373.0,History,B
9373.0,English,A
9373.0,Physical Education,D
9374.0,Math,D
9374.0,Science,C
9374.0,History,D
9374.0,English,B
9374.0,Physical Education,C
9375.0,Math,A
9375.0,Science,F
9375.0,History,C
9375.0,English,A
9375.0,Physical Education,C
9376.0,Math,A
9376.0,Science,D
9376.0,History,A
9376.0,English,B
9376.0,Physical Education,C
9377.0,Math,A
9377.0,Science,B
9377.0,History,D
9377.0,English,D
9377.0,Physical Education,F
9378.0,Math,A
9378.0,Science,F
9378.0,History,C
9378.0,English,B
9378.0,Physical Education,A
9379.0,Math,A
9379.0,Science,C
9379.0,History,F
9379.0,English,F
9379.0,Physical Education,F
9380.0,Math,C
9380.0,Science,D
9380.0,History,B
9380.0,English,B
9380.0,Physical Education,C
9381.0,Math,D
9381.0,Science,C
9381.0,History,A
9381.0,English,A
9381.0,Physical Education,C
9382.0,Math,D
9382.0,Science,A
9382.0,History,D
9382.0,English,A
9382.0,Physical Education,C
9383.0,Math,B
9383.0,Science,A
9383.0,History,F
9383.0,English,C
9383.0,Physical Education,D
9384.0,Math,F
9384.0,Science,F
9384.0,History,F
9384.0,English,B
9384.0,Physical Education,A
9385.0,Math,C
9385.0,Science,F
9385.0,History,A
9385.0,English,A
9385.0,Physical Education,D
9386.0,Math,D
9386.0,Science,F
9386.0,History,D
9386.0,English,A
9386.0,Physical Education,F
9387.0,Math,A
9387.0,Science,A
9387.0,History,A
9387.0,English,A
9387.0,Physical Education,F
9388.0,Math,C
9388.0,Science,A
9388.0,History,A
9388.0,English,F
9388.0,Physical Education,C
9389.0,Math,C
9389.0,Science,C
9389.0,History,A
9389.0,English,C
9389.0,Physical Education,D
9390.0,Math,B
9390.0,Science,B
9390.0,History,C
9390.0,English,A
9390.0,Physical Education,A
9391.0,Math,B
9391.0,Science,D
9391.0,History,A
9391.0,English,B
9391.0,Physical Education,D
9392.0,Math,F
9392.0,Science,C
9392.0,History,C
9392.0,English,B
9392.0,Physical Education,C
9393.0,Math,C
9393.0,Science,B
9393.0,History,F
9393.0,English,F
9393.0,Physical Education,F
9394.0,Math,B
9394.0,Science,C
9394.0,History,D
9394.0,English,C
9394.0,Physical Education,D
9395.0,Math,D
9395.0,Science,F
9395.0,History,B
9395.0,English,F
9395.0,Physical Education,C
9396.0,Math,F
9396.0,Science,C
9396.0,History,F
9396.0,English,D
9396.0,Physical Education,F
9397.0,Math,C
9397.0,Science,F
9397.0,History,B
9397.0,English,D
9397.0,Physical Education,B
9398.0,Math,F
9398.0,Science,F
9398.0,History,D
9398.0,English,F
9398.0,Physical Education,C
9399.0,Math,C
9399.0,Science,D
9399.0,History,A
9399.0,English,D
9399.0,Physical Education,F
9400.0,Math,A
9400.0,Science,F
9400.0,History,F
9400.0,English,A
9400.0,Physical Education,F
9401.0,Math,F
9401.0,Science,C
9401.0,History,C
9401.0,English,F
9401.0,Physical Education,B
9402.0,Math,A
9402.0,Science,B
9402.0,History,D
9402.0,English,A
9402.0,Physical Education,D
9403.0,Math,D
9403.0,Science,D
9403.0,History,F
9403.0,English,D
9403.0,Physical Education,F
9404.0,Math,F
9404.0,Science,A
9404.0,History,C
9404.0,English,F
9404.0,Physical Education,D
9405.0,Math,B
9405.0,Science,F
9405.0,History,B
9405.0,English,D
9405.0,Physical Education,B
9406.0,Math,B
9406.0,Science,F
9406.0,History,F
9406.0,English,F
9406.0,Physical Education,F
9407.0,Math,B
9407.0,Science,B
9407.0,History,B
9407.0,English,A
9407.0,Physical Education,D
9408.0,Math,D
9408.0,Science,F
9408.0,History,F
9408.0,English,B
9408.0,Physical Education,F
9409.0,Math,D
9409.0,Science,C
9409.0,History,A
9409.0,English,D
9409.0,Physical Education,D
9410.0,Math,A
9410.0,Science,C
9410.0,History,C
9410.0,English,B
9410.0,Physical Education,B
9411.0,Math,B
9411.0,Science,C
9411.0,History,B
9411.0,English,F
9411.0,Physical Education,B
9412.0,Math,B
9412.0,Science,D
9412.0,History,B
9412.0,English,B
9412.0,Physical Education,A
9413.0,Math,B
9413.0,Science,B
9413.0,History,D
9413.0,English,C
9413.0,Physical Education,C
9414.0,Math,F
9414.0,Science,B
9414.0,History,B
9414.0,English,D
9414.0,Physical Education,C
9415.0,Math,F
9415.0,Science,B
9415.0,History,B
9415.0,English,B
9415.0,Physical Education,C
9416.0,Math,F
9416.0,Science,A
9416.0,History,D
9416.0,English,D
9416.0,Physical Education,D
9417.0,Math,F
9417.0,Science,F
9417.0,History,A
9417.0,English,A
9417.0,Physical Education,C
9418.0,Math,A
9418.0,Science,A
9418.0,History,F
9418.0,English,F
9418.0,Physical Education,F
9419.0,Math,F
9419.0,Science,C
9419.0,History,D
9419.0,English,D
9419.0,Physical Education,D
9420.0,Math,B
9420.0,Science,D
9420.0,History,A
9420.0,English,D
9420.0,Physical Education,A
9421.0,Math,A
9421.0,Science,B
9421.0,History,C
9421.0,English,A
9421.0,Physical Education,D
9422.0,Math,F
9422.0,Science,B
9422.0,History,B
9422.0,English,B
9422.0,Physical Education,B
9423.0,Math,D
9423.0,Science,B
9423.0,History,F
9423.0,English,A
9423.0,Physical Education,F
9424.0,Math,F
9424.0,Science,D
9424.0,History,F
9424.0,English,D
9424.0,Physical Education,C
9425.0,Math,A
9425.0,Science,B
9425.0,History,D
9425.0,English,D
9425.0,Physical Education,D
9426.0,Math,B
9426.0,Science,B
9426.0,History,C
9426.0,English,C
9426.0,Physical Education,B
9427.0,Math,C
9427.0,Science,A
9427.0,History,B
9427.0,English,A
9427.0,Physical Education,A
9428.0,Math,C
9428.0,Science,D
9428.0,History,D
9428.0,English,B
9428.0,Physical Education,C
9429.0,Math,B
9429.0,Science,D
9429.0,History,D
9429.0,English,B
9429.0,Physical Education,A
9430.0,Math,A
9430.0,Science,B
9430.0,History,B
9430.0,English,D
9430.0,Physical Education,D
9431.0,Math,D
9431.0,Science,B
9431.0,History,B
9431.0,English,B
9431.0,Physical Education,A
9432.0,Math,F
9432.0,Science,B
9432.0,History,F
9432.0,English,A
9432.0,Physical Education,A
9433.0,Math,D
9433.0,Science,F
9433.0,History,D
9433.0,English,B
9433.0,Physical Education,B
9434.0,Math,A
9434.0,Science,B
9434.0,History,B
9434.0,English,A
9434.0,Physical Education,C
9435.0,Math,C
9435.0,Science,C
9435.0,History,D
9435.0,English,D
9435.0,Physical Education,F
9436.0,Math,C
9436.0,Science,C
9436.0,History,A
9436.0,English,D
9436.0,Physical Education,D
9437.0,Math,D
9437.0,Science,D
9437.0,History,B
9437.0,English,F
9437.0,Physical Education,C
9438.0,Math,F
9438.0,Science,C
9438.0,History,B
9438.0,English,A
9438.0,Physical Education,F
9439.0,Math,A
,Science,D
9439.0,History,A
9439.0,English,F
9439.0,Physical Education,B
9440.0,Math,B
9440.0,Science,A
9440.0,History,C
9440.0,English,B
9440.0,Physical Education,A
9441.0,Math,A
9441.0,Science,C
9441.0,History,A
9441.0,English,F
9441.0,Physical Education,D
9442.0,Math,F
9442.0,Science,B
9442.0,History,B
9442.0,English,F
9442.0,Physical Education,B
9443.0,Math,B
9443.0,Science,F
9443.0,History,A
9443.0,English,F
9443.0,Physical Education,D
9444.0,Math,C
9444.0,Science,A
9444.0,History,C
9444.0,English,A
9444.0,Physical Education,D
9445.0,Math,F
9445.0,Science,B
9445.0,History,B
9445.0,English,D
9445.0,Physical Education,B
9446.0,Math,F
9446.0,Science,C
9446.0,History,A
9446.0,English,A
9446.0,Physical Education,F
9447.0,Math,D
9447.0,Science,A
9447.0,History,B
9447.0,English,F
9447.0,Physical Education,C
9448.0,Math,F
9448.0,Science,D
9448.0,History,A
9448.0,English,B
9448.0,Physical Education,A
9449.0,Math,D
9449.0,Science,B
9449.0,History,C
9449.0,English,F
9449.0,Physical Education,D
9450.0,Math,C
9450.0,Science,C
9450.0,History,D
9450.0,English,B
9450.0,Physical Education,C
9451.0,Math,D
9451.0,Science,A
9451.0,History,B
9451.0,English,B
9451.0,Physical Education,D
9452.0,Math,F
9452.0,Science,D
9452.0,History,F
9452.0,English,D
9452.0,Physical Education,D
9453.0,Math,B
9453.0,Science,C
9453.0,History,F
9453.0,English,D
9453.0,Physical Education,D
9454.0,Math,B
9454.0,Science,C
9454.0,History,B
9454.0,English,C
9454.0,Physical Education,B
9455.0,Math,A
9455.0,Science,D
9455.0,History,D
9455.0,English,F
9455.0,Physical Education,B
9456.0,Math,B
9456.0,Science,F
9456.0,History,B
9456.0,English,D
9456.0,Physical Education,C
9457.0,Math,A
9457.0,Science,C
9457.0,History,F
9457.0,English,B
9457.0,Physical Education,F
9458.0,Math,C
9458.0,Science,D
9458.0,History,C
9458.0,English,A
9458.0,Physical Education,B
9459.0,Math,C
9459.0,Science,D
9459.0,History,F
9459.0,English,D
9459.0,Physical Education,F
9460.0,Math,B
9460.0,Science,D
9460.0,History,A
9460.0,English,B
9460.0,Physical Education,C
9461.0,Math,C
9461.0,Science,C
9461.0,History,F
9461.0,English,D
9461.0,Physical Education,A
9462.0,Math,F
9462.0,Science,B
9462.0,History,B
9462.0,English,A
9462.0,Physical Education,D
9463.0,Math,D
9463.0,Science,F
9463.0,History,B
9463.0,English,C
9463.0,Physical Education,B
9464.0,Math,D
9464.0,Science,A
9464.0,History,A
9464.0,English,A
9464.0,Physical Education,A
9465.0,Math,A
9465.0,Science,B
9465.0,History,A
9465.0,English,D
9465.0,Physical Education,F
9466.0,Math,B
9466.0,Science,B
9466.0,History,D
9466.0,English,D
9466.0,Physical Education,A
9467.0,Math,D
9467.0,Science,A
9467.0,History,A
9467.0,English,B
9467.0,Physical Education,A
9468.0,Math,D
9468.0,Science,F
9468.0,History,D
9468.0,English,F
9468.0,Physical Education,A
9469.0,Math,A
9469.0,Science,A
9469.0,History,B
9469.0,English,B
9469.0,Physical Education,F
9470.0,Math,C
9470.0,Science,A
9470.0,History,C
9470.0,English,A
9470.0,Physical Education,A
9471.0,Math,F
9471.0,Science,A
9471.0,History,A
9471.0,English,B
9471.0,Physical Education,F
9472.0,Math,A
9472.0,Science,B
9472.0,History,C
9472.0,English,A
9472.0,Physical Education,B
9473.0,Math,D
9473.0,Science,D
9473.0,History,C
9473.0,English,B
9473.0,Physical Education,D
9474.0,Math,A
9474.0,Science,D
9474.0,History,C
9474.0,English,C
9474.0,Physical Education,C
9475.0,Math,C
9475.0,Science,A
9475.0,History,B
9475.0,English,B
9475.0,Physical Education,B
9476.0,Math,F
9476.0,Science,D
9476.0,History,D
9476.0,English,D
9476.0,Physical Education,F
9477.0,Math,A
9477.0,Science,D
9477.0,History,B
9477.0,English,C
9477.0,Physical Education,D
9478.0,Math,B
9478.0,Science,B
9478.0,History,B
9478.0,English,F
9478.0,Physical Education,C
9479.0,Math,A
9479.0,Science,A
9479.0,History,F
9479.0,English,C
9479.0,Physical Education,B
9480.0,Math,A
9480.0,Science,D
9480.0,History,B
9480.0,English,F
9480.0,Physical Education,D
9481.0,Math,F
9481.0,Science,C
9481.0,History,D
9481.0,English,B
9481.0,Physical Education,A
9482.0,Math,D
9482.0,Science,A
9482.0,History,D
9482.0,English,C
9482.0,Physical Education,F
9483.0,Math,B
9483.0,Science,A
9483.0,History,F
9483.0,English,F
9483.0,Physical Education,A
9484.0,Math,F
9484.0,Science,F
9484.0,History,B
9484.0,English,F
9484.0,Physical Education,F
9485.0,Math,F
9485.0,Science,A
9485.0,History,B
9485.0,English,C
9485.0,Physical Education,A
9486.0,Math,A
9486.0,Science,F
9486.0,History,F
9486.0,English,F
9486.0,Physical Education,A
9487.0,Math,D
9487.0,Science,A
9487.0,History,D
9487.0,English,C
9487.0,Physical Education,B
9488.0,Math,D
9488.0,Science,B
9488.0,History,D
9488.0,English,F
9488.0,Physical Education,A
9489.0,Math,C
9489.0,Science,B
9489.0,History,F
9489.0,English,A
9489.0,Physical Education,A
9490.0,Math,F
9490.0,Science,A
9490.0,History,F
9490.0,English,C
9490.0,Physical Education,C
9491.0,Math,A
9491.0,Science,D
9491.0,History,C
9491.0,English,B
9491.0,Physical Education,B
9492.0,Math,D
9492.0,Science,A
9492.0,History,B
9492.0,English,C
9492.0,Physical Education,A
9493.0,Math,F
9493.0,Science,F
9493.0,History,D
9493.0,English,D
9493.0,Physical Education,A
9494.0,Math,C
9494.0,Science,C
9494.0,History,C
9494.0,English,A
9494.0,Physical Education,D
9495.0,Math,A
9495.0,Science,D
9495.0,History,B
9495.0,English,B
9495.0,Physical Education,F
9496.0,Math,F
9496.0,Science,C
9496.0,History,B
9496.0,English,B
9496.0,Physical Education,D
9497.0,Math,F
9497.0,Science,A
9497.0,History,D
9497.0,English,C
9497.0,Physical Education,C
9498.0,Math,B
9498.0,Science,F
9498.0,History,B
9498.0,English,C
9498.0,Physical Education,A
9499.0,Math,C
9499.0,Science,A
9499.0,History,F
9499.0,English,A
9499.0,Physical Education,C
9500.0,Math,B
9500.0,Science,C
9500.0,History,B
9500.0,English,D
9500.0,Physical Education,F
9501.0,Math,F
9501.0,Science,A
9501.0,History,A
9501.0,English,F
9501.0,Physical Education,D
9502.0,Math,F
9502.0,Science,D
9502.0,History,A
9502.0,English,D
9502.0,Physical Education,B
9503.0,Math,B
9503.0,Science,A
9503.0,History,B
9503.0,English,B
9503.0,Physical Education,A
9504.0,Math,B
9504.0,Science,C
9504.0,History,B
9504.0,English,A
9504.0,Physical Education,F
9505.0,Math,F
9505.0,Science,A
9505.0,History,C
9505.0,English,B
9505.0,Physical Education,D
9506.0,Math,D
9506.0,Science,A
9506.0,History,B
9506.0,English,D
9506.0,Physical Education,B
9507.0,Math,C
9507.0,Science,C
9507.0,History,A
9507.0,English,F
9507.0,Physical Education,C
9508.0,Math,F
9508.0,Science,D
9508.0,History,B
9508.0,English,B
9508.0,Physical Education,A
9509.0,Math,B
9509.0,Science,F
9509.0,History,D
9509.0,English,A
9509.0,Physical Education,F
9510.0,Math,A
9510.0,Science,B
9510.0,History,F
9510.0,English,D
9510.0,Physical Education,D
9511.0,Math,B
9511.0,Science,C
9511.0,History,C
9511.0,English,F
9511.0,Physical Education,C
9512.0,Math,C
9512.0,Science,B
9512.0,History,F
9512.0,English,A
9512.0,Physical Education,F
9513.0,Math,D
9513.0,Science,D
9513.0,History,B
9513.0,English,D
9513.0,Physical Education,F
9514.0,Math,F
9514.0,Science,F
9514.0,History,F
9514.0,English,C
9514.0,Physical Education,A
9515.0,Math,B
9515.0,Science,F
9515.0,History,B
9515.0,English,B
9515.0,Physical Education,D
9516.0,Math,A
9516.0,Science,D
9516.0,History,C
9516.0,English,D
9516.0,Physical Education,B
9517.0,Math,B
9517.0,Science,A
9517.0,History,C
9517.0,English,B
9517.0,Physical Education,F
9518.0,Math,A
9518.0,Science,A
9518.0,History,B
9518.0,English,A
9518.0,Physical Education,C
9519.0,Math,A
9519.0,Science,F
9519.0,History,D
9519.0,English,F
9519.0,Physical Education,C
9520.0,Math,D
9520.0,Science,F
9520.0,History,C
9520.0,English,F
9520.0,Physical Education,D
9521.0,Math,B
9521.0,Science,A
9521.0,History,A
9521.0,English,B
9521.0,Physical Education,C
9522.0,Math,B
9522.0,Science,C
9522.0,History,F
9522.0,English,A
9522.0,Physical Education,C
9523.0,Math,F
9523.0,Science,D
9523.0,History,C
9523.0,English,A
9523.0,Physical Education,D
9524.0,Math,B
9524.0,Science,C
9524.0,History,A
9524.0,English,C
9524.0,Physical Education,F
9525.0,Math,A
9525.0,Science,F
9525.0,History,A
9525.0,English,D
9525.0,Physical Education,F
9526.0,Math,B
9526.0,Science,B
9526.0,History,D
9526.0,English,A
9526.0,Physical Education,B
9527.0,Math,D
9527.0,Science,A
9527.0,History,C
9527.0,English,D
9527.0,Physical Education,A
9528.0,Math,D
9528.0,Science,D
9528.0,History,B
9528.0,English,D
9528.0,Physical Education,A
9529.0,Math,F
9529.0,Science,C
9529.0,History,D
9529.0,English,C
9529.0,Physical Education,D
9530.0,Math,C
9530.0,Science,F
9530.0,History,A
9530.0,English,F
9530.0,Physical Education,C
9531.0,Math,B
9531.0,Science,C
9531.0,History,A
9531.0,English,F
9531.0,Physical Education,F
9532.0,Math,D
9532.0,Science,D
9532.0,History,D
9532.0,English,B
9532.0,Physical Education,D
9533.0,Math,B
9533.0,Science,F
9533.0,History,B
9533.0,English,C
9533.0,Physical Education,A
9534.0,Math,A
9534.0,Science,F
9534.0,History,B
9534.0,English,A
9534.0,Physical Education,A
9535.0,Math,C
9535.0,Science,B
9535.0,History,C
9535.0,English,B
9535.0,Physical Education,B
9536.0,Math,B
9536.0,Science,C
9536.0,History,B
9536.0,English,D
9536.0,Physical Education,F
9537.0,Math,C
9537.0,Science,B
9537.0,History,D
9537.0,English,D
9537.0,Physical Education,B
9538.0,Math,A
9538.0,Science,A
9538.0,History,A
9538.0,English,D
9538.0,Physical Education,A
9539.0,Math,C
9539.0,Science,F
9539.0,History,D
9539.0,English,C
9539.0,Physical Education,F
9540.0,Math,B
9540.0,Science,F
9540.0,History,F
9540.0,English,C
9540.0,Physical Education,B
9541.0,Math,F
9541.0,Science,A
9541.0,History,A
9541.0,English,A
9541.0,Physical Education,D
9542.0,Math,F
9542.0,Science,D
9542.0,History,A
9542.0,English,A
9542.0,Physical Education,C
9543.0,Math,B
9543.0,Science,B
9543.0,History,C
9543.0,English,C
9543.0,Physical Education,A
9544.0,Math,F
9544.0,Science,D
9544.0,History,D
9544.0,English,F
9544.0,Physical Education,C
9545.0,Math,C
9545.0,Science,B
9545.0,History,C
9545.0,English,B
9545.0,Physical Education,F
9546.0,Math,F
9546.0,Science,C
9546.0,History,F
9546.0,English,F
9546.0,Physical Education,F
9547.0,Math,F
9547.0,Science,A
9547.0,History,F
9547.0,English,A
9547.0,Physical Education,B
9548.0,Math,F
9548.0,Science,F
9548.0,History,F
9548.0,English,D
9548.0,Physical Education,A
9549.0,Math,F
9549.0,Science,D
9549.0,History,B
9549.0,English,B
9549.0,Physical Education,F
9550.0,Math,B
9550.0,Science,C
9550.0,History,F
9550.0,English,C
9550.0,Physical Education,D
9551.0,Math,C
9551.0,Science,B
9551.0,History,C
9551.0,English,A
9551.0,Physical Education,B
9552.0,Math,C
9552.0,Science,F
9552.0,History,A
9552.0,English,B
9552.0,Physical Education,A
9553.0,Math,A
9553.0,Science,C
9553.0,History,D
9553.0,English,D
9553.0,Physical Education,F
9554.0,Math,C
9554.0,Science,F
9554.0,History,B
9554.0,English,B
9554.0,Physical Education,C
9555.0,Math,B
9555.0,Science,A
9555.0,History,A
9555.0,English,B
9555.0,Physical Education,A
9556.0,Math,D
9556.0,Science,D
9556.0,History,D
9556.0,English,C
9556.0,Physical Education,D
9557.0,Math,A
9557.0,Science,F
9557.0,History,B
9557.0,English,D
9557.0,Physical Education,C
9558.0,Math,A
9558.0,Science,D
9558.0,History,A
9558.0,English,D
9558.0,Physical Education,D
9559.0,Math,B
9559.0,Science,F
9559.0,History,D
9559.0,English,B
9559.0,Physical Education,A
9560.0,Math,A
9560.0,Science,F
9560.0,History,F
9560.0,English,D
9560.0,Physical Education,B
9561.0,Math,F
9561.0,Science,A
9561.0,History,A
9561.0,English,A
9561.0,Physical Education,A
9562.0,Math,A
9562.0,Science,D
9562.0,History,F
9562.0,English,F
9562.0,Physical Education,B
9563.0,Math,F
9563.0,Science,D
9563.0,History,D
9563.0,English,D
9563.0,Physical Education,D
9564.0,Math,B
9564.0,Science,A
9564.0,History,B
9564.0,English,F
9564.0,Physical Education,C
9565.0,Math,B
9565.0,Science,B
9565.0,History,A
9565.0,English,C
9565.0,Physical Education,F
9566.0,Math,F
9566.0,Science,C
9566.0,History,A
9566.0,English,C
9566.0,Physical Education,B
9567.0,Math,C
9567.0,Science,A
9567.0,History,F
9567.0,English,A
9567.0,Physical Education,A
9568.0,Math,C
9568.0,Science,A
9568.0,History,A
9568.0,English,D
9568.0,Physical Education,F
9569.0,Math,C
9569.0,Science,B
9569.0,History,B
9569.0,English,B
9569.0,Physical Education,C
9570.0,Math,B
9570.0,Science,F
9570.0,History,D
9570.0,English,B
9570.0,Physical Education,F
9571.0,Math,B
9571.0,Science,B
9571.0,History,F
9571.0,English,D
9571.0,Physical Education,B
9572.0,Math,B
9572.0,Science,A
9572.0,History,A
9572.0,English,F
9572.0,Physical Education,B
9573.0,Math,F
9573.0,Science,F
9573.0,History,C
9573.0,English,C
9573.0,Physical Education,C
9574.0,Math,F
9574.0,Science,D
9574.0,History,C
9574.0,English,B
9574.0,Physical Education,D
9575.0,Math,C
9575.0,Science,C
9575.0,History,B
9575.0,English,F
9575.0,Physical Education,F
9576.0,Math,B
9576.0,Science,A
9576.0,History,B
9576.0,English,C
9576.0,Physical Education,F
9577.0,Math,D
9577.0,Science,F
9577.0,History,C
9577.0,English,F
9577.0,Physical Education,F
9578.0,Math,D
9578.0,Science,C
9578.0,History,F
9578.0,English,C
9578.0,Physical Education,C
9579.0,Math,F
9579.0,Science,A
9579.0,History,C
9579.0,English,C
9579.0,Physical Education,C
9580.0,Math,C
9580.0,Science,C
9580.0,History,B
9580.0,English,D
9580.0,Physical Education,F
9581.0,Math,F
9581.0,Science,F
9581.0,History,A
9581.0,English,B
9581.0,Physical Education,D
9582.0,Math,B
9582.0,Science,A
9582.0,History,D
9582.0,English,F
9582.0,Physical Education,F
9583.0,Math,F
9583.0,Science,A
9583.0,History,D
9583.0,English,F
9583.0,Physical Education,B
9584.0,Math,D
9584.0,Science,F
9584.0,History,D
9584.0,English,D
9584.0,Physical Education,F
9585.0,Math,D
9585.0,Science,B
9585.0,History,F
9585.0,English,C
9585.0,Physical Education,A
9586.0,Math,C
9586.0,Science,C
9586.0,History,C
9586.0,English,A
9586.0,Physical Education,C
9587.0,Math,B
9587.0,Science,F
9587.0,History,B
9587.0,English,F
9587.0,Physical Education,C
9588.0,Math,F
9588.0,Science,A
9588.0,History,F
9588.0,English,C
9588.0,Physical Education,A
9589.0,Math,D
9589.0,Science,F
9589.0,History,D
9589.0,English,B
9589.0,Physical Education,C
9590.0,Math,A
9590.0,Science,D
9590.0,History,F
9590.0,English,F
9590.0,Physical Education,C
9591.0,Math,D
9591.0,Science,A
9591.0,History,A
9591.0,English,D
9591.0,Physical Education,A
9592.0,Math,F
9592.0,Science,A
9592.0,History,C
9592.0,English,C
9592.0,Physical Education,A
9593.0,Math,B
9593.0,Science,C
9593.0,History,B
9593.0,English,D
9593.0,Physical Education,B
9594.0,Math,B
9594.0,Science,C
9594.0,History,D
9594.0,English,F
9594.0,Physical Education,F
9595.0,Math,F
9595.0,Science,F
9595.0,History,B
9595.0,English,F
9595.0,Physical Education,B
9596.0,Math,D
9596.0,Science,A
9596.0,History,D
9596.0,English,F
9596.0,Physical Education,D
9597.0,Math,F
9597.0,Science,B
9597.0,History,C
9597.0,English,A
9597.0,Physical Education,C
9598.0,Math,B
9598.0,Science,D
9598.0,History,D
9598.0,English,A
9598.0,Physical Education,F
9599.0,Math,F
9599.0,Science,A
9599.0,History,A
9599.0,English,B
9599.0,Physical Education,F
9600.0,Math,A
9600.0,Science,D
9600.0,History,A
9600.0,English,C
9600.0,Physical Education,C
9601.0,Math,B
9601.0,Science,B
9601.0,History,D
9601.0,English,F
9601.0,Physical Education,B
9602.0,Math,A
9602.0,Science,C
9602.0,History,C
9602.0,English,F
9602.0,Physical Education,D
9603.0,Math,D
9603.0,Science,F
9603.0,History,D
9603.0,English,C
9603.0,Physical Education,F
9604.0,Math,B
9604.0,Science,B
9604.0,History,D
9604.0,English,B
9604.0,Physical Education,C
9605.0,Math,A
9605.0,Science,B
9605.0,History,F
9605.0,English,A
9605.0,Physical Education,D
9606.0,Math,B
9606.0,Science,A
9606.0,History,A
9606.0,English,A
9606.0,Physical Education,F
9607.0,Math,D
9607.0,Science,F
9607.0,History,F
9607.0,English,A
9607.0,Physical Education,D
9608.0,Math,F
9608.0,Science,F
9608.0,History,F
9608.0,English,F
9608.0,Physical Education,F
9609.0,Math,A
9609.0,Science,D
9609.0,History,C
9609.0,English,B
9609.0,Physical Education,D
9610.0,Math,D
9610.0,Science,D
9610.0,History,A
9610.0,English,C
9610.0,Physical Education,B
9611.0,Math,D
9611.0,Science,F
9611.0,History,C
9611.0,English,B
9611.0,Physical Education,F
9612.0,Math,A
9612.0,Science,B
9612.0,History,D
9612.0,English,F
9612.0,Physical Education,B
9613.0,Math,C
9613.0,Science,D
9613.0,History,A
9613.0,English,B
9613.0,Physical Education,A
9614.0,Math,C
9614.0,Science,D
9614.0,History,D
9614.0,English,C
9614.0,Physical Education,D
9615.0,Math,D
9615.0,Science,C
9615.0,History,D
9615.0,English,B
9615.0,Physical Education,C
9616.0,Math,F
9616.0,Science,B
9616.0,History,B
9616.0,English,B
9616.0,Physical Education,A
9617.0,Math,A
9617.0,Science,A
9617.0,History,A
9617.0,English,A
9617.0,Physical Education,C
9618.0,Math,D
9618.0,Science,B
9618.0,History,B
9618.0,English,A
9618.0,Physical Education,B
9619.0,Math,D
9619.0,Science,A
9619.0,History,C
9619.0,English,A
9619.0,Physical Education,D
9620.0,Math,B
9620.0,Science,F
9620.0,History,D
9620.0,English,D
9620.0,Physical Education,F
9621.0,Math,D
9621.0,Science,F
9621.0,History,F
9621.0,English,D
9621.0,Physical Education,A
9622.0,Math,B
9622.0,Science,B
9622.0,History,D
9622.0,English,F
9622.0,Physical Education,A
9623.0,Math,A
9623.0,Science,A
9623.0,History,B
9623.0,English,F
9623.0,Physical Education,C
9624.0,Math,A
9624.0,Science,B
9624.0,History,A
9624.0,English,C
9624.0,Physical Education,F
9625.0,Math,A
9625.0,Science,C
9625.0,History,B
9625.0,English,D
9625.0,Physical Education,B
9626.0,Math,F
9626.0,Science,A
9626.0,History,B
9626.0,English,B
9626.0,Physical Education,C
9627.0,Math,C
9627.0,Science,C
9627.0,History,A
9627.0,English,D
9627.0,Physical Education,D
9628.0,Math,B
9628.0,Science,A
9628.0,History,A
9628.0,English,D
9628.0,Physical Education,B
9629.0,Math,D
9629.0,Science,B
9629.0,History,A
9629.0,English,D
9629.0,Physical Education,C
9630.0,Math,C
9630.0,Science,C
9630.0,History,F
9630.0,English,C
9630.0,Physical Education,F
9631.0,Math,D
9631.0,Science,D
9631.0,History,B
9631.0,English,F
9631.0,Physical Education,A
9632.0,Math,D
9632.0,Science,C
9632.0,History,D
9632.0,English,F
9632.0,Physical Education,B
9633.0,Math,D
9633.0,Science,D
9633.0,History,C
9633.0,English,C
9633.0,Physical Education,C
9634.0,Math,B
9634.0,Science,F
9634.0,History,F
9634.0,English,D
9634.0,Physical Education,F
9635.0,Math,D
9635.0,Science,F
9635.0,History,F
9635.0,English,F
9635.0,Physical Education,F
9636.0,Math,B
9636.0,Science,B
9636.0,History,D
9636.0,English,C
9636.0,Physical Education,D
9637.0,Math,F
9637.0,Science,D
9637.0,History,A
9637.0,English,F
9637.0,Physical Education,A
9638.0,Math,C
9638.0,Science,B
9638.0,History,D
9638.0,English,A
9638.0,Physical Education,A
9639.0,Math,D
9639.0,Science,F
9639.0,History,A
9639.0,English,F
9639.0,Physical Education,C
9640.0,Math,B
9640.0,Science,D
9640.0,History,F
9640.0,English,D
9640.0,Physical Education,A
9641.0,Math,C
9641.0,Science,D
9641.0,History,C
9641.0,English,F
9641.0,Physical Education,C
9642.0,Math,D
9642.0,Science,C
9642.0,History,D
9642.0,English,D
9642.0,Physical Education,C
9643.0,Math,F
9643.0,Science,B
9643.0,History,C
9643.0,English,B
9643.0,Physical Education,C
9644.0,Math,C
9644.0,Science,C
9644.0,History,A
9644.0,English,D
9644.0,Physical Education,A
9645.0,Math,B
9645.0,Science,D
9645.0,History,F
9645.0,English,A
9645.0,Physical Education,C
9646.0,Math,C
9646.0,Science,C
9646.0,History,F
9646.0,English,A
9646.0,Physical Education,D
9647.0,Math,F
9647.0,Science,D
9647.0,History,C
9647.0,English,F
9647.0,Physical Education,F
9648.0,Math,F
9648.0,Science,D
9648.0,History,B
9648.0,English,A
9648.0,Physical Education,D
9649.0,Math,A
9649.0,Science,A
9649.0,History,B
9649.0,English,C
9649.0,Physical Education,B
9650.0,Math,B
9650.0,Science,A
9650.0,History,F
9650.0,English,D
9650.0,Physical Education,F
9651.0,Math,F
9651.0,Science,B
9651.0,History,A
9651.0,English,A
9651.0,Physical Education,F
9652.0,Math,A
9652.0,Science,C
9652.0,History,C
9652.0,English,B
9652.0,Physical Education,C
9653.0,Math,A
9653.0,Science,F
9653.0,History,D
9653.0,English,D
9653.0,Physical Education,F
9654.0,Math,B
9654.0,Science,F
9654.0,History,A
9654.0,English,F
9654.0,Physical Education,F
9655.0,Math,F
9655.0,Science,A
9655.0,History,C
9655.0,English,D
9655.0,Physical Education,B
9656.0,Math,A
9656.0,Science,C
9656.0,History,F
9656.0,English,C
9656.0,Physical Education,D
9657.0,Math,A
9657.0,Science,B
9657.0,History,B
9657.0,English,F
9657.0,Physical Education,A
9658.0,Math,D
9658.0,Science,A
9658.0,History,A
9658.0,English,C
9658.0,Physical Education,C
9659.0,Math,C
9659.0,Science,D
9659.0,History,D
9659.0,English,D
9659.0,Physical Education,A
9660.0,Math,A
9660.0,Science,A
9660.0,History,D
9660.0,English,F
9660.0,Physical Education,A
9661.0,Math,B
9661.0,Science,B
9661.0,History,C
9661.0,English,A
9661.0,Physical Education,C
9662.0,Math,B
9662.0,Science,C
9662.0,History,B
9662.0,English,C
9662.0,Physical Education,B
9663.0,Math,B
9663.0,Science,C
9663.0,History,A
9663.0,English,B
9663.0,Physical Education,C
9664.0,Math,C
9664.0,Science,D
9664.0,History,D
9664.0,English,B
9664.0,Physical Education,C
9665.0,Math,C
9665.0,Science,B
9665.0,History,A
9665.0,English,A
9665.0,Physical Education,C
9666.0,Math,A
9666.0,Science,F
9666.0,History,F
9666.0,English,C
9666.0,Physical Education,A
9667.0,Math,D
9667.0,Science,F
9667.0,History,F
9667.0,English,A
9667.0,Physical Education,D
9668.0,Math,D
9668.0,Science,F
9668.0,History,D
9668.0,English,A
9668.0,Physical Education,F
9669.0,Math,D
9669.0,Science,D
9669.0,History,A
9669.0,English,C
9669.0,Physical Education,B
9670.0,Math,B
9670.0,Science,A
9670.0,History,A
9670.0,English,D
9670.0,Physical Education,C
9671.0,Math,B
9671.0,Science,D
9671.0,History,D
9671.0,English,F
9671.0,Physical Education,F
9672.0,Math,C
9672.0,Science,D
9672.0,History,D
9672.0,English,F
9672.0,Physical Education,F
9673.0,Math,C
9673.0,Science,C
9673.0,History,F
9673.0,English,D
9673.0,Physical Education,B
9674.0,Math,A
9674.0,Science,B
9674.0,History,B
9674.0,English,C
9674.0,Physical Education,F
9675.0,Math,F
9675.0,Science,F
9675.0,History,F
9675.0,English,B
9675.0,Physical Education,C
9676.0,Math,A
9676.0,Science,B
9676.0,History,B
9676.0,English,F
9676.0,Physical Education,B
9677.0,Math,A
9677.0,Science,B
9677.0,History,B
9677.0,English,A
9677.0,Physical Education,C
9678.0,Math,B
9678.0,Science,F
9678.0,History,F
9678.0,English,D
9678.0,Physical Education,B
9679.0,Math,C
9679.0,Science,D
9679.0,History,D
9679.0,English,A
9679.0,Physical Education,F
9680.0,Math,A
9680.0,Science,B
9680.0,History,A
9680.0,English,F
9680.0,Physical Education,D
9681.0,Math,C
9681.0,Science,B
9681.0,History,C
9681.0,English,D
9681.0,Physical Education,C
9682.0,Math,C
9682.0,Science,A
9682.0,History,B
9682.0,English,C
9682.0,Physical Education,D
9683.0,Math,C
9683.0,Science,B
9683.0,History,C
9683.0,English,F
9683.0,Physical Education,A
9684.0,Math,F
9684.0,Science,B
9684.0,History,B
9684.0,English,C
9684.0,Physical Education,A
9685.0,Math,C
9685.0,Science,A
9685.0,History,C
9685.0,English,A
9685.0,Physical Education,F
9686.0,Math,C
9686.0,Science,D
9686.0,History,B
9686.0,English,C
9686.0,Physical Education,A
9687.0,Math,B
9687.0,Science,D
9687.0,History,B
9687.0,English,F
9687.0,Physical Education,B
9688.0,Math,C
9688.0,Science,B
9688.0,History,A
9688.0,English,C
9688.0,Physical Education,A
9689.0,Math,D
9689.0,Science,B
9689.0,History,A
9689.0,English,A
9689.0,Physical Education,D
9690.0,Math,B
9690.0,Science,C
9690.0,History,B
9690.0,English,A
9690.0,Physical Education,C
9691.0,Math,C
9691.0,Science,B
9691.0,History,C
9691.0,English,C
9691.0,Physical Education,C
9692.0,Math,D
9692.0,Science,D
9692.0,History,A
9692.0,English,D
9692.0,Physical Education,D
9693.0,Math,C
9693.0,Science,A
9693.0,History,A
9693.0,English,B
9693.0,Physical Education,A
9694.0,Math,A
9694.0,Science,A
9694.0,History,C
9694.0,English,C
9694.0,Physical Education,B
9695.0,Math,A
9695.0,Science,A
9695.0,History,A
9695.0,English,F
9695.0,Physical Education,B
9696.0,Math,C
9696.0,Science,C
9696.0,History,D
9696.0,English,C
9696.0,Physical Education,F
9697.0,Math,F
9697.0,Science,A
9697.0,History,F
9697.0,English,D
9697.0,Physical Education,F
9698.0,Math,F
9698.0,Science,C
9698.0,History,D
9698.0,English,C
9698.0,Physical Education,A
9699.0,Math,F
9699.0,Science,C
9699.0,History,F
9699.0,English,A
9699.0,Physical Education,F
9700.0,Math,C
9700.0,Science,A
9700.0,History,A
9700.0,English,A
9700.0,Physical Education,D
9701.0,Math,B
9701.0,Science,C
9701.0,History,A
9701.0,English,D
9701.0,Physical Education,C
9702.0,Math,A
9702.0,Science,D
9702.0,History,A
9702.0,English,F
9702.0,Physical Education,F
9703.0,Math,C
9703.0,Science,C
9703.0,History,B
9703.0,English,F
9703.0,Physical Education,A
9704.0,Math,C
9704.0,Science,C
9704.0,History,C
9704.0,English,A
9704.0,Physical Education,D
9705.0,Math,D
9705.0,Science,B
9705.0,History,F
9705.0,English,D
9705.0,Physical Education,D
9706.0,Math,C
9706.0,Science,B
9706.0,History,C
9706.0,English,C
9706.0,Physical Education,C
9707.0,Math,B
9707.0,Science,F
9707.0,History,A
9707.0,English,D
9707.0,Physical Education,C
9708.0,Math,D
9708.0,Science,D
9708.0,History,C
9708.0,English,B
9708.0,Physical Education,D
9709.0,Math,B
9709.0,Science,B
9709.0,History,A
9709.0,English,B
9709.0,Physical Education,B
9710.0,Math,B
9710.0,Science,D
9710.0,History,D
9710.0,English,D
9710.0,Physical Education,C
9711.0,Math,C
9711.0,Science,B
9711.0,History,D
9711.0,English,D
9711.0,Physical Education,F
9712.0,Math,A
9712.0,Science,C
9712.0,History,F
9712.0,English,F
9712.0,Physical Education,F
9713.0,Math,A
9713.0,Science,D
9713.0,History,D
9713.0,English,F
9713.0,Physical Education,F
9714.0,Math,B
9714.0,Science,B
9714.0,History,B
9714.0,English,A
9714.0,Physical Education,C
9715.0,Math,A
9715.0,Science,D
9715.0,History,D
9715.0,English,F
9715.0,Physical Education,D
9716.0,Math,F
9716.0,Science,C
9716.0,History,D
9716.0,English,F
9716.0,Physical Education,C
9717.0,Math,C
9717.0,Science,B
9717.0,History,B
9717.0,English,C
9717.0,Physical Education,B
9718.0,Math,F
9718.0,Science,D
9718.0,History,A
9718.0,English,F
9718.0,Physical Education,B
9719.0,Math,B
9719.0,Science,D
9719.0,History,A
9719.0,English,F
9719.0,Physical Education,B
9720.0,Math,A
9720.0,Science,A
9720.0,History,D
9720.0,English,D
9720.0,Physical Education,D
9721.0,Math,C
9721.0,Science,B
9721.0,History,B
9721.0,English,C
9721.0,Physical Education,D
9722.0,Math,C
9722.0,Science,C
9722.0,History,C
9722.0,English,B
9722.0,Physical Education,C
9723.0,Math,F
9723.0,Science,F
9723.0,History,A
9723.0,English,B
9723.0,Physical Education,F
9724.0,Math,A
9724.0,Science,A
9724.0,History,D
9724.0,English,B
9724.0,Physical Education,D
9725.0,Math,F
9725.0,Science,A
9725.0,History,A
9725.0,English,B
9725.0,Physical Education,C
9726.0,Math,F
9726.0,Science,D
9726.0,History,D
9726.0,English,D
9726.0,Physical Education,D
9727.0,Math,D
9727.0,Science,C
9727.0,History,F
9727.0,English,D
9727.0,Physical Education,D
9728.0,Math,C
9728.0,Science,C
9728.0,History,F
9728.0,English,A
9728.0,Physical Education,F
9729.0,Math,F
9729.0,Science,D
9729.0,History,D
9729.0,English,B
9729.0,Physical Education,F
9730.0,Math,D
9730.0,Science,C
9730.0,History,F
9730.0,English,F
9730.0,Physical Education,B
9731.0,Math,A
9731.0,Science,A
9731.0,History,A
9731.0,English,F
9731.0,Physical Education,B
9732.0,Math,B
9732.0,Science,B
9732.0,History,A
9732.0,English,F
9732.0,Physical Education,F
9733.0,Math,C
9733.0,Science,F
9733.0,History,D
9733.0,English,F
9733.0,Physical Education,C
9734.0,Math,C
9734.0,Science,D
9734.0,History,C
9734.0,English,D
9734.0,Physical Education,B
9735.0,Math,A
9735.0,Science,F
9735.0,History,A
9735.0,English,C
9735.0,Physical Education,D
9736.0,Math,B
9736.0,Science,D
9736.0,History,C
9736.0,English,B
9736.0,Physical Education,B
9737.0,Math,F
9737.0,Science,A
9737.0,History,B
9737.0,English,C
9737.0,Physical Education,F
9738.0,Math,D
9738.0,Science,A
9738.0,History,A
9738.0,English,A
9738.0,Physical Education,C
9739.0,Math,D
9739.0,Science,C
9739.0,History,F
9739.0,English,B
9739.0,Physical Education,F
9740.0,Math,A
9740.0,Science,C
9740.0,History,D
9740.0,English,F
9740.0,Physical Education,F
9741.0,Math,D
9741.0,Science,C
9741.0,History,A
9741.0,English,B
9741.0,Physical Education,B
9742.0,Math,D
9742.0,Science,B
9742.0,History,C
9742.0,English,F
9742.0,Physical Education,A
9743.0,Math,B
9743.0,Science,B
9743.0,History,D
9743.0,English,D
9743.0,Physical Education,D
9744.0,Math,C
9744.0,Science,C
9744.0,History,C
9744.0,English,B
9744.0,Physical Education,C
9745.0,Math,A
9745.0,Science,B
9745.0,History,A
9745.0,English,F
9745.0,Physical Education,A
9746.0,Math,F
9746.0,Science,C
9746.0,History,A
9746.0,English,C
9746.0,Physical Education,A
9747.0,Math,D
9747.0,Science,C
9747.0,History,B
9747.0,English,F
9747.0,Physical Education,C
9748.0,Math,D
9748.0,Science,C
9748.0,History,D
9748.0,English,C
9748.0,Physical Education,A
9749.0,Math,D
9749.0,Science,B
9749.0,History,A
9749.0,English,A
9749.0,Physical Education,C
9750.0,Math,C
9750.0,Science,D
9750.0,History,B
9750.0,English,F
9750.0,Physical Education,F
9751.0,Math,B
9751.0,Science,B
9751.0,History,A
9751.0,English,F
9751.0,Physical Education,A
9752.0,Math,C
9752.0,Science,D
9752.0,History,B
9752.0,English,A
9752.0,Physical Education,F
9753.0,Math,A
9753.0,Science,A
9753.0,History,F
9753.0,English,B
9753.0,Physical Education,D
9754.0,Math,D
9754.0,Science,C
9754.0,History,D
9754.0,English,C
9754.0,Physical Education,A
9755.0,Math,F
9755.0,Science,B
9755.0,History,F
9755.0,English,C
9755.0,Physical Education,A
9756.0,Math,D
9756.0,Science,D
9756.0,History,C
9756.0,English,F
9756.0,Physical Education,A
9757.0,Math,F
9757.0,Science,C
9757.0,History,B
9757.0,English,A
9757.0,Physical Education,B
9758.0,Math,D
9758.0,Science,F
9758.0,History,A
9758.0,English,C
9758.0,Physical Education,B
9759.0,Math,A
9759.0,Science,A
9759.0,History,A
9759.0,English,B
9759.0,Physical Education,D
9760.0,Math,D
9760.0,Science,F
9760.0,History,A
9760.0,English,C
9760.0,Physical Education,A
9761.0,Math,B
9761.0,Science,D
9761.0,History,A
9761.0,English,D
9761.0,Physical Education,A
9762.0,Math,D
9762.0,Science,A
9762.0,History,C
9762.0,English,B
9762.0,Physical Education,F
9763.0,Math,B
9763.0,Science,D
9763.0,History,C
9763.0,English,B
9763.0,Physical Education,A
9764.0,Math,D
9764.0,Science,F
9764.0,History,B
9764.0,English,B
9764.0,Physical Education,A
9765.0,Math,D
9765.0,Science,C
9765.0,History,C
9765.0,English,A
9765.0,Physical Education,F
9766.0,Math,B
9766.0,Science,B
9766.0,History,B
9766.0,English,F
9766.0,Physical Education,F
9767.0,Math,B
9767.0,Science,D
9767.0,History,C
9767.0,English,F
9767.0,Physical Education,D
9768.0,Math,C
9768.0,Science,B
9768.0,History,D
9768.0,English,D
9768.0,Physical Education,A
9769.0,Math,C
9769.0,Science,D
9769.0,History,F
9769.0,English,A
9769.0,Physical Education,C
9770.0,Math,B
9770.0,Science,B
9770.0,History,B
9770.0,English,D
9770.0,Physical Education,A
9771.0,Math,C
9771.0,Science,B
9771.0,History,A
9771.0,English,F
9771.0,Physical Education,A
9772.0,Math,D
9772.0,Science,D
9772.0,History,D
9772.0,English,B
9772.0,Physical Education,D
9773.0,Math,F
9773.0,Science,C
9773.0,History,D
9773.0,English,D
9773.0,Physical Education,B
9774.0,Math,D
9774.0,Science,A
9774.0,History,D
9774.0,English,D
9774.0,Physical Education,B
9775.0,Math,F
9775.0,Science,D
9775.0,History,D
9775.0,English,B
9775.0,Physical Education,C
9776.0,Math,A
9776.0,Science,A
9776.0,History,D
9776.0,English,C
9776.0,Physical Education,A
9777.0,Math,B
9777.0,Science,B
9777.0,History,D
9777.0,English,F
9777.0,Physical Education,A
9778.0,Math,C
9778.0,Science,F
9778.0,History,A
9778.0,English,F
9778.0,Physical Education,F
9779.0,Math,C
9779.0,Science,B
9779.0,History,F
9779.0,English,F
9779.0,Physical Education,D
9780.0,Math,B
9780.0,Science,C
9780.0,History,B
9780.0,English,A
9780.0,Physical Education,F
9781.0,Math,D
9781.0,Science,A
9781.0,History,F
9781.0,English,F
9781.0,Physical Education,F
9782.0,Math,D
9782.0,Science,B
9782.0,History,C
9782.0,English,F
9782.0,Physical Education,D
9783.0,Math,A
9783.0,Science,C
9783.0,History,A
9783.0,English,F
9783.0,Physical Education,A
9784.0,Math,D
9784.0,Science,B
9784.0,History,A
9784.0,English,B
9784.0,Physical Education,F
9785.0,Math,C
9785.0,Science,F
9785.0,History,B
9785.0,English,D
9785.0,Physical Education,B
9786.0,Math,B
9786.0,Science,F
9786.0,History,C
9786.0,English,B
9786.0,Physical Education,A
9787.0,Math,D
9787.0,Science,A
9787.0,History,F
9787.0,English,A
9787.0,Physical Education,A
9788.0,Math,F
9788.0,Science,C
9788.0,History,A
9788.0,English,B
9788.0,Physical Education,B
9789.0,Math,F
9789.0,Science,F
9789.0,History,C
9789.0,English,F
9789.0,Physical Education,F
9790.0,Math,A
9790.0,Science,F
9790.0,History,A
9790.0,English,D
9790.0,Physical Education,B
9791.0,Math,C
9791.0,Science,C
9791.0,History,A
9791.0,English,A
9791.0,Physical Education,C
9792.0,Math,B
9792.0,Science,C
9792.0,History,C
9792.0,English,D
9792.0,Physical Education,C
9793.0,Math,F
9793.0,Science,D
9793.0,History,D
9793.0,English,F
9793.0,Physical Education,B
9794.0,Math,D
9794.0,Science,A
9794.0,History,F
9794.0,English,C
9794.0,Physical Education,C
9795.0,Math,B
9795.0,Science,A
9795.0,History,C
9795.0,English,B
9795.0,Physical Education,C
9796.0,Math,B
9796.0,Science,F
9796.0,History,C
9796.0,English,A
9796.0,Physical Education,D
9797.0,Math,A
9797.0,Science,B
9797.0,History,A
9797.0,English,D
9797.0,Physical Education,B
9798.0,Math,A
9798.0,Science,C
9798.0,History,F
9798.0,English,A
9798.0,Physical Education,B
9799.0,Math,D
9799.0,Science,B
9799.0,History,B
9799.0,English,A
9799.0,Physical Education,F
9800.0,Math,B
9800.0,Science,A
9800.0,History,D
9800.0,English,C
9800.0,Physical Education,D
9801.0,Math,A
9801.0,Science,D
9801.0,History,C
9801.0,English,C
9801.0,Physical Education,B
9802.0,Math,D
9802.0,Science,F
9802.0,History,C
9802.0,English,B
9802.0,Physical Education,D
9803.0,Math,A
9803.0,Science,D
9803.0,History,B
9803.0,English,F
9803.0,Physical Education,C
9804.0,Math,F
9804.0,Science,B
9804.0,History,C
9804.0,English,A
9804.0,Physical Education,A
9805.0,Math,C
9805.0,Science,D
9805.0,History,B
9805.0,English,B
9805.0,Physical Education,F
9806.0,Math,A
9806.0,Science,C
9806.0,History,B
9806.0,English,A
9806.0,Physical Education,C
9807.0,Math,F
9807.0,Science,B
9807.0,History,B
9807.0,English,A
9807.0,Physical Education,C
9808.0,Math,F
9808.0,Science,F
9808.0,History,B
9808.0,English,A
9808.0,Physical Education,C
9809.0,Math,D
9809.0,Science,F
9809.0,History,C
9809.0,English,C
9809.0,Physical Education,D
9810.0,Math,A
9810.0,Science,A
9810.0,History,B
9810.0,English,D
9810.0,Physical Education,F
9811.0,Math,A
9811.0,Science,C
9811.0,History,A
9811.0,English,F
9811.0,Physical Education,A
9812.0,Math,B
9812.0,Science,B
9812.0,History,C
9812.0,English,D
9812.0,Physical Education,B
9813.0,Math,B
9813.0,Science,A
9813.0,History,D
9813.0,English,B
9813.0,Physical Education,A
9814.0,Math,C
9814.0,Science,A
9814.0,History,D
9814.0,English,D
9814.0,Physical Education,A
9815.0,Math,A
9815.0,Science,D
9815.0,History,B
9815.0,English,F
9815.0,Physical Education,B
9816.0,Math,C
9816.0,Science,B
9816.0,History,B
9816.0,English,C
9816.0,Physical Education,C
9817.0,Math,F
9817.0,Science,A
9817.0,History,C
9817.0,English,B
9817.0,Physical Education,A
9818.0,Math,A
9818.0,Science,C
9818.0,History,D
9818.0,English,A
9818.0,Physical Education,A
9819.0,Math,C
9819.0,Science,C
9819.0,History,A
9819.0,English,D
9819.0,Physical Education,C
9820.0,Math,C
9820.0,Science,F
9820.0,History,A
9820.0,English,B
9820.0,Physical Education,B
9821.0,Math,B
9821.0,Science,C
9821.0,History,F
9821.0,English,B
9821.0,Physical Education,C
9822.0,Math,B
9822.0,Science,B
9822.0,History,B
9822.0,English,F
9822.0,Physical Education,F
9823.0,Math,B
9823.0,Science,F
9823.0,History,F
9823.0,English,A
9823.0,Physical Education,F
9824.0,Math,C
9824.0,Science,D
9824.0,History,D
9824.0,English,C
9824.0,Physical Education,B
9825.0,Math,F
9825.0,Science,F
9825.0,History,B
9825.0,English,A
9825.0,Physical Education,D
9826.0,Math,D
9826.0,Science,C
9826.0,History,A
9826.0,English,D
9826.0,Physical Education,A
9827.0,Math,B
9827.0,Science,F
9827.0,History,A
9827.0,English,F
9827.0,Physical Education,D
9828.0,Math,B
9828.0,Science,C
9828.0,History,D
9828.0,English,D
9828.0,Physical Education,B
9829.0,Math,B
9829.0,Science,C
9829.0,History,F
9829.0,English,A
9829.0,Physical Education,B
9830.0,Math,A
9830.0,Science,A
9830.0,History,A
9830.0,English,C
9830.0,Physical Education,C
9831.0,Math,D
9831.0,Science,B
9831.0,History,D
9831.0,English,C
9831.0,Physical Education,F
9832.0,Math,D
9832.0,Science,D
9832.0,History,A
9832.0,English,F
9832.0,Physical Education,A
9833.0,Math,F
9833.0,Science,B
9833.0,History,F
9833.0,English,B
9833.0,Physical Education,B
9834.0,Math,A
9834.0,Science,F
9834.0,History,C
9834.0,English,F
9834.0,Physical Education,B
9835.0,Math,D
9835.0,Science,C
9835.0,History,D
9835.0,English,B
9835.0,Physical Education,F
9836.0,Math,D
9836.0,Science,F
9836.0,History,A
9836.0,English,D
9836.0,Physical Education,A
9837.0,Math,C
9837.0,Science,A
9837.0,History,A
9837.0,English,A
9837.0,Physical Education,D
9838.0,Math,A
9838.0,Science,B
9838.0,History,B
9838.0,English,C
9838.0,Physical Education,C
9839.0,Math,C
9839.0,Science,B
9839.0,History,F
9839.0,English,B
9839.0,Physical Education,A
9840.0,Math,A
9840.0,Science,D
9840.0,History,D
9840.0,English,C
9840.0,Physical Education,F
9841.0,Math,D
9841.0,Science,A
9841.0,History,F
9841.0,English,D
9841.0,Physical Education,B
9842.0,Math,C
9842.0,Science,A
9842.0,History,D
9842.0,English,F
9842.0,Physical Education,D
9843.0,Math,D
9843.0,Science,B
9843.0,History,C
9843.0,English,C
9843.0,Physical Education,F
9844.0,Math,B
9844.0,Science,B
9844.0,History,B
9844.0,English,B
9844.0,Physical Education,A
9845.0,Math,A
9845.0,Science,F
9845.0,History,C
9845.0,English,C
9845.0,Physical Education,C
9846.0,Math,F
9846.0,Science,C
9846.0,History,B
9846.0,English,B
9846.0,Physical Education,C
9847.0,Math,B
9847.0,Science,D
9847.0,History,C
9847.0,English,D
9847.0,Physical Education,D
9848.0,Math,B
9848.0,Science,A
9848.0,History,A
9848.0,English,F
9848.0,Physical Education,B
9849.0,Math,A
9849.0,Science,D
9849.0,History,D
9849.0,English,D
9849.0,Physical Education,B
9850.0,Math,B
9850.0,Science,F
9850.0,History,F
9850.0,English,A
9850.0,Physical Education,F
9851.0,Math,D
9851.0,Science,B
9851.0,History,A
9851.0,English,B
9851.0,Physical Education,B
9852.0,Math,A
9852.0,Science,D
9852.0,History,B
9852.0,English,D
9852.0,Physical Education,B
9853.0,Math,F
9853.0,Science,D
9853.0,History,D
9853.0,English,A
9853.0,Physical Education,D
9854.0,Math,F
9854.0,Science,C
9854.0,History,C
9854.0,English,B
9854.0,Physical Education,C
9855.0,Math,A
9855.0,Science,B
9855.0,History,D
9855.0,English,D
9855.0,Physical Education,A
9856.0,Math,A
9856.0,Science,C
9856.0,History,A
9856.0,English,F
9856.0,Physical Education,B
9857.0,Math,A
9857.0,Science,F
9857.0,History,B
9857.0,English,F
9857.0,Physical Education,D
9858.0,Math,D
9858.0,Science,B
9858.0,History,B
9858.0,English,B
9858.0,Physical Education,F
9859.0,Math,C
9859.0,Science,D
9859.0,History,C
9859.0,English,C
9859.0,Physical Education,C
9860.0,Math,A
9860.0,Science,D
9860.0,History,C
9860.0,English,A
9860.0,Physical Education,C
9861.0,Math,A
9861.0,Science,A
9861.0,History,C
9861.0,English,A
9861.0,Physical Education,C
9862.0,Math,D
9862.0,Science,B
9862.0,History,A
9862.0,English,A
9862.0,Physical Education,B
9863.0,Math,A
9863.0,Science,A
9863.0,History,C
9863.0,English,A
9863.0,Physical Education,A
9864.0,Math,A
9864.0,Science,C
9864.0,History,C
9864.0,English,D
9864.0,Physical Education,A
9865.0,Math,D
9865.0,Science,A
9865.0,History,F
9865.0,English,A
9865.0,Physical Education,F
9866.0,Math,A
9866.0,Science,C
9866.0,History,C
9866.0,English,A
9866.0,Physical Education,D
9867.0,Math,C
9867.0,Science,A
9867.0,History,D
9867.0,English,C
9867.0,Physical Education,C
9868.0,Math,D
9868.0,Science,C
9868.0,History,F
9868.0,English,C
9868.0,Physical Education,B
9869.0,Math,F
9869.0,Science,A
9869.0,History,A
9869.0,English,F
9869.0,Physical Education,B
9870.0,Math,A
9870.0,Science,C
9870.0,History,B
9870.0,English,C
9870.0,Physical Education,C
9871.0,Math,A
9871.0,Science,D
9871.0,History,B
9871.0,English,F
9871.0,Physical Education,D
9872.0,Math,D
9872.0,Science,F
9872.0,History,F
9872.0,English,C
9872.0,Physical Education,B
9873.0,Math,A
9873.0,Science,B
9873.0,History,D
9873.0,English,D
9873.0,Physical Education,D
9874.0,Math,B
9874.0,Science,B
9874.0,History,B
9874.0,English,B
9874.0,Physical Education,F
9875.0,Math,B
9875.0,Science,B
9875.0,History,D
9875.0,English,A
9875.0,Physical Education,B
9876.0,Math,D
9876.0,Science,F
9876.0,History,F
9876.0,English,F
9876.0,Physical Education,B
9877.0,Math,A
9877.0,Science,F
9877.0,History,C
9877.0,English,F
9877.0,Physical Education,A
9878.0,Math,F
9878.0,Science,C
9878.0,History,F
9878.0,English,D
9878.0,Physical Education,C
9879.0,Math,C
9879.0,Science,B
9879.0,History,A
9879.0,English,C
9879.0,Physical Education,D
9880.0,Math,A
9880.0,Science,F
9880.0,History,C
9880.0,English,F
9880.0,Physical Education,D
9881.0,Math,C
9881.0,Science,B
9881.0,History,B
9881.0,English,F
9881.0,Physical Education,D
9882.0,Math,B
9882.0,Science,F
9882.0,History,D
9882.0,English,D
9882.0,Physical Education,D
9883.0,Math,F
9883.0,Science,A
9883.0,History,B
9883.0,English,A
9883.0,Physical Education,B
9884.0,Math,A
9884.0,Science,C
9884.0,History,A
9884.0,English,D
9884.0,Physical Education,F
9885.0,Math,A
9885.0,Science,B
9885.0,History,B
9885.0,English,D
9885.0,Physical Education,F
9886.0,Math,F
9886.0,Science,C
9886.0,History,B
9886.0,English,F
9886.0,Physical Education,D
9887.0,Math,D
9887.0,Science,F
9887.0,History,F
9887.0,English,F
9887.0,Physical Education,C
9888.0,Math,D
9888.0,Science,A
9888.0,History,B
9888.0,English,A
9888.0,Physical Education,F
9889.0,Math,B
9889.0,Science,C
9889.0,History,C
9889.0,English,F
9889.0,Physical Education,F
9890.0,Math,C
9890.0,Science,A
9890.0,History,D
9890.0,English,B
9890.0,Physical Education,A
9891.0,Math,B
9891.0,Science,B
9891.0,History,C
9891.0,English,B
9891.0,Physical Education,C
9892.0,Math,F
9892.0,Science,C
9892.0,History,A
9892.0,English,C
9892.0,Physical Education,C
9893.0,Math,D
9893.0,Science,F
9893.0,History,F
9893.0,English,D
9893.0,Physical Education,C
9894.0,Math,F
9894.0,Science,C
9894.0,History,D
9894.0,English,B
9894.0,Physical Education,D
9895.0,Math,A
9895.0,Science,A
9895.0,History,A
9895.0,English,C
9895.0,Physical Education,A
9896.0,Math,C
9896.0,Science,C
9896.0,History,C
9896.0,English,F
9896.0,Physical Education,F
9897.0,Math,F
9897.0,Science,A
9897.0,History,D
9897.0,English,A
9897.0,Physical Education,B
9898.0,Math,F
9898.0,Science,C
9898.0,History,C
9898.0,English,C
9898.0,Physical Education,A
9899.0,Math,D
9899.0,Science,C
9899.0,History,C
9899.0,English,F
9899.0,Physical Education,D
9900.0,Math,A
9900.0,Science,D
9900.0,History,F
9900.0,English,B
9900.0,Physical Education,D
9901.0,Math,A
9901.0,Science,D
9901.0,History,B
9901.0,English,D
9901.0,Physical Education,C
9902.0,Math,C
9902.0,Science,C
9902.0,History,A
9902.0,English,C
9902.0,Physical Education,F
9903.0,Math,B
9903.0,Science,B
9903.0,History,C
9903.0,English,D
9903.0,Physical Education,C
9904.0,Math,F
9904.0,Science,B
9904.0,History,F
9904.0,English,B
9904.0,Physical Education,A
9905.0,Math,D
9905.0,Science,C
9905.0,History,D
9905.0,English,D
9905.0,Physical Education,A
9906.0,Math,C
9906.0,Science,D
9906.0,History,B
9906.0,English,C
9906.0,Physical Education,B
9907.0,Math,F
9907.0,Science,F
9907.0,History,F
9907.0,English,A
9907.0,Physical Education,D
9908.0,Math,A
9908.0,Science,B
9908.0,History,C
9908.0,English,A
9908.0,Physical Education,B
9909.0,Math,F
9909.0,Science,F
9909.0,History,B
9909.0,English,B
9909.0,Physical Education,F
9910.0,Math,D
9910.0,Science,A
9910.0,History,B
9910.0,English,A
9910.0,Physical Education,F
9911.0,Math,D
9911.0,Science,C
9911.0,History,B
9911.0,English,A
9911.0,Physical Education,A
9912.0,Math,A
9912.0,Science,B
9912.0,History,F
9912.0,English,F
9912.0,Physical Education,B
9913.0,Math,D
9913.0,Science,C
9913.0,History,C
9913.0,English,B
9913.0,Physical Education,D
9914.0,Math,A
9914.0,Science,D
9914.0,History,A
9914.0,English,C
9914.0,Physical Education,F
9915.0,Math,A
9915.0,Science,F
9915.0,History,A
9915.0,English,A
9915.0,Physical Education,A
9916.0,Math,C
9916.0,Science,D
9916.0,History,B
9916.0,English,C
9916.0,Physical Education,C
9917.0,Math,D
9917.0,Science,A
9917.0,History,C
9917.0,English,F
9917.0,Physical Education,A
9918.0,Math,B
9918.0,Science,C
9918.0,History,A
9918.0,English,D
9918.0,Physical Education,B
9919.0,Math,B
9919.0,Science,C
9919.0,History,C
9919.0,English,D
9919.0,Physical Education,B
9920.0,Math,A
9920.0,Science,D
9920.0,History,C
9920.0,English,B
9920.0,Physical Education,F
9921.0,Math,F
9921.0,Science,A
9921.0,History,F
9921.0,English,B
9921.0,Physical Education,A
9922.0,Math,F
9922.0,Science,C
9922.0,History,D
9922.0,English,B
9922.0,Physical Education,A
9923.0,Math,B
9923.0,Science,D
9923.0,History,A
9923.0,English,C
9923.0,Physical Education,A
9924.0,Math,B
9924.0,Science,D
9924.0,History,F
9924.0,English,A
9924.0,Physical Education,C
9925.0,Math,D
9925.0,Science,A
9925.0,History,F
9925.0,English,B
9925.0,Physical Education,D
9926.0,Math,D
9926.0,Science,F
9926.0,History,C
9926.0,English,C
9926.0,Physical Education,C
9927.0,Math,C
9927.0,Science,B
9927.0,History,F
9927.0,English,B
9927.0,Physical Education,D
9928.0,Math,D
9928.0,Science,C
9928.0,History,F
9928.0,English,A
9928.0,Physical Education,D
9929.0,Math,B
9929.0,Science,D
9929.0,History,A
9929.0,English,D
9929.0,Physical Education,A
9930.0,Math,C
9930.0,Science,D
9930.0,History,B
9930.0,English,A
9930.0,Physical Education,B
9931.0,Math,A
9931.0,Science,A
9931.0,History,A
9931.0,English,B
9931.0,Physical Education,D
9932.0,Math,C
9932.0,Science,F
9932.0,History,B
9932.0,English,B
9932.0,Physical Education,A
9933.0,Math,F
9933.0,Science,A
9933.0,History,D
9933.0,English,B
9933.0,Physical Education,C
9934.0,Math,C
9934.0,Science,A
9934.0,History,B
9934.0,English,A
9934.0,Physical Education,B
9935.0,Math,C
9935.0,Science,B
9935.0,History,C
9935.0,English,F
9935.0,Physical Education,D
9936.0,Math,A
9936.0,Science,C
9936.0,History,F
9936.0,English,C
9936.0,Physical Education,C
9937.0,Math,C
9937.0,Science,B
9937.0,History,A
9937.0,English,B
9937.0,Physical Education,D
9938.0,Math,B
9938.0,Science,F
9938.0,History,C
9938.0,English,C
9938.0,Physical Education,B
9939.0,Math,F
9939.0,Science,C
9939.0,History,B
9939.0,English,A
9939.0,Physical Education,F
9940.0,Math,C
9940.0,Science,C
9940.0,History,D
9940.0,English,F
9940.0,Physical Education,C
9941.0,Math,D
9941.0,Science,F
9941.0,History,D
9941.0,English,F
9941.0,Physical Education,B
9942.0,Math,D
9942.0,Science,D
9942.0,History,D
9942.0,English,F
9942.0,Physical Education,C
9943.0,Math,C
9943.0,Science,C
9943.0,History,A
9943.0,English,A
9943.0,Physical Education,C
9944.0,Math,F
9944.0,Science,B
9944.0,History,A
9944.0,English,B
9944.0,Physical Education,A
9945.0,Math,C
9945.0,Science,C
9945.0,History,B
9945.0,English,C
9945.0,Physical Education,B
9946.0,Math,B
9946.0,Science,A
9946.0,History,F
9946.0,English,C
9946.0,Physical Education,F
9947.0,Math,B
9947.0,Science,B
9947.0,History,B
9947.0,English,B
9947.0,Physical Education,C
9948.0,Math,F
9948.0,Science,F
9948.0,History,C
9948.0,English,A
9948.0,Physical Education,C
9949.0,Math,B
9949.0,Science,B
9949.0,History,D
9949.0,English,B
9949.0,Physical Education,C
9950.0,Math,F
9950.0,Science,B
9950.0,History,C
9950.0,English,C
9950.0,Physical Education,D
9951.0,Math,D
9951.0,Science,A
9951.0,History,C
9951.0,English,D
9951.0,Physical Education,F
9952.0,Math,F
9952.0,Science,B
9952.0,History,D
9952.0,English,A
9952.0,Physical Education,F
9953.0,Math,C
9953.0,Science,D
9953.0,History,C
9953.0,English,F
9953.0,Physical Education,F
9954.0,Math,B
9954.0,Science,A
9954.0,History,F
9954.0,English,A
9954.0,Physical Education,C
9955.0,Math,F
9955.0,Science,D
9955.0,History,D
9955.0,English,D
9955.0,Physical Education,D
9956.0,Math,A
9956.0,Science,D
9956.0,History,A
9956.0,English,D
9956.0,Physical Education,A
9957.0,Math,D
9957.0,Science,B
9957.0,History,C
9957.0,English,A
9957.0,Physical Education,C
9958.0,Math,A
9958.0,Science,B
9958.0,History,D
9958.0,English,D
9958.0,Physical Education,D
9959.0,Math,B
9959.0,Science,D
9959.0,History,D
9959.0,English,D
9959.0,Physical Education,A
9960.0,Math,C
9960.0,Science,F
9960.0,History,D
9960.0,English,F
9960.0,Physical Education,B
9961.0,Math,F
9961.0,Science,A
9961.0,History,C
9961.0,English,C
9961.0,Physical Education,F
9962.0,Math,B
9962.0,Science,C
9962.0,History,D
9962.0,English,F
9962.0,Physical Education,B
9963.0,Math,C
9963.0,Science,D
9963.0,History,D
9963.0,English,B
9963.0,Physical Education,A
9964.0,Math,A
9964.0,Science,C
9964.0,History,D
9964.0,English,D
9964.0,Physical Education,B
9965.0,Math,B
9965.0,Science,A
9965.0,History,F
9965.0,English,D
9965.0,Physical Education,C
9966.0,Math,C
9966.0,Science,C
9966.0,History,D
9966.0,English,A
9966.0,Physical Education,A
9967.0,Math,D
9967.0,Science,F
9967.0,History,B
9967.0,English,C
9967.0,Physical Education,F
9968.0,Math,B
9968.0,Science,C
9968.0,History,F
9968.0,English,C
9968.0,Physical Education,B
9969.0,Math,B
9969.0,Science,F
9969.0,History,B
9969.0,English,C
9969.0,Physical Education,C
9970.0,Math,C
9970.0,Science,C
9970.0,History,D
9970.0,English,F
9970.0,Physical Education,D
9971.0,Math,B
9971.0,Science,A
9971.0,History,A
9971.0,English,D
9971.0,Physical Education,C
9972.0,Math,D
9972.0,Science,B
9972.0,History,F
9972.0,English,F
9972.0,Physical Education,F
9973.0,Math,A
9973.0,Science,D
9973.0,History,B
9973.0,English,C
9973.0,Physical Education,B
9974.0,Math,D
9974.0,Science,F
9974.0,History,A
9974.0,English,D
9974.0,Physical Education,D
9975.0,Math,B
9975.0,Science,B
9975.0,History,F
9975.0,English,D
9975.0,Physical Education,C
9976.0,Math,A
9976.0,Science,A
9976.0,History,A
9976.0,English,F
9976.0,Physical Education,D
9977.0,Math,F
9977.0,Science,A
9977.0,History,B
9977.0,English,C
9977.0,Physical Education,C
9978.0,Math,B
9978.0,Science,F
9978.0,History,D
9978.0,English,B
9978.0,Physical Education,B
9979.0,Math,A
9979.0,Science,B
9979.0,History,D
9979.0,English,C
9979.0,Physical Education,C
9980.0,Math,F
9980.0,Science,B
9980.0,History,A
9980.0,English,F
9980.0,Physical Education,A
9981.0,Math,A
9981.0,Science,D
9981.0,History,B
9981.0,English,F
9981.0,Physical Education,A
9982.0,Math,A
9982.0,Science,B
9982.0,History,A
9982.0,English,D
9982.0,Physical Education,A
9983.0,Math,B
9983.0,Science,A
9983.0,History,C
9983.0,English,C
9983.0,Physical Education,D
9984.0,Math,C
9984.0,Science,D
9984.0,History,F
9984.0,English,C
9984.0,Physical Education,C
9985.0,Math,D
9985.0,Science,A
9985.0,History,C
9985.0,English,D
9985.0,Physical Education,B
9986.0,Math,C
9986.0,Science,B
9986.0,History,A
9986.0,English,B
9986.0,Physical Education,F
9987.0,Math,A
9987.0,Science,A
9987.0,History,C
9987.0,English,C
9987.0,Physical Education,D
9988.0,Math,A
9988.0,Science,A
9988.0,History,F
9988.0,English,A
9988.0,Physical Education,F
9989.0,Math,C
9989.0,Science,D
9989.0,History,B
9989.0,English,C
9989.0,Physical Education,F
9990.0,Math,F
9990.0,Science,D
9990.0,History,B
9990.0,English,C
9990.0,Physical Education,D
9991.0,Math,A
9991.0,Science,B
9991.0,History,A
9991.0,English,F
9991.0,Physical Education,F
9992.0,Math,F
9992.0,Science,D
9992.0,History,A
9992.0,English,C
9992.0,Physical Education,A
9993.0,Math,F
9993.0,Science,C
9993.0,History,F
9993.0,English,F
9993.0,Physical Education,F
9994.0,Math,C
9994.0,Science,D
9994.0,History,C
9994.0,English,B
9994.0,Physical Education,A
9995.0,Math,D
9995.0,Science,B
9995.0,History,C
9995.0,English,A
9995.0,Physical Education,A
9996.0,Math,C
9996.0,Science,D
9996.0,History,A
9996.0,English,A
9996.0,Physical Education,B
9997.0,Math,B
9997.0,Science,D
9997.0,History,C
9997.0,English,A
9997.0,Physical Education,D
9998.0,Math,C
9998.0,Science,B
9998.0,History,D
9998.0,English,F
9998.0,Physical Education,A
9999.0,Math,F
9999.0,Science,D
9999.0,History,C
9999.0,English,D
9999.0,Physical Education,D
10000.0,Math,D
10000.0,Science,F
10000.0,History,B
10000.0,English,F
10000.0,Physical Education,F
